product_name,filename,folder,category_path,product_url,image_url
Bread,Bread.jpg,crisp_on_creek_images,/category/bakery,https://crisponcreek.com.au/lines/bread-1,https://dtgxwmigmg3gc.cloudfront.net/assets/no_image-2b66f888b650d4eb5136f9481a1bdba1f2c918331eba4030b603d2b62792e499.png
Gb Multigrain,Gb_Multigrain.jpg,crisp_on_creek_images,/category/bakery,https://crisponcreek.com.au/lines/gb-multigrain-750g,https://dtgxwmigmg3gc.cloudfront.net/assets/no_image-2b66f888b650d4eb5136f9481a1bdba1f2c918331eba4030b603d2b62792e499.png
German B'house Pumpkin Seed S'dough,German_B'house_Pumpkin_Seed_S'dough.jpg,crisp_on_creek_images,/category/bakery,https://crisponcreek.com.au/lines/german-b-house-pumpkin-seed-s-dough,https://dtgxwmigmg3gc.cloudfront.net/assets/no_image-2b66f888b650d4eb5136f9481a1bdba1f2c918331eba4030b603d2b62792e499.png
German Bakehouse Fruit Loaf,German_Bakehouse_Fruit_Loaf.jpg,crisp_on_creek_images,/category/bakery,https://crisponcreek.com.au/lines/german-bakehouse-fruit-loaf-750g,https://dtgxwmigmg3gc.cloudfront.net/assets/no_image-2b66f888b650d4eb5136f9481a1bdba1f2c918331eba4030b603d2b62792e499.png
German Bakehouse Sourdough,German_Bakehouse_Sourdough.jpg,crisp_on_creek_images,/category/bakery,https://crisponcreek.com.au/lines/german-bakehouse-sourdough-700g,https://dtgxwmigmg3gc.cloudfront.net/assets/no_image-2b66f888b650d4eb5136f9481a1bdba1f2c918331eba4030b603d2b62792e499.png
German Swiss Loaf,German_Swiss_Loaf.jpg,crisp_on_creek_images,/category/bakery,https://crisponcreek.com.au/lines/german-swiss-loaf,https://dtgxwmigmg3gc.cloudfront.net/assets/no_image-2b66f888b650d4eb5136f9481a1bdba1f2c918331eba4030b603d2b62792e499.png
Goldcoast Bakery White Bread,Goldcoast_Bakery_White_Bread.jpg,crisp_on_creek_images,/category/bakery,https://crisponcreek.com.au/lines/gb-white-bread-750g,https://dtgxwmigmg3gc.cloudfront.net/imagery/assets/derivations/icon/256/256/true/eyJpZCI6ImM5MzlkMmZmYTc0ZTMwZTZlZTFmNGQzY2UxMjNlYjdlLmpwZyIsInN0b3JhZ2UiOiJwdWJsaWNfc3RvcmUifQ?signature=a10902cc1fb75dd1d5d3d76dafe1c6f466e2d7dce916cd976ab7a459737bf5da
Goldcoast Bakery Wholemeal Bread,Goldcoast_Bakery_Wholemeal_Bread.jpg,crisp_on_creek_images,/category/bakery,https://crisponcreek.com.au/lines/gb-wholemeal-750g,https://dtgxwmigmg3gc.cloudfront.net/imagery/assets/derivations/icon/256/256/true/eyJpZCI6ImQ0NjNhMjMzMThiNzViMjhjYTY2ZjAzYjU0ZmZkYmU1LmpwZyIsInN0b3JhZ2UiOiJwdWJsaWNfc3RvcmUifQ?signature=79d653e57108c6dcb10e098d13a9503ff0c8cc69e403807aa7327bacfe07a500
Hamid Bakery Bread,Hamid_Bakery_Bread.jpg,crisp_on_creek_images,/category/bakery,https://crisponcreek.com.au/lines/hamid-bakery-bread,https://dtgxwmigmg3gc.cloudfront.net/assets/no_image-2b66f888b650d4eb5136f9481a1bdba1f2c918331eba4030b603d2b62792e499.png
Hamid Bakery Bread 2pk,Hamid_Bakery_Bread_2pk.jpg,crisp_on_creek_images,/category/bakery,https://crisponcreek.com.au/lines/hamid-bakery-bread-2pk,https://dtgxwmigmg3gc.cloudfront.net/assets/no_image-2b66f888b650d4eb5136f9481a1bdba1f2c918331eba4030b603d2b62792e499.png
Multi Grain Sourdough,Multi_Grain_Sourdough.jpg,crisp_on_creek_images,/category/bakery,https://crisponcreek.com.au/lines/german-b-house-m-grain-s-dough,https://dtgxwmigmg3gc.cloudfront.net/imagery/assets/derivations/icon/256/256/true/eyJpZCI6IjRjMmQyM2YxNDUwMmY2NTMwMjcxNTcwM2NlZjE2MTY5Iiwic3RvcmFnZSI6InB1YmxpY19zdG9yZSJ9?signature=20ac5d6926a33dd633fe475867c15d7a6a00fc2a8aa677e2a7a4a3f6107818f7
Sunflower Sourdough,Sunflower_Sourdough.jpg,crisp_on_creek_images,/category/bakery,https://crisponcreek.com.au/lines/german-bakehouse-sunflower-s-d,https://dtgxwmigmg3gc.cloudfront.net/imagery/assets/derivations/icon/256/256/true/eyJpZCI6IjRmMjNlOWE3ZjliOGRhZmI1N2VjOWU5ZDAyNDFmMzk2Iiwic3RvcmFnZSI6InB1YmxpY19zdG9yZSJ9?signature=63b3e79f8e23a3577ce3a0531c4ddfdc0fdd34bf4281ad513f4c82f9ae0e24ae
Tortilla Wraps,Tortilla_Wraps.jpg,crisp_on_creek_images,/category/bakery,https://crisponcreek.com.au/lines/tortilla-wraps-6-x-420g,https://dtgxwmigmg3gc.cloudfront.net/assets/no_image-2b66f888b650d4eb5136f9481a1bdba1f2c918331eba4030b603d2b62792e499.png
Barbell Air Dried Steak,Barbell_Air_Dried_Steak.jpg,crisp_on_creek_images,/category/meat,https://crisponcreek.com.au/lines/air-dried-steak-70g-2,https://dtgxwmigmg3gc.cloudfront.net/imagery/assets/derivations/icon/256/256/true/eyJpZCI6ImFmODAyNjU3ODk3OWQ0Njk1NzQwM2E5NGI5YjY3YzgzLmpwZWciLCJzdG9yYWdlIjoicHVibGljX3N0b3JlIn0?signature=a3a3bad43a8ddfb20734eed59b539fa8d5b0fd9a9f315a6445b7ac3ebd392d85
Barbell Chilli Air Dried Steak,Barbell_Chilli_Air_Dried_Steak.jpg,crisp_on_creek_images,/category/meat,https://crisponcreek.com.au/lines/air-dried-steak-70g,https://dtgxwmigmg3gc.cloudfront.net/imagery/assets/derivations/icon/256/256/true/eyJpZCI6IjYyNTc4MmNlNjQ5YmY4YWJkMGRhZmVhYjEwYTk0ZGZiLmpwZWciLCJzdG9yYWdlIjoicHVibGljX3N0b3JlIn0?signature=13db12cbe531693d58c0976afa79d5aefcd815d15c864cd72ddebbbdc98c2a5d
Barbell Sea Salt Biltong,Barbell_Sea_Salt_Biltong.jpg,crisp_on_creek_images,/category/meat,https://crisponcreek.com.au/lines/air-dried-steak-70g-1,https://dtgxwmigmg3gc.cloudfront.net/imagery/assets/derivations/icon/256/256/true/eyJpZCI6IjY3OGYzNmNmMDViNmYxYWJiOThjZWM4MDBlNjc5NTY4Iiwic3RvcmFnZSI6InB1YmxpY19zdG9yZSJ9?signature=b45c93e7eab99b6272b59f951101d85de29fff794f4c3a4290ed8f74b8e8a4a9
Baba Ganoush,Baba_Ganoush.jpg,crisp_on_creek_deli_images,/category/deli-seafood,https://crisponcreek.com.au/lines/baba-ganoush,https://dtgxwmigmg3gc.cloudfront.net/assets/no_image-2b66f888b650d4eb5136f9481a1bdba1f2c918331eba4030b603d2b62792e499.png
Barbell Classic Air Dried Steak,Barbell_Classic_Air_Dried_Steak.jpg,crisp_on_creek_deli_images,/category/deli-seafood,https://crisponcreek.com.au/lines/air-dried-stake-200g,https://dtgxwmigmg3gc.cloudfront.net/imagery/assets/derivations/icon/256/256/true/eyJpZCI6IjJkMjM2M2QwYWEwNGE0YjBjODU2ZWRhMGE4NmYyYWFhLmpwZyIsInN0b3JhZ2UiOiJwdWJsaWNfc3RvcmUifQ?signature=7be5f55f556c3c25890817111e0688ae6bc51b66988fd76d843acce68fc059f5
Capriccio Anchovy Filllets,Capriccio_Anchovy_Filllets.jpg,crisp_on_creek_deli_images,/category/deli-seafood,https://crisponcreek.com.au/lines/capriccio-anchovy-filllets-90g,https://dtgxwmigmg3gc.cloudfront.net/imagery/assets/derivations/icon/256/256/true/eyJpZCI6ImY5NTdiNWE1NTEwMTEyNDQwZjgyMmJlNGM3NGFhMDNkIiwic3RvcmFnZSI6InB1YmxpY19zdG9yZSJ9?signature=4e1aa15006493bfda5c8595885753dd3b447f435593ed7fd8f2e87a1155bcc8d
Casalingo Bresaola,Casalingo_Bresaola.jpg,crisp_on_creek_deli_images,/category/deli-seafood,https://crisponcreek.com.au/lines/casalingo-bresaola-100g,https://dtgxwmigmg3gc.cloudfront.net/assets/no_image-2b66f888b650d4eb5136f9481a1bdba1f2c918331eba4030b603d2b62792e499.png
Casalingo Calabrese Salami,Casalingo_Calabrese_Salami.jpg,crisp_on_creek_deli_images,/category/deli-seafood,https://crisponcreek.com.au/lines/casalingo-calabrese-salami-100g,https://dtgxwmigmg3gc.cloudfront.net/assets/no_image-2b66f888b650d4eb5136f9481a1bdba1f2c918331eba4030b603d2b62792e499.png
Casalingo Capocollo100g,Casalingo_Capocollo100g.jpg,crisp_on_creek_deli_images,/category/deli-seafood,https://crisponcreek.com.au/lines/casalingo-capocollo100g,https://dtgxwmigmg3gc.cloudfront.net/assets/no_image-2b66f888b650d4eb5136f9481a1bdba1f2c918331eba4030b603d2b62792e499.png
Casalingo Hungarian Salami,Casalingo_Hungarian_Salami.jpg,crisp_on_creek_deli_images,/category/deli-seafood,https://crisponcreek.com.au/lines/casalingo-hungarian-salami-100g,https://dtgxwmigmg3gc.cloudfront.net/assets/no_image-2b66f888b650d4eb5136f9481a1bdba1f2c918331eba4030b603d2b62792e499.png
Casalingo Prosciutto,Casalingo_Prosciutto.jpg,crisp_on_creek_deli_images,/category/deli-seafood,https://crisponcreek.com.au/lines/casalingo-hungarian-salami-100g-1,https://dtgxwmigmg3gc.cloudfront.net/imagery/assets/derivations/icon/256/256/true/eyJpZCI6IjEwNmQyNDVmNzc3ZDg1NjM1NTUxNzQxNmE2MDg5NDI1Iiwic3RvcmFnZSI6InB1YmxpY19zdG9yZSJ9?signature=dc003792cae04f30dea231b04de0f908fb86e615613b894c1c567958fa338b48
Casalingo Spanish Chorizo Cured,Casalingo_Spanish_Chorizo_Cured.jpg,crisp_on_creek_deli_images,/category/deli-seafood,https://crisponcreek.com.au/lines/chorizo-mild-175g,https://dtgxwmigmg3gc.cloudfront.net/imagery/assets/derivations/icon/256/256/true/eyJpZCI6IjRmMGE2NjRiYzM4MmUxNmU1ZGUwZDM4ZWRmZWUwYzg4Iiwic3RvcmFnZSI6InB1YmxpY19zdG9yZSJ9?signature=9f2510b8bc5779cb9125b6816e6a257fdfde5bf8b7a8c31b51f451896b971db3
Dutch Gouda Cheese,Dutch_Gouda_Cheese.jpg,crisp_on_creek_deli_images,/category/deli-seafood,https://crisponcreek.com.au/lines/dutch-gouda-cheese,https://dtgxwmigmg3gc.cloudfront.net/assets/no_image-2b66f888b650d4eb5136f9481a1bdba1f2c918331eba4030b603d2b62792e499.png
Dutch Smoked Cheese,Dutch_Smoked_Cheese.jpg,crisp_on_creek_deli_images,/category/deli-seafood,https://crisponcreek.com.au/lines/dutch-smoked-cheese,https://dtgxwmigmg3gc.cloudfront.net/assets/no_image-2b66f888b650d4eb5136f9481a1bdba1f2c918331eba4030b603d2b62792e499.png
Dutch Spiced Gouda Cheese,Dutch_Spiced_Gouda_Cheese.jpg,crisp_on_creek_deli_images,/category/deli-seafood,https://crisponcreek.com.au/lines/dutch-spiced-gouda-cheese,https://dtgxwmigmg3gc.cloudfront.net/assets/no_image-2b66f888b650d4eb5136f9481a1bdba1f2c918331eba4030b603d2b62792e499.png
Gotzinger American Bacon Rindless,Gotzinger_American_Bacon_Rindless.jpg,crisp_on_creek_deli_images,/category/deli-seafood,https://crisponcreek.com.au/lines/gotzinger-american-bacon-400g,https://dtgxwmigmg3gc.cloudfront.net/imagery/assets/derivations/icon/256/256/true/eyJpZCI6IjRkNTZmNTgzN2FiMDVhYmFjMGI4NGNlOWE4Zjk5YzQ3Iiwic3RvcmFnZSI6InB1YmxpY19zdG9yZSJ9?signature=7edef799fd3364b59dd50e2465d847f84a8ccac078f81db48066481ae8828007
Gotzinger Berliner Fleischwurst,Gotzinger_Berliner_Fleischwurst.jpg,crisp_on_creek_deli_images,/category/deli-seafood,https://crisponcreek.com.au/lines/gotzinger-berliner-gf-500g,https://dtgxwmigmg3gc.cloudfront.net/imagery/assets/derivations/icon/256/256/true/eyJpZCI6IjM4YTI1NWQwYTc1NjgyODFjNDVhNGYyYjk2NjY5NjVhIiwic3RvcmFnZSI6InB1YmxpY19zdG9yZSJ9?signature=886009d45011812d71bb93492521cad2983ff83b20604c5ba0972e5994fff68b
Gotzinger Maple Bacon,Gotzinger_Maple_Bacon.jpg,crisp_on_creek_deli_images,/category/deli-seafood,https://crisponcreek.com.au/lines/gotzinger-maple-bacon-400g,https://dtgxwmigmg3gc.cloudfront.net/assets/no_image-2b66f888b650d4eb5136f9481a1bdba1f2c918331eba4030b603d2b62792e499.png
Götzinger Kranksy,Götzinger_Kranksy.jpg,crisp_on_creek_deli_images,/category/deli-seafood,https://crisponcreek.com.au/lines/gotzinger-kransky-400g,https://dtgxwmigmg3gc.cloudfront.net/imagery/assets/derivations/icon/256/256/true/eyJpZCI6ImYzMzNhODQzOWIxNmViMGU0MDEwY2M5YjU2ODc2MDg5Iiwic3RvcmFnZSI6InB1YmxpY19zdG9yZSJ9?signature=b85ade0a325a5eb316cba4a186d488b4c2f3aeb430d071d53f670d6479e11257
Götzinger New Yorker Hot Dogs,Götzinger_New_Yorker_Hot_Dogs.jpg,crisp_on_creek_deli_images,/category/deli-seafood,https://crisponcreek.com.au/lines/gotzinger-ny-hot-dogs,https://dtgxwmigmg3gc.cloudfront.net/imagery/assets/derivations/icon/256/256/true/eyJpZCI6ImM5Yzc3MzZjOWIyN2RjMjYxMjQyMWFmMjE5NjhhMDYwIiwic3RvcmFnZSI6InB1YmxpY19zdG9yZSJ9?signature=9024cd8e94d7bcc23ea24fc93e80d4f0cfe87d70f41b4ebd9766eb5ad4d7be82
Inseason Marinated Danish Fetta,Inseason_Marinated_Danish_Fetta.jpg,crisp_on_creek_deli_images,/category/deli-seafood,https://crisponcreek.com.au/lines/inseason-marinated-danish-fetta,https://dtgxwmigmg3gc.cloudfront.net/assets/no_image-2b66f888b650d4eb5136f9481a1bdba1f2c918331eba4030b603d2b62792e499.png
Medjool Date Rolls,Medjool_Date_Rolls.jpg,crisp_on_creek_deli_images,/category/deli-seafood,https://crisponcreek.com.au/lines/medjool-date-rolls-227g,https://dtgxwmigmg3gc.cloudfront.net/assets/no_image-2b66f888b650d4eb5136f9481a1bdba1f2c918331eba4030b603d2b62792e499.png
Millel Shaved Parmesan Kg,Millel_Shaved_Parmesan_Kg.jpg,crisp_on_creek_deli_images,/category/deli-seafood,https://crisponcreek.com.au/lines/millel-shaved-parmesan-kg,https://dtgxwmigmg3gc.cloudfront.net/assets/no_image-2b66f888b650d4eb5136f9481a1bdba1f2c918331eba4030b603d2b62792e499.png
Norco Cream Pure,Norco_Cream_Pure.jpg,crisp_on_creek_deli_images,/category/deli-seafood,https://crisponcreek.com.au/lines/norco-pure-cream-600ml,https://dtgxwmigmg3gc.cloudfront.net/imagery/assets/derivations/icon/256/256/true/eyJpZCI6IjJmMTU0NGFiNjVhZTkzNTcxNGVmMWU0YjNhNWRiOGU5Iiwic3RvcmFnZSI6InB1YmxpY19zdG9yZSJ9?signature=fc6ee05080117425476d4ff1d427bb6872ea79ad4bf644fe3d998f7b5ea53c19
Norco Custard Vanilla,Norco_Custard_Vanilla.jpg,crisp_on_creek_deli_images,/category/deli-seafood,https://crisponcreek.com.au/lines/norco-custard-600g,https://dtgxwmigmg3gc.cloudfront.net/imagery/assets/derivations/icon/256/256/true/eyJpZCI6IjU2NDA3YjQ2NDlkMDJlMTUxZjczN2M0NWMyOThlMTE3Iiwic3RvcmFnZSI6InB1YmxpY19zdG9yZSJ9?signature=368de96908f4cdf84039948ccb661097255b5806bc0fac89018465bd86d72f72
Norco Salted Butter,Norco_Salted_Butter.jpg,crisp_on_creek_deli_images,/category/deli-seafood,https://crisponcreek.com.au/lines/butter-norco-250g,https://dtgxwmigmg3gc.cloudfront.net/imagery/assets/derivations/icon/256/256/true/eyJpZCI6IjllNzZhYWJmYjE5NjMxZmY3ZDg2MTk1NjA4YmQyZGFlIiwic3RvcmFnZSI6InB1YmxpY19zdG9yZSJ9?signature=1317d2ec63cf0f0dd99d558c36278e1a874990f5c2e1f7c5bb9c1d268477621f
Norco Sour Cream Tub,Norco_Sour_Cream_Tub.jpg,crisp_on_creek_deli_images,/category/deli-seafood,https://crisponcreek.com.au/lines/norco-sour-cream-250g,https://dtgxwmigmg3gc.cloudfront.net/imagery/assets/derivations/icon/256/256/true/eyJpZCI6ImQxYTRhNzA4MDk5ZmMxZDVmMWI4Njg2ODQ1N2M0Nzc3Iiwic3RvcmFnZSI6InB1YmxpY19zdG9yZSJ9?signature=fa83ea03133ab44432ee8f9e7ff3fe5878efb1d68e793a4fa61fb03ad44a3de9
Norco Tasty Cheddar Shredded,Norco_Tasty_Cheddar_Shredded.jpg,crisp_on_creek_deli_images,/category/deli-seafood,https://crisponcreek.com.au/lines/cheese-tasty-shred-500g,https://dtgxwmigmg3gc.cloudfront.net/imagery/assets/derivations/icon/256/256/true/eyJpZCI6ImQ1NGExNDhhYWUwMzBlOGEyYTQxM2Q4MTY5ZDk5NGEyIiwic3RvcmFnZSI6InB1YmxpY19zdG9yZSJ9?signature=6c96dd318cf3e658fd637a2ffe45c28512743e970b2b9b7c69731ae0d5021019
Norco Thickened Cream,Norco_Thickened_Cream.jpg,crisp_on_creek_deli_images,/category/deli-seafood,https://crisponcreek.com.au/lines/norco-thickned-cream-600ml,https://dtgxwmigmg3gc.cloudfront.net/imagery/assets/derivations/icon/256/256/true/eyJpZCI6IjUxYTY5ZDQ0NGJmMmEzMmExZTA0OGYwNGM3ZmVkOGZmIiwic3RvcmFnZSI6InB1YmxpY19zdG9yZSJ9?signature=f60513004b750eb5600d91fdd4fa7c9b69632466a6caa3d6ad87838bff11635c
Norco Unsalted Butter,Norco_Unsalted_Butter.jpg,crisp_on_creek_deli_images,/category/deli-seafood,https://crisponcreek.com.au/lines/butter-norco-unsalt-250g,https://dtgxwmigmg3gc.cloudfront.net/imagery/assets/derivations/icon/256/256/true/eyJpZCI6IjI5NDBkYmNhYjU2OTYzZTY4MzJhMDM1ZmQ5ZjNhNGYzIiwic3RvcmFnZSI6InB1YmxpY19zdG9yZSJ9?signature=102ad9d9382de5ef07ae6f144727d91ec4da54249cc6693be6c85f859c75cf43
Olive Organic,Olive_Organic.jpg,crisp_on_creek_deli_images,/category/deli-seafood,https://crisponcreek.com.au/lines/olive-organic,https://dtgxwmigmg3gc.cloudfront.net/assets/no_image-2b66f888b650d4eb5136f9481a1bdba1f2c918331eba4030b603d2b62792e499.png
Raybek Antipasto Mix,Raybek_Antipasto_Mix.jpg,crisp_on_creek_deli_images,/category/deli-seafood,https://crisponcreek.com.au/lines/raybek-antipasto-mix-250g,https://dtgxwmigmg3gc.cloudfront.net/assets/no_image-2b66f888b650d4eb5136f9481a1bdba1f2c918331eba4030b603d2b62792e499.png
Raybek Bell Peppers With Fetta,Raybek_Bell_Peppers_With_Fetta.jpg,crisp_on_creek_deli_images,/category/deli-seafood,https://crisponcreek.com.au/lines/raybek-bell-peppers-with-fetta,https://dtgxwmigmg3gc.cloudfront.net/assets/no_image-2b66f888b650d4eb5136f9481a1bdba1f2c918331eba4030b603d2b62792e499.png
Raybek Dip Bruschetta,Raybek_Dip_Bruschetta.jpg,crisp_on_creek_deli_images,/category/deli-seafood,https://crisponcreek.com.au/lines/raybek-dip-bruschetta,https://dtgxwmigmg3gc.cloudfront.net/assets/no_image-2b66f888b650d4eb5136f9481a1bdba1f2c918331eba4030b603d2b62792e499.png
Raybek Dip French Onion,Raybek_Dip_French_Onion.jpg,crisp_on_creek_deli_images,/category/deli-seafood,https://crisponcreek.com.au/lines/raybek-dip-french-onion-180g,https://dtgxwmigmg3gc.cloudfront.net/assets/no_image-2b66f888b650d4eb5136f9481a1bdba1f2c918331eba4030b603d2b62792e499.png
Raybek Dip Taramosalata,Raybek_Dip_Taramosalata.jpg,crisp_on_creek_deli_images,/category/deli-seafood,https://crisponcreek.com.au/lines/raybek-dip-taramosalata-180g,https://dtgxwmigmg3gc.cloudfront.net/assets/no_image-2b66f888b650d4eb5136f9481a1bdba1f2c918331eba4030b603d2b62792e499.png
Raybek Dip Tzatziki,Raybek_Dip_Tzatziki.jpg,crisp_on_creek_deli_images,/category/deli-seafood,https://crisponcreek.com.au/lines/raybek-dip-tzatziki,https://dtgxwmigmg3gc.cloudfront.net/assets/no_image-2b66f888b650d4eb5136f9481a1bdba1f2c918331eba4030b603d2b62792e499.png
Raybek Feta Persian Clas,Raybek_Feta_Persian_Clas.jpg,crisp_on_creek_deli_images,/category/deli-seafood,https://crisponcreek.com.au/lines/raybek-feta-persian-clas-250g,https://dtgxwmigmg3gc.cloudfront.net/assets/no_image-2b66f888b650d4eb5136f9481a1bdba1f2c918331eba4030b603d2b62792e499.png
Raybek Hommus,Raybek_Hommus.jpg,crisp_on_creek_deli_images,/category/deli-seafood,https://crisponcreek.com.au/lines/raybek-hommus,https://dtgxwmigmg3gc.cloudfront.net/assets/no_image-2b66f888b650d4eb5136f9481a1bdba1f2c918331eba4030b603d2b62792e499.png
Raybek Mixeds Marinated Olives,Raybek_Mixeds_Marinated_Olives.jpg,crisp_on_creek_deli_images,/category/deli-seafood,https://crisponcreek.com.au/lines/raybek-mixeds-marinated-olives,https://dtgxwmigmg3gc.cloudfront.net/assets/no_image-2b66f888b650d4eb5136f9481a1bdba1f2c918331eba4030b603d2b62792e499.png
Raybek Olive Tapenade,Raybek_Olive_Tapenade.jpg,crisp_on_creek_deli_images,/category/deli-seafood,https://crisponcreek.com.au/lines/raybek-olive-tapenade,https://dtgxwmigmg3gc.cloudfront.net/assets/no_image-2b66f888b650d4eb5136f9481a1bdba1f2c918331eba4030b603d2b62792e499.png
Raybek Olives Green Lemon Gar,Raybek_Olives_Green_Lemon_Gar.jpg,crisp_on_creek_deli_images,/category/deli-seafood,https://crisponcreek.com.au/lines/raybek-olives-green-lemon-gar,https://dtgxwmigmg3gc.cloudfront.net/assets/no_image-2b66f888b650d4eb5136f9481a1bdba1f2c918331eba4030b603d2b62792e499.png
Raybek Olives Green With Fetta,Raybek_Olives_Green_With_Fetta.jpg,crisp_on_creek_deli_images,/category/deli-seafood,https://crisponcreek.com.au/lines/raybek-olives-green-with-fetta,https://dtgxwmigmg3gc.cloudfront.net/assets/no_image-2b66f888b650d4eb5136f9481a1bdba1f2c918331eba4030b603d2b62792e499.png
Raybek Persian Fetta Kal.,Raybek_Persian_Fetta_Kal..jpg,crisp_on_creek_deli_images,/category/deli-seafood,https://crisponcreek.com.au/lines/raybek-persian-fetta-kal-250g,https://dtgxwmigmg3gc.cloudfront.net/assets/no_image-2b66f888b650d4eb5136f9481a1bdba1f2c918331eba4030b603d2b62792e499.png
Raybek Pesto Basil Prem,Raybek_Pesto_Basil_Prem.jpg,crisp_on_creek_deli_images,/category/deli-seafood,https://crisponcreek.com.au/lines/raybek-pesto-basil-prem-180g,https://dtgxwmigmg3gc.cloudfront.net/assets/no_image-2b66f888b650d4eb5136f9481a1bdba1f2c918331eba4030b603d2b62792e499.png
Raybek Pesto Beet & Feta,Raybek_Pesto_Beet_&_Feta.jpg,crisp_on_creek_deli_images,/category/deli-seafood,https://crisponcreek.com.au/lines/raybek-pesto-beet-feta-180g,https://dtgxwmigmg3gc.cloudfront.net/assets/no_image-2b66f888b650d4eb5136f9481a1bdba1f2c918331eba4030b603d2b62792e499.png
Raybek Semi Dried Tom,Raybek_Semi_Dried_Tom.jpg,crisp_on_creek_deli_images,/category/deli-seafood,https://crisponcreek.com.au/lines/raybek-semi-dried-tom,https://dtgxwmigmg3gc.cloudfront.net/assets/no_image-2b66f888b650d4eb5136f9481a1bdba1f2c918331eba4030b603d2b62792e499.png
Raybek Smk Mushroom Dip,Raybek_Smk_Mushroom_Dip.jpg,crisp_on_creek_deli_images,/category/deli-seafood,https://crisponcreek.com.au/lines/raybek-smk-mushroom-dip,https://dtgxwmigmg3gc.cloudfront.net/assets/no_image-2b66f888b650d4eb5136f9481a1bdba1f2c918331eba4030b603d2b62792e499.png
Raybek Spring Onion Dip,Raybek_Spring_Onion_Dip.jpg,crisp_on_creek_deli_images,/category/deli-seafood,https://crisponcreek.com.au/lines/raybek-spring-onion-dip-180g,https://dtgxwmigmg3gc.cloudfront.net/assets/no_image-2b66f888b650d4eb5136f9481a1bdba1f2c918331eba4030b603d2b62792e499.png
Rodopa Fetta Bulgarian Goats1kg,Rodopa_Fetta_Bulgarian_Goats1kg.jpg,crisp_on_creek_deli_images,/category/deli-seafood,https://crisponcreek.com.au/lines/rodopa-fetta-bulgarian-goats1kg,https://dtgxwmigmg3gc.cloudfront.net/assets/no_image-2b66f888b650d4eb5136f9481a1bdba1f2c918331eba4030b603d2b62792e499.png
Roza's Gourmet Basil Pesto,Roza's_Gourmet_Basil_Pesto.jpg,crisp_on_creek_deli_images,/category/deli-seafood,https://crisponcreek.com.au/lines/roza-s-hemp-basil-pesto,https://dtgxwmigmg3gc.cloudfront.net/imagery/assets/derivations/icon/256/256/true/eyJpZCI6ImUxYzk0MGYwNmZjOTEwMjgyZTE0MzZlYzRmNjM3NDMzLnBuZzIwMjUwMzAzLTQ2NzYwNy0xcmVlZzZ0Iiwic3RvcmFnZSI6InB1YmxpY19zdG9yZSJ9?signature=65b27c7b87b17c47a6eeae58925005c08f4b2a2ddced2db678e4af538fbc3b5a
Rozas Pesto Dairy Free,Rozas_Pesto_Dairy_Free.jpg,crisp_on_creek_deli_images,/category/deli-seafood,https://crisponcreek.com.au/lines/rozas-pesto-dairy-free,https://dtgxwmigmg3gc.cloudfront.net/imagery/assets/derivations/icon/256/256/true/eyJpZCI6ImFlODVlNWYzYjI3NGNhYzI1MGExZDE0NDRjYjJkOTlhIiwic3RvcmFnZSI6InB1YmxpY19zdG9yZSJ9?signature=4623064c1ffe1475b59350c71dbd76af6f4183823cd2100cbfd62d470cae58f7
Sea Scallops,Sea_Scallops.jpg,crisp_on_creek_deli_images,/category/deli-seafood,https://crisponcreek.com.au/lines/sea-scallops-1kg,https://dtgxwmigmg3gc.cloudfront.net/assets/no_image-2b66f888b650d4eb5136f9481a1bdba1f2c918331eba4030b603d2b62792e499.png
Yakult Fermented Mlkdrink,Yakult_Fermented_Mlkdrink.jpg,crisp_on_creek_deli_images,/category/deli-seafood,https://crisponcreek.com.au/lines/yakult-5-pk,https://dtgxwmigmg3gc.cloudfront.net/imagery/assets/derivations/icon/256/256/true/eyJpZCI6Ijk3MGU4ODBlZWM2MjcyYzg2ZDljNjNlYWUzMWZmMDYxIiwic3RvcmFnZSI6InB1YmxpY19zdG9yZSJ9?signature=f263618356ffe351bb59d125ef8c53f37ead70aa5a02abed461d8cf1b7b57eda
A2 Milk® Full Cream,A2_Milk®_Full_Cream.jpg,crisp_on_creek_deli_images,/category/dairy-eggs,https://crisponcreek.com.au/lines/a2-milk-full-cream-2l,https://dtgxwmigmg3gc.cloudfront.net/imagery/assets/derivations/icon/256/256/true/eyJpZCI6IjEzZmYxZmM0YTA5NDkyNmU5ZTAzNWY4ZmJkZTMyYjkyIiwic3RvcmFnZSI6InB1YmxpY19zdG9yZSJ9?signature=05ddbd4c6fa6784186ca491978df84463fe31b99b312e8f6a5f3f20b88eec853
Big Boys Organic Eggs,Big_Boys_Organic_Eggs.jpg,crisp_on_creek_deli_images,/category/dairy-eggs,https://crisponcreek.com.au/lines/big-boy-eggs-org,https://dtgxwmigmg3gc.cloudfront.net/imagery/assets/derivations/icon/256/256/true/eyJpZCI6ImM4NzBkOTk2MDk4NjlhMTM0Mjc4MjA1MGU3NWU2NmM3LmpwZyIsInN0b3JhZ2UiOiJwdWJsaWNfc3RvcmUifQ?signature=8fc933879f96cf97d2c029e34a6e1543685cc77644578eaca59e784c81f74fad
Family Farm Full Cream Milk,Family_Farm_Full_Cream_Milk.jpg,crisp_on_creek_deli_images,/category/dairy-eggs,https://crisponcreek.com.au/lines/family-farm-full-cream-2l,https://dtgxwmigmg3gc.cloudfront.net/imagery/assets/derivations/icon/256/256/true/eyJpZCI6Ijg5YTA5YmVhZTE2NjUzMjQ0MWY5ODg0ZjQ3ZmUwMWMwIiwic3RvcmFnZSI6InB1YmxpY19zdG9yZSJ9?signature=7afd5691e3a88dfb91177615002ac61bfb0efc2a109a526750bea708c8f50d4e
Meredith Dairy Marinated Goat Cheese,Meredith_Dairy_Marinated_Goat_Cheese.jpg,crisp_on_creek_deli_images,/category/dairy-eggs,https://crisponcreek.com.au/lines/meredith-chs-goat-mar-320g,https://dtgxwmigmg3gc.cloudfront.net/imagery/assets/derivations/icon/256/256/true/eyJpZCI6ImNjYzE2MWM4ZGI2MmQ4NjU1ZWUwNzQ0YzBkMDIxNjc5Iiwic3RvcmFnZSI6InB1YmxpY19zdG9yZSJ9?signature=37e05ac964a51913a9f54cd295c6200354a7dad93c48b8bd4c85db82671241af
Norco Butter Spreadable,Norco_Butter_Spreadable.jpg,crisp_on_creek_deli_images,/category/dairy-eggs,https://crisponcreek.com.au/lines/supersoft-spreadable-250g,https://dtgxwmigmg3gc.cloudfront.net/imagery/assets/derivations/icon/256/256/true/eyJpZCI6IjdkODdjMzFmZTQ5NWEyODZlNGM2OWQzOTI0ZTQwZGZkLnBuZyIsInN0b3JhZ2UiOiJwdWJsaWNfc3RvcmUifQ?signature=fd136b4c1643bfc16d16f3f8c6c6b875676cc41e7d9f4daf01409175d6b768c5
Norco Capo Barista Milk,Norco_Capo_Barista_Milk.jpg,crisp_on_creek_deli_images,/category/dairy-eggs,https://crisponcreek.com.au/lines/norco-milk-capo-white-2l,https://dtgxwmigmg3gc.cloudfront.net/imagery/assets/derivations/icon/256/256/true/eyJpZCI6IjhiZmNjYmQ0MjQ1MzQ1NGVhNDhmMDQwY2Y1MDZjNmE2Iiwic3RvcmFnZSI6InB1YmxpY19zdG9yZSJ9?signature=e9aae6853792ea1760bbde8d529f039caf526689a84d53dd2361f509305e00e7
Norco Chocolate Flavoured Milk,Norco_Chocolate_Flavoured_Milk.jpg,crisp_on_creek_deli_images,/category/dairy-eggs,https://crisponcreek.com.au/lines/real-flv-mlk-icd-chc-ult-500ml,https://dtgxwmigmg3gc.cloudfront.net/imagery/assets/derivations/icon/256/256/true/eyJpZCI6IjE1OWZhOTdkNTY5MTE0ODE1YzE2MzJmYjU4YzZlZjE5Iiwic3RvcmFnZSI6InB1YmxpY19zdG9yZSJ9?signature=7837649d3dc8fbdc7fc050f4d536aa2864a3843cfe23d6fc537bc296440a8c03
Norco Double Shot Iced Coffee Flavoured Milk,Norco_Double_Shot_Iced_Coffee_Flavoured_Milk.jpg,crisp_on_creek_deli_images,/category/dairy-eggs,https://crisponcreek.com.au/lines/real-flv-mlk-icd-cof-dbl-500ml,https://dtgxwmigmg3gc.cloudfront.net/imagery/assets/derivations/icon/256/256/true/eyJpZCI6ImRiMmQ0ZjRmODI2MjI2OTE1Yzk3N2RlMzkyMDBiMTk0Iiwic3RvcmFnZSI6InB1YmxpY19zdG9yZSJ9?signature=64542029fad1748bfb170061510c0116ceb107ffd59ae96ef1a2566dea62d4ac
Norco Fresh Milk,Norco_Fresh_Milk.jpg,crisp_on_creek_deli_images,/category/dairy-eggs,https://crisponcreek.com.au/lines/norco-milk-full-cream-1l,https://dtgxwmigmg3gc.cloudfront.net/imagery/assets/derivations/icon/256/256/true/eyJpZCI6IjZjMGZkZjk5MDBhYzhlZTIzNjI2YzM0ZmU0YzZlOWI5Iiwic3RvcmFnZSI6InB1YmxpY19zdG9yZSJ9?signature=70f4ef95dfe187092f3cefd0c31c19bf767464f185c622e480df47f2b7b63f1d
Norco Full Cream Milk,Norco_Full_Cream_Milk.jpg,crisp_on_creek_deli_images,/category/dairy-eggs,https://crisponcreek.com.au/lines/norco-milk-full-cream-2l,https://dtgxwmigmg3gc.cloudfront.net/imagery/assets/derivations/icon/256/256/true/eyJpZCI6IjcxYWI4NmI4YzJmMzlmZjA4MjZkYTkyN2FjMzVmMjQ0Iiwic3RvcmFnZSI6InB1YmxpY19zdG9yZSJ9?signature=57370c18ec0960049b1d1e726f0b937077b91f529a82fad1c1fcadea93ed9d8c
Norco Iced Coffee Flavoured Milk,Norco_Iced_Coffee_Flavoured_Milk.jpg,crisp_on_creek_deli_images,/category/dairy-eggs,https://crisponcreek.com.au/lines/real-flv-mlk-icd-cof-org-500ml,https://dtgxwmigmg3gc.cloudfront.net/imagery/assets/derivations/icon/256/256/true/eyJpZCI6IjU0ODIyODRkNzI0ZDIzOTg2MmM0MmQ4NGI0NzNlMTFlIiwic3RvcmFnZSI6InB1YmxpY19zdG9yZSJ9?signature=8dfed6f9bd6e42dc7b6d0cab74ca216691d5d7230cc7ed2378d42530dd86d881
Norco Lactose Free Full Cream Milk,Norco_Lactose_Free_Full_Cream_Milk.jpg,crisp_on_creek_deli_images,/category/dairy-eggs,https://crisponcreek.com.au/lines/norco-milk-lact-fre-f-crm-2l,https://dtgxwmigmg3gc.cloudfront.net/imagery/assets/derivations/icon/256/256/true/eyJpZCI6ImZkMTcyMTBkNjAzNTU4MjVmNGRkODQyODg3MzNiMzAzIiwic3RvcmFnZSI6InB1YmxpY19zdG9yZSJ9?signature=54b20b6ef9e8f8097cf19906dddac1b79488e136b1cb4c3b5fb941889ceca007
Norco Lite Lactose Free Milk,Norco_Lite_Lactose_Free_Milk.jpg,crisp_on_creek_deli_images,/category/dairy-eggs,https://crisponcreek.com.au/lines/norco-milk-lact-fre-lite-2l,https://dtgxwmigmg3gc.cloudfront.net/imagery/assets/derivations/icon/256/256/true/eyJpZCI6ImI2MWM5ZjY5ZjIxMTUxN2QxZWVhNjZmM2UxM2FiNzc0Iiwic3RvcmFnZSI6InB1YmxpY19zdG9yZSJ9?signature=9f9d475f6a7553a70018c4edfbf0d9916c986f0a04e66815fe5b2403b46feb21
Norco Lite Milk,Norco_Lite_Milk.jpg,crisp_on_creek_deli_images,/category/dairy-eggs,https://crisponcreek.com.au/lines/norco-milk-lite-1l,https://dtgxwmigmg3gc.cloudfront.net/imagery/assets/derivations/icon/256/256/true/eyJpZCI6ImQzZGQ0YmNhYTllOWZhMjM3NmVmYjQwZDlmMTg1YzhkIiwic3RvcmFnZSI6InB1YmxpY19zdG9yZSJ9?signature=92d1d8149b16ce00792995612c544c989a887cd23bc349fb59ceb5b81035b1a4
Norco Non-Homogenised Milk,Norco_Non-Homogenised_Milk.jpg,crisp_on_creek_deli_images,/category/dairy-eggs,https://crisponcreek.com.au/lines/norco-ofine-nhom-pet-mil-1-5l,https://dtgxwmigmg3gc.cloudfront.net/imagery/assets/derivations/icon/256/256/true/eyJpZCI6ImM3N2U2NTM3MTE3YzRiOTQ5NmM1ODRhYzIzZjliMTA4Iiwic3RvcmFnZSI6InB1YmxpY19zdG9yZSJ9?signature=7047286abbdf22794623e05f3c5536c1cf84157cfc02063f64ec19a8969f01b9
Norco Organic Milk,Norco_Organic_Milk.jpg,crisp_on_creek_deli_images,/category/dairy-eggs,https://crisponcreek.com.au/lines/norco-milk-organic-white-2l,https://dtgxwmigmg3gc.cloudfront.net/imagery/assets/derivations/icon/256/256/true/eyJpZCI6ImRkMWRkY2ZkYmRlN2U0OTM4NWI0YWM0NTIxMDgyMTdmIiwic3RvcmFnZSI6InB1YmxpY19zdG9yZSJ9?signature=998658862ee28503bd6cab29a532b554e41c73cd2a5a98d9f732a861f2edcfec
Norco Our Finest Full Cream Milk,Norco_Our_Finest_Full_Cream_Milk.jpg,crisp_on_creek_deli_images,/category/dairy-eggs,https://crisponcreek.com.au/lines/norco-ofine-mlk-fcrm-pet-1-5l,https://dtgxwmigmg3gc.cloudfront.net/imagery/assets/derivations/icon/256/256/true/eyJpZCI6IjhjYWRiMWI1NWQwZTYzZTMyNjhjMzE4ZjU2ZWEyMDc2Iiwic3RvcmFnZSI6InB1YmxpY19zdG9yZSJ9?signature=c561faed7c489bd3b61f4b9da94fbb3fee9490ca07937849b8b479e7d19c8176
Norco Skim Milk,Norco_Skim_Milk.jpg,crisp_on_creek_deli_images,/category/dairy-eggs,https://crisponcreek.com.au/lines/norco-milk-skim-2l,https://dtgxwmigmg3gc.cloudfront.net/imagery/assets/derivations/icon/256/256/true/eyJpZCI6ImUxMjdhYzU3YTFlM2M2NTlhYzJjMzg1ZmU4Nzk5MzliIiwic3RvcmFnZSI6InB1YmxpY19zdG9yZSJ9?signature=ca25240bafdba3cd7e15e491e9075377dcdd0ab534bb3511338d470a0bed16d0
Norco Strawberry Flavoured Milk,Norco_Strawberry_Flavoured_Milk.jpg,crisp_on_creek_deli_images,/category/dairy-eggs,https://crisponcreek.com.au/lines/real-flv-mlk-icd-sbry-sp-500ml,https://dtgxwmigmg3gc.cloudfront.net/imagery/assets/derivations/icon/256/256/true/eyJpZCI6IjFjYTQ0MmI2NjM0OTlkZGY4MjMzMzhjM2U1NjQ5ZGE3Iiwic3RvcmFnZSI6InB1YmxpY19zdG9yZSJ9?signature=48727fab0d8d29d4c04c787945ae6dd6cd20e5ab6fa9c68a2f19326301acf8b1
Norco Triple Shot Iced Coffee Flavoured Milk,Norco_Triple_Shot_Iced_Coffee_Flavoured_Milk.jpg,crisp_on_creek_deli_images,/category/dairy-eggs,https://crisponcreek.com.au/lines/real-flv-mlk-icd-cof-trp-500ml,https://dtgxwmigmg3gc.cloudfront.net/imagery/assets/derivations/icon/256/256/true/eyJpZCI6IjNiNDA4OWJlMjAzZGE5NDU2ZTlmOTgxNWQ3NzYyMTkxIiwic3RvcmFnZSI6InB1YmxpY19zdG9yZSJ9?signature=b5c2cfa7ccc4221f533c6d37e62838f40587a581d151a74a140ff9e5261104c9
Raybek Yog Apple Cinamon,Raybek_Yog_Apple_Cinamon.jpg,crisp_on_creek_deli_images,/category/dairy-eggs,https://crisponcreek.com.au/lines/raybek-yog-apple-cinamon-300g,https://dtgxwmigmg3gc.cloudfront.net/assets/no_image-2b66f888b650d4eb5136f9481a1bdba1f2c918331eba4030b603d2b62792e499.png
Raybek Yog Blueberry,Raybek_Yog_Blueberry.jpg,crisp_on_creek_deli_images,/category/dairy-eggs,https://crisponcreek.com.au/lines/raybek-yog-blueberry-300g,https://dtgxwmigmg3gc.cloudfront.net/assets/no_image-2b66f888b650d4eb5136f9481a1bdba1f2c918331eba4030b603d2b62792e499.png
Raybek Yog Greek Natural,Raybek_Yog_Greek_Natural.jpg,crisp_on_creek_deli_images,/category/dairy-eggs,https://crisponcreek.com.au/lines/raybek-yog-greek-natural-1kg,https://dtgxwmigmg3gc.cloudfront.net/assets/no_image-2b66f888b650d4eb5136f9481a1bdba1f2c918331eba4030b603d2b62792e499.png
Raybek Yog Mango,Raybek_Yog_Mango.jpg,crisp_on_creek_deli_images,/category/dairy-eggs,https://crisponcreek.com.au/lines/raybek-yog-mango-1kg,https://dtgxwmigmg3gc.cloudfront.net/assets/no_image-2b66f888b650d4eb5136f9481a1bdba1f2c918331eba4030b603d2b62792e499.png
Raybek Yog Natural,Raybek_Yog_Natural.jpg,crisp_on_creek_deli_images,/category/dairy-eggs,https://crisponcreek.com.au/lines/raybek-yog-natural-1kg,https://dtgxwmigmg3gc.cloudfront.net/assets/no_image-2b66f888b650d4eb5136f9481a1bdba1f2c918331eba4030b603d2b62792e499.png
Raybek Yog Passionfruit,Raybek_Yog_Passionfruit.jpg,crisp_on_creek_deli_images,/category/dairy-eggs,https://crisponcreek.com.au/lines/raybek-yog-passionfruit-1kg,https://dtgxwmigmg3gc.cloudfront.net/assets/no_image-2b66f888b650d4eb5136f9481a1bdba1f2c918331eba4030b603d2b62792e499.png
10:10 By Sarah Di Loronzo Choc Peanut Caramel Bar,1010_By_Sarah_Di_Loronzo_Choc_Peanut_Caramel_Bar.jpg,crisp_on_creek_images,/category/groceries,https://crisponcreek.com.au/lines/choc-peanut-38g,https://dtgxwmigmg3gc.cloudfront.net/imagery/assets/derivations/icon/256/256/true/eyJpZCI6IjU3MTIyOGVlOWIxM2JmZDFhOWNiOTgwZTg5NTE2ZjVhLnBuZyIsInN0b3JhZ2UiOiJwdWJsaWNfc3RvcmUifQ?signature=22f0f983ceaddf8efa0f9d1e25b8e1a79694e992f70ba12f203cded2edfc10aa
Acorsa Spanish Green Olives Stuffed With Mince Pimento,Acorsa_Spanish_Green_Olives_Stuffed_With_Mince_Pimento.jpg,crisp_on_creek_images,/category/groceries,https://crisponcreek.com.au/lines/spenish-green-olives-stuffed-w-minced-pi,https://dtgxwmigmg3gc.cloudfront.net/imagery/assets/derivations/icon/256/256/true/eyJpZCI6ImE4MjY1NjM4M2Q4YmEzYmViYzc5ZGU1YTRiYzM4YWE1LmpwZyIsInN0b3JhZ2UiOiJwdWJsaWNfc3RvcmUifQ?signature=078d0b73aafcd4e737ba52e4758e278fc48762ba679483cbbbdd1a5c61715fbb
Acorsa Black Olives Sliced,Acorsa_Black_Olives_Sliced.jpg,crisp_on_creek_images,/category/groceries,https://crisponcreek.com.au/lines/acorsa-sliced-black-olives,https://dtgxwmigmg3gc.cloudfront.net/imagery/assets/derivations/icon/256/256/true/eyJpZCI6IjU4ZTBmOTQ3YzQ2OWY3NDkxMjUzM2NjNDU4YzM5YTVmIiwic3RvcmFnZSI6InB1YmxpY19zdG9yZSJ9?signature=5e5d779c514bc2f328fb3d10b22866f3ec0aae04b6ed266f8587702f25211ca5
Acorsa Black Pitted Olives,Acorsa_Black_Pitted_Olives.jpg,crisp_on_creek_images,/category/groceries,https://crisponcreek.com.au/lines/pitted-black-olives,https://dtgxwmigmg3gc.cloudfront.net/imagery/assets/derivations/icon/256/256/true/eyJpZCI6IjAyZGFkODYwMjdhMThlNzhhZWYwNTU0MjkwM2Q5ZjY2Iiwic3RvcmFnZSI6InB1YmxpY19zdG9yZSJ9?signature=2968581fefa071efa83d45a46f9aaf29bff277f23d25a15de6b00d7478821c87
Acorsa Green Sliced Olives,Acorsa_Green_Sliced_Olives.jpg,crisp_on_creek_images,/category/groceries,https://crisponcreek.com.au/lines/sliced-green-olives,https://dtgxwmigmg3gc.cloudfront.net/imagery/assets/derivations/icon/256/256/true/eyJpZCI6ImM5MDlkNGYxYmU2YTI1ODhjZWFmYjY1Y2UzYmNhMDcwIiwic3RvcmFnZSI6InB1YmxpY19zdG9yZSJ9?signature=97fd2bbe01de9affe4604c9236a71f32fc3a07229c57ecc05de2c2e171813958
Acorsa Pitted Green Olives,Acorsa_Pitted_Green_Olives.jpg,crisp_on_creek_images,/category/groceries,https://crisponcreek.com.au/lines/pitted-green-olives,https://dtgxwmigmg3gc.cloudfront.net/imagery/assets/derivations/icon/256/256/true/eyJpZCI6ImFjNjU1ZTY3YjQwNGMxNGZhYjQ3ZmZmMmNhMDMwOTM0LmpwZyIsInN0b3JhZ2UiOiJwdWJsaWNfc3RvcmUifQ?signature=58f79065a9ce49553128b1e91ae07e47d0a7928be01a2cbe39eca8afe15c98d7
Adelia Cranberry And Macadamia Granola,Adelia_Cranberry_And_Macadamia_Granola.jpg,crisp_on_creek_images,/category/groceries,https://crisponcreek.com.au/lines/granola-650g,https://dtgxwmigmg3gc.cloudfront.net/imagery/assets/derivations/icon/256/256/true/eyJpZCI6IjFkNjIzOTZjNmM3Y2U3M2U1NGVkYjU0NWFkNTE0NTI3LmpwZyIsInN0b3JhZ2UiOiJwdWJsaWNfc3RvcmUifQ?signature=a5f4787675361598936a1812360de49495e29ad9c12cd7f82a13c4f9257e1aee
Aegean Anitpasto,Aegean_Anitpasto.jpg,crisp_on_creek_images,/category/groceries,https://crisponcreek.com.au/lines/aegean-anitpasto-950g,https://dtgxwmigmg3gc.cloudfront.net/assets/no_image-2b66f888b650d4eb5136f9481a1bdba1f2c918331eba4030b603d2b62792e499.png
Aegean Artichokes Marin,Aegean_Artichokes_Marin.jpg,crisp_on_creek_images,/category/groceries,https://crisponcreek.com.au/lines/aegean-artichokes-marin-340g,https://dtgxwmigmg3gc.cloudfront.net/assets/no_image-2b66f888b650d4eb5136f9481a1bdba1f2c918331eba4030b603d2b62792e499.png
Aegean Cashwsoy Multigrain,Aegean_Cashwsoy_Multigrain.jpg,crisp_on_creek_images,/category/groceries,https://crisponcreek.com.au/lines/aegean-cashwsoy-multigrain-300g,https://dtgxwmigmg3gc.cloudfront.net/assets/no_image-2b66f888b650d4eb5136f9481a1bdba1f2c918331eba4030b603d2b62792e499.png
Aegean Cheeses,Aegean_Cheeses.jpg,crisp_on_creek_images,/category/groceries,https://crisponcreek.com.au/lines/aegean-cheeses,https://dtgxwmigmg3gc.cloudfront.net/assets/no_image-2b66f888b650d4eb5136f9481a1bdba1f2c918331eba4030b603d2b62792e499.png
Aegean Chilli Rice Wheels,Aegean_Chilli_Rice_Wheels.jpg,crisp_on_creek_images,/category/groceries,https://crisponcreek.com.au/lines/aegean-chilli-rice-wheels-130g,https://dtgxwmigmg3gc.cloudfront.net/assets/no_image-2b66f888b650d4eb5136f9481a1bdba1f2c918331eba4030b603d2b62792e499.png
Aegean Coconut Cream,Aegean_Coconut_Cream.jpg,crisp_on_creek_images,/category/groceries,https://crisponcreek.com.au/lines/aegean-coconut-cream-400ml,https://dtgxwmigmg3gc.cloudfront.net/assets/no_image-2b66f888b650d4eb5136f9481a1bdba1f2c918331eba4030b603d2b62792e499.png
Aegean Coconut Milk,Aegean_Coconut_Milk.jpg,crisp_on_creek_images,/category/groceries,https://crisponcreek.com.au/lines/aegean-coconut-milk-400ml,https://dtgxwmigmg3gc.cloudfront.net/assets/no_image-2b66f888b650d4eb5136f9481a1bdba1f2c918331eba4030b603d2b62792e499.png
Aegean Crystallised Ginger,Aegean_Crystallised_Ginger.jpg,crisp_on_creek_images,/category/groceries,https://crisponcreek.com.au/lines/aegean-crystallised-ginger-250g,https://dtgxwmigmg3gc.cloudfront.net/assets/no_image-2b66f888b650d4eb5136f9481a1bdba1f2c918331eba4030b603d2b62792e499.png
Aegean Fiesta Nut Mix,Aegean_Fiesta_Nut_Mix.jpg,crisp_on_creek_images,/category/groceries,https://crisponcreek.com.au/lines/aegean-fiesta-nut-mix-500g,https://dtgxwmigmg3gc.cloudfront.net/assets/no_image-2b66f888b650d4eb5136f9481a1bdba1f2c918331eba4030b603d2b62792e499.png
Aegean Garlic Cloves,Aegean_Garlic_Cloves.jpg,crisp_on_creek_images,/category/groceries,https://crisponcreek.com.au/lines/aegean-garlic-cloves-jar-450g,https://dtgxwmigmg3gc.cloudfront.net/imagery/assets/derivations/icon/256/256/true/eyJpZCI6IjdjNGMzMWEzYTVhNzBhMmYwYWU5NzI5ZDE0YzJlZDExLmpwZyIsInN0b3JhZ2UiOiJwdWJsaWNfc3RvcmUifQ?signature=7e16e37e742f5020cce9311fd59e1d55514d4903e60a5becbf64471a0f17ad58
Aegean Goji Berries,Aegean_Goji_Berries.jpg,crisp_on_creek_images,/category/groceries,https://crisponcreek.com.au/lines/aegean-goji-berries-200g,https://dtgxwmigmg3gc.cloudfront.net/assets/no_image-2b66f888b650d4eb5136f9481a1bdba1f2c918331eba4030b603d2b62792e499.png
Aegean Marin Musgroom Whole,Aegean_Marin_Musgroom_Whole.jpg,crisp_on_creek_images,/category/groceries,https://crisponcreek.com.au/lines/aegean-marin-musgroom-whole,https://dtgxwmigmg3gc.cloudfront.net/assets/no_image-2b66f888b650d4eb5136f9481a1bdba1f2c918331eba4030b603d2b62792e499.png
Aegean Natural Aust Almonds,Aegean_Natural_Aust_Almonds.jpg,crisp_on_creek_images,/category/groceries,https://crisponcreek.com.au/lines/aegean-natural-aust-almonds-500g,https://dtgxwmigmg3gc.cloudfront.net/assets/no_image-2b66f888b650d4eb5136f9481a1bdba1f2c918331eba4030b603d2b62792e499.png
Aegean P/Healthy Mix,Aegean_PHealthy_Mix.jpg,crisp_on_creek_images,/category/groceries,https://crisponcreek.com.au/lines/aegean-p-healthy-mix-500g,https://dtgxwmigmg3gc.cloudfront.net/assets/no_image-2b66f888b650d4eb5136f9481a1bdba1f2c918331eba4030b603d2b62792e499.png
Aegean Rst Red Peppers,Aegean_Rst_Red_Peppers.jpg,crisp_on_creek_images,/category/groceries,https://crisponcreek.com.au/lines/aegean-rst-red-peppers-450g,https://dtgxwmigmg3gc.cloudfront.net/assets/no_image-2b66f888b650d4eb5136f9481a1bdba1f2c918331eba4030b603d2b62792e499.png
Aegean Tomatoes,Aegean_Tomatoes.jpg,crisp_on_creek_images,/category/groceries,https://crisponcreek.com.au/lines/aegean-tomatoes-400g,https://dtgxwmigmg3gc.cloudfront.net/assets/no_image-2b66f888b650d4eb5136f9481a1bdba1f2c918331eba4030b603d2b62792e499.png
Aegean Tomatoes Tin,Aegean_Tomatoes_Tin.jpg,crisp_on_creek_images,/category/groceries,https://crisponcreek.com.au/lines/aegean-tomatoes-tin-400g,https://dtgxwmigmg3gc.cloudfront.net/assets/no_image-2b66f888b650d4eb5136f9481a1bdba1f2c918331eba4030b603d2b62792e499.png
Auth Turkish Delight,Auth_Turkish_Delight.jpg,crisp_on_creek_images,/category/groceries,https://crisponcreek.com.au/lines/auth-turkish-delight,https://dtgxwmigmg3gc.cloudfront.net/imagery/assets/derivations/icon/256/256/true/eyJpZCI6IjFhM2Y0NzE0ZDk2MzU2NTQwNmQ1ZWIzMTg1MThiNzkxIiwic3RvcmFnZSI6InB1YmxpY19zdG9yZSJ9?signature=645b239d1d83e1620093d7a5efdbd5a92a8af4f556098658cb5f1478cd11ac45
Avalanche Coffee 99% Sugar Free Cappuccino 10 Pack X,Avalanche_Coffee_99%_Sugar_Free_Cappuccino_10_Pack_X.jpg,crisp_on_creek_images,/category/groceries,https://crisponcreek.com.au/lines/avalanche-99-sgr-fr-capp-160g,https://dtgxwmigmg3gc.cloudfront.net/imagery/assets/derivations/icon/256/256/true/eyJpZCI6ImYwOWQwYjQ1ZjRhZjM1NzI5Nzg3MzJiNGI0NjkzYjQ3Iiwic3RvcmFnZSI6InB1YmxpY19zdG9yZSJ9?signature=d8ffdee2a31b213683fd300c0e225208ba41dc7b96cd81e0a86ce8fab7ecbdf3
Avalanche Coffee Café Style Flat White 10 Sachets,Avalanche_Coffee_Café_Style_Flat_White_10_Sachets.jpg,crisp_on_creek_images,/category/groceries,https://crisponcreek.com.au/lines/avalanche-cafe-flat-white-10pk,https://dtgxwmigmg3gc.cloudfront.net/imagery/assets/derivations/icon/256/256/true/eyJpZCI6ImJlMDhmNDcxOWMyMDBiM2U2YjYyZjUxODFlZjljZDk4Iiwic3RvcmFnZSI6InB1YmxpY19zdG9yZSJ9?signature=038c9a9a38c72f2a783c330df1a7da620e46ba5b90e0fc21f713de6501120836
Bao B P Chicken,Bao_B_P_Chicken.jpg,crisp_on_creek_images,/category/groceries,https://crisponcreek.com.au/lines/bao-b-p-chicken,https://dtgxwmigmg3gc.cloudfront.net/assets/no_image-2b66f888b650d4eb5136f9481a1bdba1f2c918331eba4030b603d2b62792e499.png
Bao Vbbq,Bao_Vbbq.jpg,crisp_on_creek_images,/category/groceries,https://crisponcreek.com.au/lines/bao-vbbq,https://dtgxwmigmg3gc.cloudfront.net/assets/no_image-2b66f888b650d4eb5136f9481a1bdba1f2c918331eba4030b603d2b62792e499.png
Barbell Biltong Chilli,Barbell_Biltong_Chilli.jpg,crisp_on_creek_images,/category/groceries,https://crisponcreek.com.au/lines/b-air-dried-steak-200g-1,https://dtgxwmigmg3gc.cloudfront.net/imagery/assets/derivations/icon/256/256/true/eyJpZCI6IjY4NmJkZjY5YmNjMWNmYWQ4Y2I4MjZhNTg2MWFkZjk3Iiwic3RvcmFnZSI6InB1YmxpY19zdG9yZSJ9?signature=bb85c4edc2b25e5562b30074c1afad8697c6a6fad06ab75213ffbf420f0f7ef1
Bauli Pand Panmoro,Bauli_Pand_Panmoro.jpg,crisp_on_creek_images,/category/groceries,https://crisponcreek.com.au/lines/bauli-pand-panmoro-100g,https://dtgxwmigmg3gc.cloudfront.net/assets/no_image-2b66f888b650d4eb5136f9481a1bdba1f2c918331eba4030b603d2b62792e499.png
Bauli Pand Panmoro Cocoa,Bauli_Pand_Panmoro_Cocoa.jpg,crisp_on_creek_images,/category/groceries,https://crisponcreek.com.au/lines/bauli-pand-panmoro-cocoa-750g,https://dtgxwmigmg3gc.cloudfront.net/assets/no_image-2b66f888b650d4eb5136f9481a1bdba1f2c918331eba4030b603d2b62792e499.png
Baxters Mint Jelly,Baxters_Mint_Jelly.jpg,crisp_on_creek_images,/category/groceries,https://crisponcreek.com.au/lines/baxters-mint-jelly-210g,https://dtgxwmigmg3gc.cloudfront.net/assets/no_image-2b66f888b650d4eb5136f9481a1bdba1f2c918331eba4030b603d2b62792e499.png
Beerenberg Apricot Jam,Beerenberg_Apricot_Jam.jpg,crisp_on_creek_images,/category/groceries,https://crisponcreek.com.au/lines/beerenberg-apricot-jam-300g,https://dtgxwmigmg3gc.cloudfront.net/imagery/assets/derivations/icon/256/256/true/eyJpZCI6ImJkYzcyYWRhMGQwNGE1ZjZhOTNmMTNjYTkwZmE2ZWQ0Iiwic3RvcmFnZSI6InB1YmxpY19zdG9yZSJ9?signature=396397395029439c0662bc6077b25514a7989e777ce99e338b2f6ec5eecb22c9
Beerenberg Blackberry Jam,Beerenberg_Blackberry_Jam.jpg,crisp_on_creek_images,/category/groceries,https://crisponcreek.com.au/lines/beerenberg-blackberry-jam-300g,https://dtgxwmigmg3gc.cloudfront.net/imagery/assets/derivations/icon/256/256/true/eyJpZCI6ImE1ZjdjNjhlNmY1ZDdmODI3OGEwMDZjMWMwZTg5YWJiIiwic3RvcmFnZSI6InB1YmxpY19zdG9yZSJ9?signature=d0a7a21772e57eb08c14e5e284463fee48a8f4fd5984ce1366871be4d6da5092
Beerenberg Burger Relish,Beerenberg_Burger_Relish.jpg,crisp_on_creek_images,/category/groceries,https://crisponcreek.com.au/lines/beerenberg-relish-burger-260g,https://dtgxwmigmg3gc.cloudfront.net/imagery/assets/derivations/icon/256/256/true/eyJpZCI6IjIzNGNhMmQyNmI3Mzg1ZWNjMGI1NDRkMjYyMDE4NDg3Iiwic3RvcmFnZSI6InB1YmxpY19zdG9yZSJ9?signature=326ef6444cddafafa32a55bbc4200f969bab185f5c7acdd0b3886a484bf22cf1
Beerenberg Caramelised Onions,Beerenberg_Caramelised_Onions.jpg,crisp_on_creek_images,/category/groceries,https://crisponcreek.com.au/lines/beerenberg-caramel-onion,https://dtgxwmigmg3gc.cloudfront.net/imagery/assets/derivations/icon/256/256/true/eyJpZCI6IjVjYWYxN2UyZThjODRmMzczYzJmNmIxMTNjY2IzYTI1Iiwic3RvcmFnZSI6InB1YmxpY19zdG9yZSJ9?signature=f92b94bde6365a3686a2096fcc88b92370ab5597aac1eab4d9c2cdddaa75565c
Beerenberg Coopers Ale Barbecue Sauce,Beerenberg_Coopers_Ale_Barbecue_Sauce.jpg,crisp_on_creek_images,/category/groceries,https://crisponcreek.com.au/lines/beerenberg-coopers-ale-bbq-sce,https://dtgxwmigmg3gc.cloudfront.net/imagery/assets/derivations/icon/256/256/true/eyJpZCI6IjUwZTFjOTc3OWYwZmEwNzY0MjM4OTlkOTEzMTQzYTU0Iiwic3RvcmFnZSI6InB1YmxpY19zdG9yZSJ9?signature=877a3a3607a48347ef9ebfeea4295087197c1fbfb81448cf38d4bd810213c5ac
Beerenberg Honey BBQ Sauce,Beerenberg_Honey_BBQ_Sauce.jpg,crisp_on_creek_images,/category/groceries,https://crisponcreek.com.au/lines/beerenberg-honey-bbq-sauce-300ml,https://dtgxwmigmg3gc.cloudfront.net/imagery/assets/derivations/icon/256/256/true/eyJpZCI6ImFhODA2YjhiYmIwNmQ1YjJlNmMxZGI0MjRkYWIyMDEwLndlYnAyMDI1MDIwNC0yNjUwMzQzLW92OHFjaSIsInN0b3JhZ2UiOiJwdWJsaWNfc3RvcmUifQ?signature=4b9d63d0f2d23570be07c0758b47378446adafe324d9b24ba01b7b56cc47a907
Beerenberg Hot Tomato Chutney,Beerenberg_Hot_Tomato_Chutney.jpg,crisp_on_creek_images,/category/groceries,https://crisponcreek.com.au/lines/beerenberg-hot-tom-chut,https://dtgxwmigmg3gc.cloudfront.net/imagery/assets/derivations/icon/256/256/true/eyJpZCI6IjIyMWM2NWIyODcyOTg5MDEwZTczNzdkMjViNTM1YWM5Iiwic3RvcmFnZSI6InB1YmxpY19zdG9yZSJ9?signature=f092885a5318101a13a1fbbdf5ab947ee3561d87549c607276a7fda27639184e
Beerenberg Lemon & Caper Dressing,Beerenberg_Lemon_&_Caper_Dressing.jpg,crisp_on_creek_images,/category/groceries,https://crisponcreek.com.au/lines/beerenberg-lemon-caper-300ml,https://dtgxwmigmg3gc.cloudfront.net/imagery/assets/derivations/icon/256/256/true/eyJpZCI6ImFjYmE4NDhkMjAzOGYwZGFhNWEyZTdlNjA5YTEzYWI2Iiwic3RvcmFnZSI6InB1YmxpY19zdG9yZSJ9?signature=788c9128e08731ee874f958bb299ea8944c6aad94fc7fb61e91974aa5753dc8c
Beerenberg Mango Chutney,Beerenberg_Mango_Chutney.jpg,crisp_on_creek_images,/category/groceries,https://crisponcreek.com.au/lines/beerenberg-mango-cjutney,https://dtgxwmigmg3gc.cloudfront.net/imagery/assets/derivations/icon/256/256/true/eyJpZCI6ImY4NjllNjI0NTFkMWQwMjk4MDZiMWJmY2VmNTc3NmNlLndlYnAiLCJzdG9yYWdlIjoicHVibGljX3N0b3JlIn0?signature=40921a277b6d24b368236898931d0cc4ddde0815e96a50094c6de77eac5d5df7
Beerenberg Mint Jelly,Beerenberg_Mint_Jelly.jpg,crisp_on_creek_images,/category/groceries,https://crisponcreek.com.au/lines/beerenberg-mint-jelly-185g,https://dtgxwmigmg3gc.cloudfront.net/imagery/assets/derivations/icon/256/256/true/eyJpZCI6IjBmOTgyOGVmMzEwMjQ0NzQxZGI4MDFlY2NkMDZkOTBiIiwic3RvcmFnZSI6InB1YmxpY19zdG9yZSJ9?signature=27d64025cd6f45c404c85dcae855b84df0afd360b5ed19a92faf8f0fae63b2b5
Beerenberg Raspberry Jam,Beerenberg_Raspberry_Jam.jpg,crisp_on_creek_images,/category/groceries,https://crisponcreek.com.au/lines/beerenberg-raspberry-jam-300g,https://dtgxwmigmg3gc.cloudfront.net/imagery/assets/derivations/icon/256/256/true/eyJpZCI6ImVlMDFlNjM2ODhkNWM2MTQyMGNkMTgzMDcyYWQwZjkxLndlYnAiLCJzdG9yYWdlIjoicHVibGljX3N0b3JlIn0?signature=610b3529b3c089fc996d077f06ab6aa07d0af628331a597ca2bfca39916a6a1f
Beerenberg Roadhouse Steak Sauce,Beerenberg_Roadhouse_Steak_Sauce.jpg,crisp_on_creek_images,/category/groceries,https://crisponcreek.com.au/lines/beerenberg-sauce-roadhouse-steak,https://dtgxwmigmg3gc.cloudfront.net/imagery/assets/derivations/icon/256/256/true/eyJpZCI6IjY5NzBiNzQ2ZjQ1M2FkNGQxMWMyOTlmYWQxNmM5N2I2Iiwic3RvcmFnZSI6InB1YmxpY19zdG9yZSJ9?signature=bb5cf92ff5a1627060b46fbcd7b6058bfc380ae9818e4e0530adc18aee62ae48
Beerenberg Sticky Rib,Beerenberg_Sticky_Rib.jpg,crisp_on_creek_images,/category/groceries,https://crisponcreek.com.au/lines/beerenberg-sticky-rib,https://dtgxwmigmg3gc.cloudfront.net/imagery/assets/derivations/icon/256/256/true/eyJpZCI6IjdmYzhjN2NjY2MzODljY2Y0MjZkMmYwZjJhNGUxY2Y2Iiwic3RvcmFnZSI6InB1YmxpY19zdG9yZSJ9?signature=0c4eec0e7416423f92de6838b787e41a51a558320b485bb6a3edfe24a8f0b5e2
Beerenberg Tartare,Beerenberg_Tartare.jpg,crisp_on_creek_images,/category/groceries,https://crisponcreek.com.au/lines/beerenberg-tartare-155g,https://dtgxwmigmg3gc.cloudfront.net/imagery/assets/derivations/icon/256/256/true/eyJpZCI6Ijk4ZTFkYmNkZDBmNzg0ZTk0MmM4Yzk0ZmY2NTU2OTdkIiwic3RvcmFnZSI6InB1YmxpY19zdG9yZSJ9?signature=3e0e5975fc16e0d066ddc5a30da6ac8adc50d113b176cb8517aa63adce99cba6
Beerenberg Tomato Chutney,Beerenberg_Tomato_Chutney.jpg,crisp_on_creek_images,/category/groceries,https://crisponcreek.com.au/lines/beerenberg-aus-tomato-chut,https://dtgxwmigmg3gc.cloudfront.net/imagery/assets/derivations/icon/256/256/true/eyJpZCI6ImQxMTBjNzMzZTg0OWNiYTE4YmQxZTZhMTY5ZjQ2NWVkIiwic3RvcmFnZSI6InB1YmxpY19zdG9yZSJ9?signature=35eb8751b256270faf1234811c67cbb42e8a7cc288859d72de4c1e255cdb5dac
Bellarine Company Cashew Butter & Sea Salt Brownie,Bellarine_Company_Cashew_Butter_&_Sea_Salt_Brownie.jpg,crisp_on_creek_images,/category/groceries,https://crisponcreek.com.au/lines/bellarine-b-cashew-b-ss-260g,https://dtgxwmigmg3gc.cloudfront.net/imagery/assets/derivations/icon/256/256/true/eyJpZCI6ImMyNjczOWU2ZWFjZWEwZWYyMTBjMDVkODkzZjg4ZDkyLndlYnAyMDI1MTAzMS0yNjU0NDEzLTZmZGM5bCIsInN0b3JhZ2UiOiJwdWJsaWNfc3RvcmUifQ?signature=cdf5e0490325e648acf088c5504e0725bf32d85267552b485332bd8038ec3123
Bellarine Company Milk Chocolate Berry Crunch Rocky Road,Bellarine_Company_Milk_Chocolate_Berry_Crunch_Rocky_Road.jpg,crisp_on_creek_images,/category/groceries,https://crisponcreek.com.au/lines/milk-chocolate-berry-crunch-200g,https://dtgxwmigmg3gc.cloudfront.net/imagery/assets/derivations/icon/256/256/true/eyJpZCI6IjViZWY0Zjg5ZGJhNzI4Njg4YWEyMTc3YmZhYjgwYmRhLndlYnAiLCJzdG9yYWdlIjoicHVibGljX3N0b3JlIn0?signature=a648b677a1a017ec1b1e0e42ff867b93147243b24363950da92588c308c65b3b
Bellarine Company Rocky Road Strawberry & Honeycomb,Bellarine_Company_Rocky_Road_Strawberry_&_Honeycomb.jpg,crisp_on_creek_images,/category/groceries,https://crisponcreek.com.au/lines/strawberry-honeycomb-200g,https://dtgxwmigmg3gc.cloudfront.net/imagery/assets/derivations/icon/256/256/true/eyJpZCI6IjZiZmFjNDlkNDVmYTYzZTU0MTA2Y2I2MWE4MzU4MWM2LnBuZzIwMjUwNTA3LTM1NjMzNjktcDlkYmU3Iiwic3RvcmFnZSI6InB1YmxpY19zdG9yZSJ9?signature=647b66f0ac38835fd5ece19f9617e0e2a5584df33959293a7f839c2d9e4a1f05
Bellarine Rocky Road Company Milk Chocolate Pretzel & Praline,Bellarine_Rocky_Road_Company_Milk_Chocolate_Pretzel_&_Praline.jpg,crisp_on_creek_images,/category/groceries,https://crisponcreek.com.au/lines/milk-chocolate-bar-200g,https://dtgxwmigmg3gc.cloudfront.net/imagery/assets/derivations/icon/256/256/true/eyJpZCI6ImFmMjVmYmMzNTA5YjliYWY5Y2VjYWM1MDcyNzlmYThiLndlYnAiLCJzdG9yYWdlIjoicHVibGljX3N0b3JlIn0?signature=c664d5f9e035f145cfd311e4988dfd8bb5f2a55919bd6ca9fc3a775d98082431
Bellarine Rocky Road Company Rocky Road Roasted Almond & Cherry,Bellarine_Rocky_Road_Company_Rocky_Road_Roasted_Almond_&_Cherry.jpg,crisp_on_creek_images,/category/groceries,https://crisponcreek.com.au/lines/roasted-almond-cherry-200g,https://dtgxwmigmg3gc.cloudfront.net/imagery/assets/derivations/icon/256/256/true/eyJpZCI6IjZjZWM1N2MzYzUyZWEyMjIzMDZiODVhMzgwMjNjNWIyLnBuZzIwMjUwNTA3LTE3MTA3My04MHV2YjkiLCJzdG9yYWdlIjoicHVibGljX3N0b3JlIn0?signature=cb405e50fe01921590f0d73f08a48638bcaf58947ca6f1acccbd94fdbcf2d10c
Ben & Jerry’S Ice Cream Chocolate Chip Cookie,Ben_&_Jerry’S_Ice_Cream_Chocolate_Chip_Cookie.jpg,crisp_on_creek_images,/category/groceries,https://crisponcreek.com.au/lines/ben-jerry-100ml,https://dtgxwmigmg3gc.cloudfront.net/imagery/assets/derivations/icon/256/256/true/eyJpZCI6IjM5ZGIxYmM3OTYwNTU0Njc5MjliZmIyMzIzYmEyMjVkIiwic3RvcmFnZSI6InB1YmxpY19zdG9yZSJ9?signature=593466eaa5da0d4cac0533cefb7f912e67c5d56bcfe863535ca6a8611e8a7b32
Berenberg Balsamic Beetroot Relish,Berenberg_Balsamic_Beetroot_Relish.jpg,crisp_on_creek_images,/category/groceries,https://crisponcreek.com.au/lines/beerenberg-beetroot-relish,https://dtgxwmigmg3gc.cloudfront.net/imagery/assets/derivations/icon/256/256/true/eyJpZCI6ImQ0NjU3NTBmMjJlODJlZjY1Mzc5MTYzNzgyZGU0MGFhIiwic3RvcmFnZSI6InB1YmxpY19zdG9yZSJ9?signature=29df237f8c551cd41ea411d242054f0f401355b4aee97cc240ca227216c789f8
Berenberg Cream Parmesan Sauce,Berenberg_Cream_Parmesan_Sauce.jpg,crisp_on_creek_images,/category/groceries,https://crisponcreek.com.au/lines/beerenberg-ceasar-dressing,https://dtgxwmigmg3gc.cloudfront.net/imagery/assets/derivations/icon/256/256/true/eyJpZCI6IjQyNmJkMjQ2NmNmODMxODhiNWQxN2I0ZTExYmM3YTJlIiwic3RvcmFnZSI6InB1YmxpY19zdG9yZSJ9?signature=9e3cb7696adef36e00e5550f7fe1e40cb106fd00171356675b0ec8642439bebb
Berenberg Tomato Sauce,Berenberg_Tomato_Sauce.jpg,crisp_on_creek_images,/category/groceries,https://crisponcreek.com.au/lines/beerenberg-tomat0,https://dtgxwmigmg3gc.cloudfront.net/imagery/assets/derivations/icon/256/256/true/eyJpZCI6IjA4MTg4MGQ1NzkzYzIyMzdiZWY3MTQ0OTI4N2IzYzIyIiwic3RvcmFnZSI6InB1YmxpY19zdG9yZSJ9?signature=c95f7fe316d2061ee7a5abde044cee9ad3e4889f456ac940dadfdb4470c7f223
Berenberg Worcesteshire Sauce,Berenberg_Worcesteshire_Sauce.jpg,crisp_on_creek_images,/category/groceries,https://crisponcreek.com.au/lines/beerenberg-worcestershire,https://dtgxwmigmg3gc.cloudfront.net/imagery/assets/derivations/icon/256/256/true/eyJpZCI6Ijk5NDZmOGMxY2UxYjkwMzg1NDU2NTVkNDVmNmRkNzk5Iiwic3RvcmFnZSI6InB1YmxpY19zdG9yZSJ9?signature=8e0ef54fe42f9ee583c9274bb780881a80ac0c0c3bd434352142c9980a9a5084
Bianca T & Porcini Mush,Bianca_T_&_Porcini_Mush.jpg,crisp_on_creek_images,/category/groceries,https://crisponcreek.com.au/lines/bianca-t-porcini-mush,https://dtgxwmigmg3gc.cloudfront.net/assets/no_image-2b66f888b650d4eb5136f9481a1bdba1f2c918331eba4030b603d2b62792e499.png
Bippi Chilli Pesto,Bippi_Chilli_Pesto.jpg,crisp_on_creek_images,/category/groceries,https://crisponcreek.com.au/lines/bippi-chilli-pesto-185g,https://dtgxwmigmg3gc.cloudfront.net/imagery/assets/derivations/icon/256/256/true/eyJpZCI6ImNhMjcxYTY3Nzk3MGVmMTBhZDlmOWMxYjY3YTFjNTU2LmpwZyIsInN0b3JhZ2UiOiJwdWJsaWNfc3RvcmUifQ?signature=be56c5dcf2c3fcb671eae925da067aec4522feb661a0199183f07558bb5323ff
Bippi Classico Pesto,Bippi_Classico_Pesto.jpg,crisp_on_creek_images,/category/groceries,https://crisponcreek.com.au/lines/bippi-classic-pesto-185g,https://dtgxwmigmg3gc.cloudfront.net/imagery/assets/derivations/icon/256/256/true/eyJpZCI6ImRlZDljOWE2YzdhNWEwZmMwOWYyZjQ1MzMxMDcwZWI4LmpwZyIsInN0b3JhZ2UiOiJwdWJsaWNfc3RvcmUifQ?signature=46b5b1a34b70d5604daad31d7bae1ced4fb76622cfcccc53b90a3a4c96ae9c5f
Bippi Italian Bomba Spicy Spread,Bippi_Italian_Bomba_Spicy_Spread.jpg,crisp_on_creek_images,/category/groceries,https://crisponcreek.com.au/lines/bippi-i-s-bomba-hot,https://dtgxwmigmg3gc.cloudfront.net/imagery/assets/derivations/icon/256/256/true/eyJpZCI6IjExYTQ4YjBkZjkzMDkxYzllYzgxOTY3MzIwYzUxY2I2Iiwic3RvcmFnZSI6InB1YmxpY19zdG9yZSJ9?signature=867e40ad7340f3badf63c53bb532d3341fb5c78b68dc4b4e80acc399415196c6
Bippi Italian Style Chilli,Bippi_Italian_Style_Chilli.jpg,crisp_on_creek_images,/category/groceries,https://crisponcreek.com.au/lines/bippi-i-s-chilli-hot,https://dtgxwmigmg3gc.cloudfront.net/imagery/assets/derivations/icon/256/256/true/eyJpZCI6IjE4MTQwYzg4OTk3ZTcyNmUyMTc5MTY4NmI2YjVlOThiIiwic3RvcmFnZSI6InB1YmxpY19zdG9yZSJ9?signature=abfa0358953b90b2af5001d0fa2062b86c6eb5a1c79cd77a9f2e588cf06d6746
Bippi Italian Style Chilli Oil,Bippi_Italian_Style_Chilli_Oil.jpg,crisp_on_creek_images,/category/groceries,https://crisponcreek.com.au/lines/bippi-i-ns-chilli-oil,https://dtgxwmigmg3gc.cloudfront.net/imagery/assets/derivations/icon/256/256/true/eyJpZCI6IjNjNzc3ZjVjZjdkOWJiMjZmYWYzYzZjODgyNTk2MWFjLmpwZyIsInN0b3JhZ2UiOiJwdWJsaWNfc3RvcmUifQ?signature=2ffce3c4f9b7b00ebf01addb74498d6a75c4f73193279af3d550592b021fea13
Blisfull Organics Coconut Sugar,Blisfull_Organics_Coconut_Sugar.jpg,crisp_on_creek_images,/category/groceries,https://crisponcreek.com.au/lines/org-co-sugar-300g,https://dtgxwmigmg3gc.cloudfront.net/imagery/assets/derivations/icon/256/256/true/eyJpZCI6IjNkY2MwNDc2YTdmYzVhYWE3MGE0ZDY5NTA0MjJjMDlkLndlYnAyMDI1MDExNy0zNzQzMjc1LTF1ejFmYXgiLCJzdG9yYWdlIjoicHVibGljX3N0b3JlIn0?signature=ce24753f5c4d4abd8433bc5d4fdbfb436bf1f7acb0213425b0a291fb8a414406
Bliss Organics Lemongrass & Ginger Curry Coconut Milk,Bliss_Organics_Lemongrass_&_Ginger_Curry_Coconut_Milk.jpg,crisp_on_creek_images,/category/groceries,https://crisponcreek.com.au/lines/org-le-gi-curry-cm-400g,https://dtgxwmigmg3gc.cloudfront.net/imagery/assets/derivations/icon/256/256/true/eyJpZCI6IjEwY2Q5MmRkMjVlNjA1NGNhNmQ1ZmJkZjUwMzFmN2RlLmpwZzIwMjUwMjE0LTE3ODIwMjEta2NrZ2ZvIiwic3RvcmFnZSI6InB1YmxpY19zdG9yZSJ9?signature=ad81e97ce0aeea73f3983fde7c882b874d8d7802fc68f60687f04d2c917950ea
Blissful Coconut Oil,Blissful_Coconut_Oil.jpg,crisp_on_creek_images,/category/groceries,https://crisponcreek.com.au/lines/blissful-org-coconut-oil,https://dtgxwmigmg3gc.cloudfront.net/imagery/assets/derivations/icon/256/256/true/eyJpZCI6IjVlMmZkMWE3OTNkMmIwYTJhNDZmYTRkZjM3OThhMGMzLnBuZyIsInN0b3JhZ2UiOiJwdWJsaWNfc3RvcmUifQ?signature=da5f0f0afa9c7c92021c027dd2ad9e0b474a4f32ecebd4f0f6d511f7fab6c2f5
Blissful Organic Rice Malt Syrup,Blissful_Organic_Rice_Malt_Syrup.jpg,crisp_on_creek_images,/category/groceries,https://crisponcreek.com.au/lines/org-rice-malt-500g,https://dtgxwmigmg3gc.cloudfront.net/imagery/assets/derivations/icon/256/256/true/eyJpZCI6Ijk4MTEzNTgyYTFhMDA4ZTVhMDFmNTEwZDM0NGMyM2MzLnBuZyIsInN0b3JhZ2UiOiJwdWJsaWNfc3RvcmUifQ?signature=700eb79e18f3163ea104c7ea528fd1f53c156efa8128c130f13f0daa05d0c33d
Blissful Organics Coconut Desiccated Shredded Organic,Blissful_Organics_Coconut_Desiccated_Shredded_Organic.jpg,crisp_on_creek_images,/category/groceries,https://crisponcreek.com.au/lines/org-c-s-200g,https://dtgxwmigmg3gc.cloudfront.net/imagery/assets/derivations/icon/256/256/true/eyJpZCI6IjUxNDRjNzYxOTEwNDFhNGYxN2ZmMTdmNjkxYTQ1OTc1Iiwic3RvcmFnZSI6InB1YmxpY19zdG9yZSJ9?signature=7a8e8cf1f062ef27be89e14a58c787fa71248d44fade163624f1e2e9e2819892
Blissful Red Curry Coconut Milk,Blissful_Red_Curry_Coconut_Milk.jpg,crisp_on_creek_images,/category/groceries,https://crisponcreek.com.au/lines/org-red-curry-cm400g,https://dtgxwmigmg3gc.cloudfront.net/imagery/assets/derivations/icon/256/256/true/eyJpZCI6IjNiNmNjZjc0ODBmNTFlOGEzNzRhYTgzMDNhMDMwODE4LmpwZzIwMjUwMjE0LTE2NjU3MzEtdmV2dmh3Iiwic3RvcmFnZSI6InB1YmxpY19zdG9yZSJ9?signature=45c285b9491463d293b12bf497cef8219ca16d698ae561cc0e9f652d6d76edee
Blissfull Organics Green Curry Coconut Milk,Blissfull_Organics_Green_Curry_Coconut_Milk.jpg,crisp_on_creek_images,/category/groceries,https://crisponcreek.com.au/lines/org-green-curry-cm,https://dtgxwmigmg3gc.cloudfront.net/imagery/assets/derivations/icon/256/256/true/eyJpZCI6IjcwOTE0N2Y0YzVlMzcxNTFmNDRkNjQ5YTQ4MmUzYmExLnBuZzIwMjUwMjE0LTE3ODIwMjEtMTExZWhwcyIsInN0b3JhZ2UiOiJwdWJsaWNfc3RvcmUifQ?signature=68830797170df44ede0470ff50f121eab6242bfe914ddf80dd72e0b861755ad5
Bonomi Amaretti,Bonomi_Amaretti.jpg,crisp_on_creek_images,/category/groceries,https://crisponcreek.com.au/lines/bonomi-amaretti-200g,https://dtgxwmigmg3gc.cloudfront.net/imagery/assets/derivations/icon/256/256/true/eyJpZCI6ImM5ZDhlNzQyYzI1NWE0YzMyODQwNTM5MTZmYWNiYzA1Iiwic3RvcmFnZSI6InB1YmxpY19zdG9yZSJ9?signature=d4b806f44d1515924392067272e49dcd461e734206f31634db0a78df16bfd79d
Bonomi Sfogliatine,Bonomi_Sfogliatine.jpg,crisp_on_creek_images,/category/groceries,https://crisponcreek.com.au/lines/bonomi-sfogliatine-135g,https://dtgxwmigmg3gc.cloudfront.net/assets/no_image-2b66f888b650d4eb5136f9481a1bdba1f2c918331eba4030b603d2b62792e499.png
Bonsoy Kombucha Apple Cinnamon Can,Bonsoy_Kombucha_Apple_Cinnamon_Can.jpg,crisp_on_creek_images,/category/groceries,https://crisponcreek.com.au/lines/bonsoy-kombucha-apple-cinn-250ml,https://dtgxwmigmg3gc.cloudfront.net/imagery/assets/derivations/icon/256/256/true/eyJpZCI6ImNlMTVjNzM1MTM5MjJlYTg0ZGFlMTg5OTNkMTM4ODE4LmpwZyIsInN0b3JhZ2UiOiJwdWJsaWNfc3RvcmUifQ?signature=80ec2ffbb28032d791343b960abd7d86313548462e4c3e4e51358570d4f99c78
Bonsoy Kombucha Lemon Ginger Can,Bonsoy_Kombucha_Lemon_Ginger_Can.jpg,crisp_on_creek_images,/category/groceries,https://crisponcreek.com.au/lines/kombucha-lemon-ginger-250ml,https://dtgxwmigmg3gc.cloudfront.net/imagery/assets/derivations/icon/256/256/true/eyJpZCI6ImU3ZGZkZTU2Y2JkNDc2Y2MxMDEzNDI2NzU5N2Y1NGM1LmpwZyIsInN0b3JhZ2UiOiJwdWJsaWNfc3RvcmUifQ?signature=06321ca4db6f2306477689cef97dc6b107a7600c321a2194382be50720e45590
Bonsoysoymilk1l,Bonsoysoymilk1l.jpg,crisp_on_creek_images,/category/groceries,https://crisponcreek.com.au/lines/bonsoy-soy-milk-1l,https://dtgxwmigmg3gc.cloudfront.net/imagery/assets/derivations/icon/256/256/true/eyJpZCI6ImRjNjUwZjczYTgzYTk3YmM2YWUyOWU0N2UyNTRiZDVhIiwic3RvcmFnZSI6InB1YmxpY19zdG9yZSJ9?signature=f1835f4668495e322242e147c33d5d95d6bbc93bfb3d1eb7741bedc2be89cd4d
Borlands Choc Chip Shortbread,Borlands_Choc_Chip_Shortbread.jpg,crisp_on_creek_images,/category/groceries,https://crisponcreek.com.au/lines/macadamia-shortbread,https://dtgxwmigmg3gc.cloudfront.net/imagery/assets/derivations/icon/256/256/true/eyJpZCI6IjFlNjRhYjIxYmVjZjFjOWYwZDg5NmI2YjM4MjNmZTA2LnBuZyIsInN0b3JhZ2UiOiJwdWJsaWNfc3RvcmUifQ?signature=9e3b0c60a6f4ae6664a8d6e70013e2ad8d2913f618a139795b14d940b9d2518f
Brazil Nuts,Brazil_Nuts.jpg,crisp_on_creek_images,/category/groceries,https://crisponcreek.com.au/lines/brazil-nuts-150g,https://dtgxwmigmg3gc.cloudfront.net/imagery/assets/derivations/icon/256/256/true/eyJpZCI6IjMwZjAzNjZjOGEwYWMxNDJiMjEyNmE0NzRmMDk2Mjg2Iiwic3RvcmFnZSI6InB1YmxpY19zdG9yZSJ9?signature=229791c206f28dba4d08a7aec1fd5090bbc703f02dfc4764d9e0105bcad1e4ef
Bundaberg Sugar Raw Generic Size,Bundaberg_Sugar_Raw_Generic_Size.jpg,crisp_on_creek_images,/category/groceries,https://crisponcreek.com.au/lines/bundaberg-sugar-raw-1kg,https://dtgxwmigmg3gc.cloudfront.net/imagery/assets/derivations/icon/256/256/true/eyJpZCI6ImQ1MmY1MzRiOWVlZDViOWJhMDQxYzE0ZmY0MzBhMDZlIiwic3RvcmFnZSI6InB1YmxpY19zdG9yZSJ9?signature=55f2d0b5953a2325a92d3c52fbafb225719273ad70df894f69844133510f1b96
Buttercup Daires Salted,Buttercup_Daires_Salted.jpg,crisp_on_creek_images,/category/groceries,https://crisponcreek.com.au/lines/buttercup-daires-salted-1kg,https://dtgxwmigmg3gc.cloudfront.net/assets/no_image-2b66f888b650d4eb5136f9481a1bdba1f2c918331eba4030b603d2b62792e499.png
Buttercup Unsalted,Buttercup_Unsalted.jpg,crisp_on_creek_images,/category/groceries,https://crisponcreek.com.au/lines/buttercup-unsalted-1kg,https://dtgxwmigmg3gc.cloudfront.net/assets/no_image-2b66f888b650d4eb5136f9481a1bdba1f2c918331eba4030b603d2b62792e499.png
Byron Bay Choc Co Honeycomb Moonrocks,Byron_Bay_Choc_Co_Honeycomb_Moonrocks.jpg,crisp_on_creek_images,/category/groceries,https://crisponcreek.com.au/lines/byron-bay-choc-moon-rocks-200g,https://dtgxwmigmg3gc.cloudfront.net/imagery/assets/derivations/icon/256/256/true/eyJpZCI6IjIxOTBiNGU1NzU5YWMwYzE5MjM1MGNiZmE3NzI3YzA0Iiwic3RvcmFnZSI6InB1YmxpY19zdG9yZSJ9?signature=35d3a8798b05a7bfc8b072358b0bb47d280b56d314411d5f970bf30131eb7501
Byron Bay Pizza Margherita G/F,Byron_Bay_Pizza_Margherita_GF.jpg,crisp_on_creek_images,/category/groceries,https://crisponcreek.com.au/lines/byron-bay-pizza-margherita-g-f,https://dtgxwmigmg3gc.cloudfront.net/assets/no_image-2b66f888b650d4eb5136f9481a1bdba1f2c918331eba4030b603d2b62792e499.png
Cadbury Cherry Ripe Bar,Cadbury_Cherry_Ripe_Bar.jpg,crisp_on_creek_images,/category/groceries,https://crisponcreek.com.au/lines/cherry-ripe-44g,https://dtgxwmigmg3gc.cloudfront.net/imagery/assets/derivations/icon/256/256/true/eyJpZCI6IjkzODQzZDQwZDY1NTQxYWY4YTcwODI3NTEyOGExYThmLmpwZzIwMjUwNjE5LTI5NTQxNjgtODY0ZnNyIiwic3RvcmFnZSI6InB1YmxpY19zdG9yZSJ9?signature=36288cff2a6d46f73bc5fba53eef762dcdb285dd026b4dbafa0f1868d01c7f70
Cadbury Moro Bar,Cadbury_Moro_Bar.jpg,crisp_on_creek_images,/category/groceries,https://crisponcreek.com.au/lines/cad-moro-50g,https://dtgxwmigmg3gc.cloudfront.net/imagery/assets/derivations/icon/256/256/true/eyJpZCI6ImZjMzIzNmUyMzIzZTgwOTBjZDIxMjI4YjIxNjc1ZGM2Iiwic3RvcmFnZSI6InB1YmxpY19zdG9yZSJ9?signature=5195f6cc24efffa4fda27ae3bb2c98240fc3e49a35097f0b59c72e67f0b21873
Cadbury Old Gold Fry's Turkish Delight Dark Chocolate,Cadbury_Old_Gold_Fry's_Turkish_Delight_Dark_Chocolate.jpg,crisp_on_creek_images,/category/groceries,https://crisponcreek.com.au/lines/dark-turkish-del,https://dtgxwmigmg3gc.cloudfront.net/imagery/assets/derivations/icon/256/256/true/eyJpZCI6IjA2ZGU5MWQ5NzY5ZGI0ZjlhNGU1Y2MxZWQ3OTgxMzE0Iiwic3RvcmFnZSI6InB1YmxpY19zdG9yZSJ9?signature=fbb0e22c2f12716a81560d9b77deb6a6992f03eaab07bbe943b94747a6357c4f
Candinavia Marshmallow Strawberry Hearts,Candinavia_Marshmallow_Strawberry_Hearts.jpg,crisp_on_creek_images,/category/groceries,https://crisponcreek.com.au/lines/candinavia-marshmallows-straw,https://dtgxwmigmg3gc.cloudfront.net/imagery/assets/derivations/icon/256/256/true/eyJpZCI6ImE4ZDgxYmFhMTJjZGRkM2FmYzQzNTc1NjgyZGYxZTIyIiwic3RvcmFnZSI6InB1YmxpY19zdG9yZSJ9?signature=76d308611ab3f43d4a345cca6ff212df1d5b03aeb00af4086ed2f89a8afd58ab
Candinavia Marshmallow Vanilla,Candinavia_Marshmallow_Vanilla.jpg,crisp_on_creek_images,/category/groceries,https://crisponcreek.com.au/lines/candinavia-marshmallows-white,https://dtgxwmigmg3gc.cloudfront.net/imagery/assets/derivations/icon/256/256/true/eyJpZCI6IjdlOGJmZDM2NmE1ZDNiMDc1ZjA4OGViNWVlMTIyNjQ2Iiwic3RvcmFnZSI6InB1YmxpY19zdG9yZSJ9?signature=54cacc02b7d057f16a14c377650220d2575ae6c27e3055906a3924ed4c980f53
Capriccio Anchovy Fillets In Olive Oil With Hot Pepper,Capriccio_Anchovy_Fillets_In_Olive_Oil_With_Hot_Pepper.jpg,crisp_on_creek_images,/category/groceries,https://crisponcreek.com.au/lines/capriccio-anchovy-hotpepper-50g,https://dtgxwmigmg3gc.cloudfront.net/imagery/assets/derivations/icon/256/256/true/eyJpZCI6IjEzZDI1ZWMyMGI3YTRiZDJkZTJkN2M5ZmI2NDI0ZWVmIiwic3RvcmFnZSI6InB1YmxpY19zdG9yZSJ9?signature=1b7ede9912fee34cad3bfb3583b453354e78faa54bc57ea70fcbfdc51012debe
Capriccio Borlotti Beans,Capriccio_Borlotti_Beans.jpg,crisp_on_creek_images,/category/groceries,https://crisponcreek.com.au/lines/capriccio-borlotti-beans-400g,https://dtgxwmigmg3gc.cloudfront.net/imagery/assets/derivations/icon/256/256/true/eyJpZCI6IjM2ZmY3NmM5Yzk3NzAyYmFkZmI5ZWM4ZTJmM2UzZTVjIiwic3RvcmFnZSI6InB1YmxpY19zdG9yZSJ9?signature=02b29ec273c4d38833c57b39dd89e457e039dbd8544e9ad7289592eb1e4fe8df
Capriccio Butter Beans,Capriccio_Butter_Beans.jpg,crisp_on_creek_images,/category/groceries,https://crisponcreek.com.au/lines/capriccio-butter-beans-400g,https://dtgxwmigmg3gc.cloudfront.net/imagery/assets/derivations/icon/256/256/true/eyJpZCI6IjdjNTY5YmZkOWNjY2VmZjg3MGNkM2ZjOWRjNzQ5YjFkIiwic3RvcmFnZSI6InB1YmxpY19zdG9yZSJ9?signature=a0c2335d4438d630baf29aca434bb2d473d3a5c3b9bcd6adef74075a5720ca18
Capriccio Cannellini Beans,Capriccio_Cannellini_Beans.jpg,crisp_on_creek_images,/category/groceries,https://crisponcreek.com.au/lines/capriccio-cannellini-beans-400g,https://dtgxwmigmg3gc.cloudfront.net/imagery/assets/derivations/icon/256/256/true/eyJpZCI6IjM2OGI5YjMzYWFjYjM2ZGI5ODRkNDI2MWFiZmU4ZTAxIiwic3RvcmFnZSI6InB1YmxpY19zdG9yZSJ9?signature=6c2456014169c4b7160d3b35bd771709d2bf932438f43e77d1fbdc0bf5867c27
Capriccio Lentils,Capriccio_Lentils.jpg,crisp_on_creek_images,/category/groceries,https://crisponcreek.com.au/lines/capriccio-lentils-400g,https://dtgxwmigmg3gc.cloudfront.net/imagery/assets/derivations/icon/256/256/true/eyJpZCI6ImQ3Y2ZiMjFhMGQ3ZGYwZmY0NzFlMGU2NGZlZDQ0NzQ0Iiwic3RvcmFnZSI6InB1YmxpY19zdG9yZSJ9?signature=1672d5217d8829887ba821428cbe8ffcbf0c3fbc7135e6dce3ef84c22b8999cc
Capriccio Seasoned Peppers,Capriccio_Seasoned_Peppers.jpg,crisp_on_creek_images,/category/groceries,https://crisponcreek.com.au/lines/capriccio-seasoned-peppers-500g,https://dtgxwmigmg3gc.cloudfront.net/imagery/assets/derivations/icon/256/256/true/eyJpZCI6ImE2M2QwZDhhYzJmMTNhYzRkMjRjYWVlMDc0ZjE4ZmViIiwic3RvcmFnZSI6InB1YmxpY19zdG9yZSJ9?signature=6bd076e840c8d8b9ffe6433b0c75f4e4681755b5066880b3e2a50bcfeda20364
Capriccio Tomato Paste Organic,Capriccio_Tomato_Paste_Organic.jpg,crisp_on_creek_images,/category/groceries,https://crisponcreek.com.au/lines/capriccio-org-tom-paste-200g,https://dtgxwmigmg3gc.cloudfront.net/imagery/assets/derivations/icon/256/256/true/eyJpZCI6ImI4OTBmNmQ3OGNiZjJhZTNmNmYzM2NhMjZhYTg5ZDYxLnBuZzIwMjYwMTI3LTI1MTIyNTktbW93bDUxIiwic3RvcmFnZSI6InB1YmxpY19zdG9yZSJ9?signature=cb9e9594b03c537be9550fca8ea51ea94282207766940f86bae40699789cf18c
Capriccio Tomato Sauce,Capriccio_Tomato_Sauce.jpg,crisp_on_creek_images,/category/groceries,https://crisponcreek.com.au/lines/capriccio-tomato-sauce-700g,https://dtgxwmigmg3gc.cloudfront.net/imagery/assets/derivations/icon/256/256/true/eyJpZCI6IjUwNDgxMGViMTliZTEzMzBjZGI4YzJlZGRjZWVkMDlmIiwic3RvcmFnZSI6InB1YmxpY19zdG9yZSJ9?signature=077895756a0734e5bdf4b4e07486f531d616a1642eb5070bb3a4ab5a6514727a
Capriccio Tomatoes Peeled,Capriccio_Tomatoes_Peeled.jpg,crisp_on_creek_images,/category/groceries,https://crisponcreek.com.au/lines/capriccio-peeled-tomatoes-400g,https://dtgxwmigmg3gc.cloudfront.net/imagery/assets/derivations/icon/256/256/true/eyJpZCI6Ijg2ZTQwMTNhMTRlOTE4N2UxZDRmYzY2Njc3YjgxOGVjIiwic3RvcmFnZSI6InB1YmxpY19zdG9yZSJ9?signature=5f499a9ac4a2a4b447fb070812caf36c6569f0f0317f9f2a5edf6ddd71785f1e
Capriccio Tuna Olive Oil 3 Pk,Capriccio_Tuna_Olive_Oil_3_Pk.jpg,crisp_on_creek_images,/category/groceries,https://crisponcreek.com.au/lines/capriccio-tuna-olive-oil-3-pk,https://dtgxwmigmg3gc.cloudfront.net/imagery/assets/derivations/icon/256/256/true/eyJpZCI6IjcxMWJiOWYzZWFiYWNmOGY1OGQyNjIxYzhjMzU0ZTYwIiwic3RvcmFnZSI6InB1YmxpY19zdG9yZSJ9?signature=675f557fffe547896c66fffbde1117af8639cb36b522c39308e4a454a7b29c09
Capricio Anchovy Fillets,Capricio_Anchovy_Fillets.jpg,crisp_on_creek_images,/category/groceries,https://crisponcreek.com.au/lines/capricio-anchovy-fillets-90g,https://dtgxwmigmg3gc.cloudfront.net/imagery/assets/derivations/icon/256/256/true/eyJpZCI6IjIwZWYzOTE2NGQ1M2ZmMTQ4YjVlZTExYzE5NzFiZDUxIiwic3RvcmFnZSI6InB1YmxpY19zdG9yZSJ9?signature=53fb77cae44533e2a23e85b357edcc9f0537af2b01bcafe44773498d547c581c
Casalare Macaroni Twists,Casalare_Macaroni_Twists.jpg,crisp_on_creek_images,/category/groceries,https://crisponcreek.com.au/lines/casalare-macaroni-250g,https://dtgxwmigmg3gc.cloudfront.net/imagery/assets/derivations/icon/256/256/true/eyJpZCI6ImYxYTlkNTVlMGE2NWI0ZThlOWI3OTEyNmYwMmUwOGZjIiwic3RvcmFnZSI6InB1YmxpY19zdG9yZSJ9?signature=095a4410e18dd75803802b38c07063b165b04d69b291aa03e82c814cc5686598
Cashew Macadamia Mix,Cashew_Macadamia_Mix.jpg,crisp_on_creek_images,/category/groceries,https://crisponcreek.com.au/lines/cashew-macadamia-mix-154g,https://dtgxwmigmg3gc.cloudfront.net/imagery/assets/derivations/icon/256/256/true/eyJpZCI6IjE5MDVhNDBiMmE4MGU5ZjY0MDRjYmFjODY3NmFjNTZhIiwic3RvcmFnZSI6InB1YmxpY19zdG9yZSJ9?signature=ff0cbd839cfd5fff78aac2bbc735bf9cfe2aa4212e5f0422cd60c96c2deec994
Centuries Chinese Five Spice,Centuries_Chinese_Five_Spice.jpg,crisp_on_creek_images,/category/groceries,https://crisponcreek.com.au/lines/centuries-chinese-five-spice,https://dtgxwmigmg3gc.cloudfront.net/assets/no_image-2b66f888b650d4eb5136f9481a1bdba1f2c918331eba4030b603d2b62792e499.png
Centuries Curry Powder Mild,Centuries_Curry_Powder_Mild.jpg,crisp_on_creek_images,/category/groceries,https://crisponcreek.com.au/lines/centuries-curry-powder-mild,https://dtgxwmigmg3gc.cloudfront.net/assets/no_image-2b66f888b650d4eb5136f9481a1bdba1f2c918331eba4030b603d2b62792e499.png
Centuries Curry Raja Blend,Centuries_Curry_Raja_Blend.jpg,crisp_on_creek_images,/category/groceries,https://crisponcreek.com.au/lines/centuries-curry-raja-blend,https://dtgxwmigmg3gc.cloudfront.net/assets/no_image-2b66f888b650d4eb5136f9481a1bdba1f2c918331eba4030b603d2b62792e499.png
Centuries Sea Salt,Centuries_Sea_Salt.jpg,crisp_on_creek_images,/category/groceries,https://crisponcreek.com.au/lines/centuries-sea-salt,https://dtgxwmigmg3gc.cloudfront.net/assets/no_image-2b66f888b650d4eb5136f9481a1bdba1f2c918331eba4030b603d2b62792e499.png
Challange Gold Medal Crushed Chillies,Challange_Gold_Medal_Crushed_Chillies.jpg,crisp_on_creek_images,/category/groceries,https://crisponcreek.com.au/lines/challenge-crushed-chilli,https://dtgxwmigmg3gc.cloudfront.net/imagery/assets/derivations/icon/256/256/true/eyJpZCI6ImY1ZjMxZmIxNDBiYWQ0YjZjZDE4YmZlZjA1NTRmNjA0Iiwic3RvcmFnZSI6InB1YmxpY19zdG9yZSJ9?signature=98c3d3f8b81a30540b8aa613cd986107dc9de573a84892fe241065bd8bcb4cd1
Challenge Gold Crushed Garlic,Challenge_Gold_Crushed_Garlic.jpg,crisp_on_creek_images,/category/groceries,https://crisponcreek.com.au/lines/challenge-crushed-garlic,https://dtgxwmigmg3gc.cloudfront.net/imagery/assets/derivations/icon/256/256/true/eyJpZCI6ImY0YmU5YzU0ZWZmZjRkMGViODE1YTZkNWU4MzQ1ZjAyLmpwZyIsInN0b3JhZ2UiOiJwdWJsaWNfc3RvcmUifQ?signature=43e0c6ded4ebad63750689c1dafa0ad2a2fdfd33a9bbaed12c36d1cdf7fdcf87
Chef's Choice Oat Flour,Chef's_Choice_Oat_Flour.jpg,crisp_on_creek_images,/category/groceries,https://crisponcreek.com.au/lines/chefs-organic-oat-flour-500g,https://dtgxwmigmg3gc.cloudfront.net/imagery/assets/derivations/icon/256/256/true/eyJpZCI6IjgzNGU4MzQ0MWNhNmQ0MzdlOTVkYWI2YzMxMDI0YWRhLnBuZyIsInN0b3JhZ2UiOiJwdWJsaWNfc3RvcmUifQ?signature=c85a67f3521bccb989972b17555c9d28ea2fe1d84392c8a7e9cfb84988587ccd
Chtoura Fiels Hot Pepper,Chtoura_Fiels_Hot_Pepper.jpg,crisp_on_creek_images,/category/groceries,https://crisponcreek.com.au/lines/chtoura-fiels-hot-pepper-500g,https://dtgxwmigmg3gc.cloudfront.net/assets/no_image-2b66f888b650d4eb5136f9481a1bdba1f2c918331eba4030b603d2b62792e499.png
Chtoura Pick/Vine Leaves,Chtoura_PickVine_Leaves.jpg,crisp_on_creek_images,/category/groceries,https://crisponcreek.com.au/lines/chtoura-pick-vine-leaves,https://dtgxwmigmg3gc.cloudfront.net/assets/no_image-2b66f888b650d4eb5136f9481a1bdba1f2c918331eba4030b603d2b62792e499.png
Chtoura Rose Water,Chtoura_Rose_Water.jpg,crisp_on_creek_images,/category/groceries,https://crisponcreek.com.au/lines/chtoura-rose-water-500ml,https://dtgxwmigmg3gc.cloudfront.net/assets/no_image-2b66f888b650d4eb5136f9481a1bdba1f2c918331eba4030b603d2b62792e499.png
Cimino Classic Petite,Cimino_Classic_Petite.jpg,crisp_on_creek_images,/category/groceries,https://crisponcreek.com.au/lines/cimino-classic-petite-190g,https://dtgxwmigmg3gc.cloudfront.net/imagery/assets/derivations/icon/256/256/true/eyJpZCI6ImJkYmRlYjRlNTNjY2NkMTgxOGM3MWQ4ZGI0NjA3MGMzIiwic3RvcmFnZSI6InB1YmxpY19zdG9yZSJ9?signature=448b1d81fd687841c6275b4dc4a136a39a70eca0c7bf53a6ec4547ab6a7c5ee5
Cobram Estate Ultra Premium Coratina Ev Olive Oil,Cobram_Estate_Ultra_Premium_Coratina_Ev_Olive_Oil.jpg,crisp_on_creek_images,/category/groceries,https://crisponcreek.com.au/lines/cobram-olive-oil,https://dtgxwmigmg3gc.cloudfront.net/imagery/assets/derivations/icon/256/256/true/eyJpZCI6ImMzMTQ5ZjE0MjY1YjUxNzhkMjNkZjk2ZjEzZWI2MGJhIiwic3RvcmFnZSI6InB1YmxpY19zdG9yZSJ9?signature=6913fe90176e5d53bddd0d73039006d2d3145cd7dfb10c52da14a89e755c6f00
Cocobella Coconut Water Coffee,Cocobella_Coconut_Water_Coffee.jpg,crisp_on_creek_images,/category/groceries,https://crisponcreek.com.au/lines/cocobella-coffee-1l,https://dtgxwmigmg3gc.cloudfront.net/imagery/assets/derivations/icon/256/256/true/eyJpZCI6IjE5MWNiNjFlZGRjN2JhMWNkNWUxZWIxNTAzNDE3OWFkLnBuZzIwMjUwODA4LTI5MDUxNDktOWo2YzNrIiwic3RvcmFnZSI6InB1YmxpY19zdG9yZSJ9?signature=caae3a027eb353e47c2b3789e0e571f813942d439f931d4a8b24186cd36aba11
Cola Bottles Sour,Cola_Bottles_Sour.jpg,crisp_on_creek_images,/category/groceries,https://crisponcreek.com.au/lines/cola-bottles-sour-250g,https://dtgxwmigmg3gc.cloudfront.net/assets/no_image-2b66f888b650d4eb5136f9481a1bdba1f2c918331eba4030b603d2b62792e499.png
Colavita Balsamic Glaze,Colavita_Balsamic_Glaze.jpg,crisp_on_creek_images,/category/groceries,https://crisponcreek.com.au/lines/colavita-glaze-250ml,https://dtgxwmigmg3gc.cloudfront.net/imagery/assets/derivations/icon/256/256/true/eyJpZCI6ImNjMjk3NWUxM2FjZjI4MWQ5OGJmOTE2Mjg3NzYxYzAwIiwic3RvcmFnZSI6InB1YmxpY19zdG9yZSJ9?signature=b83535c36f088fdf03b9bbe2c67d66add905f325f4aadc9650b84ca929f6a9b1
Colavita Olive Oil,Colavita_Olive_Oil.jpg,crisp_on_creek_images,/category/groceries,https://crisponcreek.com.au/lines/colavita-olive-oil-1l-1,https://dtgxwmigmg3gc.cloudfront.net/assets/no_image-2b66f888b650d4eb5136f9481a1bdba1f2c918331eba4030b603d2b62792e499.png
Colavita Prosecco White Wine Vinegar,Colavita_Prosecco_White_Wine_Vinegar.jpg,crisp_on_creek_images,/category/groceries,https://crisponcreek.com.au/lines/colavita-white-wine-vinegar-500m-1,https://dtgxwmigmg3gc.cloudfront.net/imagery/assets/derivations/icon/256/256/true/eyJpZCI6ImYyMzdkYjgzN2ViNDAzNDliN2Y0YzZjM2Q3YzAxMDIzIiwic3RvcmFnZSI6InB1YmxpY19zdG9yZSJ9?signature=a43ff55b4967ca92d7bd906fda690e068f3741a566cd210621dec8d8c85fa77f
Colavita Red Wine Vinegar,Colavita_Red_Wine_Vinegar.jpg,crisp_on_creek_images,/category/groceries,https://crisponcreek.com.au/lines/colavita-red-wine-vinegar-500ml,https://dtgxwmigmg3gc.cloudfront.net/imagery/assets/derivations/icon/256/256/true/eyJpZCI6IjdlYzY5ZjEzNDYwZGZhZGM1MWI2OTQ5MzMxMGFlZGU3Iiwic3RvcmFnZSI6InB1YmxpY19zdG9yZSJ9?signature=7207b98d03d64fe8cf1ac498e549f6b117c870e3ab28539e116b800a7fd0e8f0
Colavita White Wine Vinegar,Colavita_White_Wine_Vinegar.jpg,crisp_on_creek_images,/category/groceries,https://crisponcreek.com.au/lines/colavita-white-wine-vinegar-500m,https://dtgxwmigmg3gc.cloudfront.net/imagery/assets/derivations/icon/256/256/true/eyJpZCI6IjYxYzExOTE2ZjNjYjQyYTVlODcyODc3MGQ0NDQ1M2VlLndlYnAyMDI1MDgwNC0xNDc3NzA5LWpiazh2bSIsInN0b3JhZ2UiOiJwdWJsaWNfc3RvcmUifQ?signature=85602a03ee0e6d4b4484e6665e1a361737dde289597809f0beb79e1311319863
Crostoli King Almond Bread,Crostoli_King_Almond_Bread.jpg,crisp_on_creek_images,/category/groceries,https://crisponcreek.com.au/lines/crostoli-king-almond-bread-150g,https://dtgxwmigmg3gc.cloudfront.net/imagery/assets/derivations/icon/256/256/true/eyJpZCI6IjFhYTc5YTIyMzAyMGEzNzU0NmEzNjg4Mjk2ZDg3YjVkIiwic3RvcmFnZSI6InB1YmxpY19zdG9yZSJ9?signature=10f787af3c8b222135baa88dd6ed0a3d33f22a18b8fe7fea205cf1bc41b76ea4
Csr White Sugar,Csr_White_Sugar.jpg,crisp_on_creek_images,/category/groceries,https://crisponcreek.com.au/lines/csr-white-sugar-1kg,https://dtgxwmigmg3gc.cloudfront.net/imagery/assets/derivations/icon/256/256/true/eyJpZCI6IjI0YjBlNGZkYzZjMTlkN2ExZDlmN2M1YjQ0NDMzN2M4Iiwic3RvcmFnZSI6InB1YmxpY19zdG9yZSJ9?signature=d2f398b620a5c696b426618ec41af3621f50f3ad22b686f9b49e1f46439afd0d
Dolci Savoiardi Ladyfingers,Dolci_Savoiardi_Ladyfingers.jpg,crisp_on_creek_images,/category/groceries,https://crisponcreek.com.au/lines/biscotti-tiramisu-400g,https://dtgxwmigmg3gc.cloudfront.net/imagery/assets/derivations/icon/256/256/true/eyJpZCI6ImQ2ZGExNGE2NDdkYmJiNjgzYmU3NGIyNjVlYWM1ZGNhIiwic3RvcmFnZSI6InB1YmxpY19zdG9yZSJ9?signature=7fd224930e968324f5e3ab3a640d7a2ffacf381bad9fd39570f15eb91d1ddf2e
Dole Pineapple Crushed In Juice Canned,Dole_Pineapple_Crushed_In_Juice_Canned.jpg,crisp_on_creek_images,/category/groceries,https://crisponcreek.com.au/lines/dole-pine-crsh-in-jce-432g,https://dtgxwmigmg3gc.cloudfront.net/imagery/assets/derivations/icon/256/256/true/eyJpZCI6ImJjOGI1YmQwNjBmNTQ4OWRiMjE2ZWZhMWYwYjZjMjkwIiwic3RvcmFnZSI6InB1YmxpY19zdG9yZSJ9?signature=d9adeee805969adaf7bec28ee50806396435e6725652b8ef0eacdbc70684b41f
Dough Vinci Cg Vege & Goat,Dough_Vinci_Cg_Vege_&_Goat.jpg,crisp_on_creek_images,/category/groceries,https://crisponcreek.com.au/lines/dough-vinci-cg-vege-goat-380g,https://dtgxwmigmg3gc.cloudfront.net/assets/no_image-2b66f888b650d4eb5136f9481a1bdba1f2c918331eba4030b603d2b62792e499.png
Dough Vinci Italian 4ch Del,Dough_Vinci_Italian_4ch_Del.jpg,crisp_on_creek_images,/category/groceries,https://crisponcreek.com.au/lines/dough-vinci-italian-4ch-del-310g,https://dtgxwmigmg3gc.cloudfront.net/assets/no_image-2b66f888b650d4eb5136f9481a1bdba1f2c918331eba4030b603d2b62792e499.png
Dough Vinci Sd-Tom & Fior Dl 340,Dough_Vinci_Sd-Tom_&_Fior_Dl_340.jpg,crisp_on_creek_images,/category/groceries,https://crisponcreek.com.au/lines/dough-vinci-sd-tom-fior-dl-340,https://dtgxwmigmg3gc.cloudfront.net/assets/no_image-2b66f888b650d4eb5136f9481a1bdba1f2c918331eba4030b603d2b62792e499.png
Dried Sul Choc,Dried_Sul_Choc.jpg,crisp_on_creek_images,/category/groceries,https://crisponcreek.com.au/lines/dried-sul-choc-200g,https://dtgxwmigmg3gc.cloudfront.net/imagery/assets/derivations/icon/256/256/true/eyJpZCI6ImNlZGU3MWE5ZDc2OGNiMTBjMmYwNjY4MjY3MWI4NDY2Iiwic3RvcmFnZSI6InB1YmxpY19zdG9yZSJ9?signature=cfc04ddfaa42cb316b168a0e250a9868a6d48c1005f44d9d842d523eff6c48f2
Eclipse Organics Probiotic Lumberjack Muesli,Eclipse_Organics_Probiotic_Lumberjack_Muesli.jpg,crisp_on_creek_images,/category/groceries,https://crisponcreek.com.au/lines/m-g-probiotic-muesli-410g,https://dtgxwmigmg3gc.cloudfront.net/imagery/assets/derivations/icon/256/256/true/eyJpZCI6IjZmMzY1NTA5MThjNjEyNjRlZWMxZDg0N2I1OTEzNGFkLmpwZyIsInN0b3JhZ2UiOiJwdWJsaWNfc3RvcmUifQ?signature=9b457c1adba178817bc26070122d95ac32e500f49e31dadc7c83c8f9f5530a74
F Quail Eggs,F_Quail_Eggs.jpg,crisp_on_creek_images,/category/groceries,https://crisponcreek.com.au/lines/f-quail-eggs,https://dtgxwmigmg3gc.cloudfront.net/assets/no_image-2b66f888b650d4eb5136f9481a1bdba1f2c918331eba4030b603d2b62792e499.png
Fever-Tree Light Mediterranean Tonic Water,Fever-Tree_Light_Mediterranean_Tonic_Water.jpg,crisp_on_creek_images,/category/groceries,https://crisponcreek.com.au/lines/tonic-water-light-500g,https://dtgxwmigmg3gc.cloudfront.net/imagery/assets/derivations/icon/256/256/true/eyJpZCI6IjRiMDIwOWFhMWRmZTVmYzVjMjEwNTRkOWZmMGJlYTA1Iiwic3RvcmFnZSI6InB1YmxpY19zdG9yZSJ9?signature=6de85a472ecd378edbadb46f20ff73b84442114030f410510e40a5b4472ef750
Fever-Tree Light Premium Indian Tonic Water,Fever-Tree_Light_Premium_Indian_Tonic_Water.jpg,crisp_on_creek_images,/category/groceries,https://crisponcreek.com.au/lines/ft-tonic-water-light,https://dtgxwmigmg3gc.cloudfront.net/imagery/assets/derivations/icon/256/256/true/eyJpZCI6ImQ1YjU2NGYxYzM1N2EyNGViYzY1YzFjZDJmOTkyYmI4Iiwic3RvcmFnZSI6InB1YmxpY19zdG9yZSJ9?signature=460263a5a6310e97d9407519b8ec9bf7db98cdff892c3fccc8d8b9dff1cbd294
Fever-Tree Light Wild Raspberry Tonic Water,Fever-Tree_Light_Wild_Raspberry_Tonic_Water.jpg,crisp_on_creek_images,/category/groceries,https://crisponcreek.com.au/lines/ft-w-raspberry-t-water-500ml,https://dtgxwmigmg3gc.cloudfront.net/imagery/assets/derivations/icon/256/256/true/eyJpZCI6ImZlNmFhZTZkNjJmYWZjYzhkOTFiODYxNjRjN2UyYWNlIiwic3RvcmFnZSI6InB1YmxpY19zdG9yZSJ9?signature=6980dd86e5357422c2f87858e6fcaf6d8f6cf7be16e998d761b37f02c3ce1917
Fever-Tree Pink Grapefruit Soda,Fever-Tree_Pink_Grapefruit_Soda.jpg,crisp_on_creek_images,/category/groceries,https://crisponcreek.com.au/lines/ft-pink-grap-f-soda-4-pack,https://dtgxwmigmg3gc.cloudfront.net/imagery/assets/derivations/icon/256/256/true/eyJpZCI6ImUwODNmYzA2NGIxNGE1Yzc2NTY0MDhmYTlhMjM5MWVjIiwic3RvcmFnZSI6InB1YmxpY19zdG9yZSJ9?signature=26cce0b1b7e4fe5966847d007f89b44eaa54cfa1fe0ba1830e7f1839f98b3e72
Fever-Tree Premium Ginger Beer,Fever-Tree_Premium_Ginger_Beer.jpg,crisp_on_creek_images,/category/groceries,https://crisponcreek.com.au/lines/fever-tree-ginger-beer-500ml,https://dtgxwmigmg3gc.cloudfront.net/imagery/assets/derivations/icon/256/256/true/eyJpZCI6ImRhOTM3YWQyNmQxZGNhMTU1ZTA5ZTM4MzFmNGNhODg0Iiwic3RvcmFnZSI6InB1YmxpY19zdG9yZSJ9?signature=622ff2ff31c4a1c82c1137c112b8f616426013d47f59363f023a7c85d548c7d9
Fever-Tree Sicilian Lemon Soda,Fever-Tree_Sicilian_Lemon_Soda.jpg,crisp_on_creek_images,/category/groceries,https://crisponcreek.com.au/lines/fever-tree-lemon-soda-4-pack,https://dtgxwmigmg3gc.cloudfront.net/imagery/assets/derivations/icon/256/256/true/eyJpZCI6ImYyNTY0MGZmODI0NDg0YThiOTA0YzIwOTc1YWQwNjZiIiwic3RvcmFnZSI6InB1YmxpY19zdG9yZSJ9?signature=5264108b38f69d1007d7ea90a6cf8f15dddf75767ea120e37187414708626c19
Fresh Press Cold Drip Coffee,Fresh_Press_Cold_Drip_Coffee.jpg,crisp_on_creek_images,/category/groceries,https://crisponcreek.com.au/lines/fp-cold-drip-coffee,https://dtgxwmigmg3gc.cloudfront.net/imagery/assets/derivations/icon/256/256/true/eyJpZCI6IjEyMzU1ZGJlZmYzM2RmMzA2ZTM4NDE0ODlhZGUwZTUwLmpwZzIwMjYwMTEyLTI3MTc1MjQtNHN4Z3MzIiwic3RvcmFnZSI6InB1YmxpY19zdG9yZSJ9?signature=faef262e7418216bd4d79eb4d58e5883e917da8a254a98d2804f42e554da5a10
Funday Fruity Flavoured Gummy Snakes Unit 50g,Funday_Fruity_Flavoured_Gummy_Snakes_Unit_50g.jpg,crisp_on_creek_images,/category/groceries,https://crisponcreek.com.au/lines/funday-fruity-gummy-50g,https://dtgxwmigmg3gc.cloudfront.net/imagery/assets/derivations/icon/256/256/true/eyJpZCI6ImQxZGU1MmM4NGRkNDgxZDc1OGRhMzU3NjQ5NjY5NWM2Iiwic3RvcmFnZSI6InB1YmxpY19zdG9yZSJ9?signature=3f8a48589597230984835ec8f8e148fcb0c3a98037a31a9923888c9a54f88f2d
Funday Lollipop Singles,Funday_Lollipop_Singles.jpg,crisp_on_creek_images,/category/groceries,https://crisponcreek.com.au/lines/funday-lollipops,https://dtgxwmigmg3gc.cloudfront.net/imagery/assets/derivations/icon/256/256/true/eyJpZCI6ImFhYjIwNTk3ZmExNjMwNTY1ZGVhZGRmMWFmZTgyOGYwLndlYnAiLCJzdG9yYWdlIjoicHVibGljX3N0b3JlIn0?signature=38e1c0dcc059a1181eac82928415402def006c62269f09098072dd4f5b423041
Funday Natural Sweets Party Mix,Funday_Natural_Sweets_Party_Mix.jpg,crisp_on_creek_images,/category/groceries,https://crisponcreek.com.au/lines/funday-party-mix-50g,https://dtgxwmigmg3gc.cloudfront.net/imagery/assets/derivations/icon/256/256/true/eyJpZCI6ImU5Nzc4ZjJjYjY5MjZhNjlmY2EwODY2NjI5OGJhYzA2Iiwic3RvcmFnZSI6InB1YmxpY19zdG9yZSJ9?signature=f7243deb297283dfa43706a53fe97eae2047ed248b022b05d13c9d764693eb97
Funday Natural Sweets Raspberry Flavoured Gummy Frogs,Funday_Natural_Sweets_Raspberry_Flavoured_Gummy_Frogs.jpg,crisp_on_creek_images,/category/groceries,https://crisponcreek.com.au/lines/funday-raspberry-gummy-50g,https://dtgxwmigmg3gc.cloudfront.net/imagery/assets/derivations/icon/256/256/true/eyJpZCI6ImE4ZDkzMTZlZGU0ZDJhNmIzNTQzNGI2ZmQ1N2FjY2JiIiwic3RvcmFnZSI6InB1YmxpY19zdG9yZSJ9?signature=fe125841b1942bc91b6836e480772343c4792bf86f6981b5054ecc0be41f3640
Funday Natural Sweets Sour Peach Flavoured Hearts,Funday_Natural_Sweets_Sour_Peach_Flavoured_Hearts.jpg,crisp_on_creek_images,/category/groceries,https://crisponcreek.com.au/lines/funday-sour-peach-50g,https://dtgxwmigmg3gc.cloudfront.net/imagery/assets/derivations/icon/256/256/true/eyJpZCI6ImJkMWM1NjQ2YzQ4N2U5ZDJkYzQ1YjcyOTE5ZDU1YTUzIiwic3RvcmFnZSI6InB1YmxpY19zdG9yZSJ9?signature=d72e08f9e841af919f3de33cfea9caf54bde39e7efb7b2a2114c03fc426af7c4
Funday Natural Sweets Strawberry & Cream Flavoured Gummies,Funday_Natural_Sweets_Strawberry_&_Cream_Flavoured_Gummies.jpg,crisp_on_creek_images,/category/groceries,https://crisponcreek.com.au/lines/funday-strawberry-50g,https://dtgxwmigmg3gc.cloudfront.net/imagery/assets/derivations/icon/256/256/true/eyJpZCI6IjAxYTdhNTI4YTE0MThiYTBjZTExNjlmMWQyODNkYjlhIiwic3RvcmFnZSI6InB1YmxpY19zdG9yZSJ9?signature=729cf60c95ecacca302b6e8b222d89bd627214ecefe6961bd171b8e6a68c75e7
Funday Sour Cola Bottles,Funday_Sour_Cola_Bottles.jpg,crisp_on_creek_images,/category/groceries,https://crisponcreek.com.au/lines/funday-sour-cola-50g,https://dtgxwmigmg3gc.cloudfront.net/imagery/assets/derivations/icon/256/256/true/eyJpZCI6ImNjN2I0MDg1Yjk0ZWI2YzBkNTBmY2RhZGNkMmY2MzM5Iiwic3RvcmFnZSI6InB1YmxpY19zdG9yZSJ9?signature=aa74a6aab1c32e9eba75614bdde8844c4cba2575ec6cb812bddbaa0c172c60c8
Funday Sour Gummy Bears,Funday_Sour_Gummy_Bears.jpg,crisp_on_creek_images,/category/groceries,https://crisponcreek.com.au/lines/funday-sour-gummy-50g,https://dtgxwmigmg3gc.cloudfront.net/imagery/assets/derivations/icon/256/256/true/eyJpZCI6IjdjN2ZiMTQyODkxNmI4NWZkNDlmNTExYTZlMTQ0OTA5Iiwic3RvcmFnZSI6InB1YmxpY19zdG9yZSJ9?signature=32f6546bd9050449a4215f9e80c050dbbcfa1a8dd8990f56d15439f8f17f0a74
G-Fresh Mango Slices In Light Syrup,G-Fresh_Mango_Slices_In_Light_Syrup.jpg,crisp_on_creek_images,/category/groceries,https://crisponcreek.com.au/lines/g-fresh-mango-slice,https://dtgxwmigmg3gc.cloudfront.net/imagery/assets/derivations/icon/256/256/true/eyJpZCI6IjBkYTcxOWViYTFiYWViZWJlMjk4OTQ3NGIwZWFkZDI2Iiwic3RvcmFnZSI6InB1YmxpY19zdG9yZSJ9?signature=61c27fb68595c034418685b69fa9437b21b3693dc56a27b77a8c6b1b33ac82ad
Garden Fresh Spice,Garden_Fresh_Spice.jpg,crisp_on_creek_images,/category/groceries,https://crisponcreek.com.au/lines/garden-fresh-spice,https://dtgxwmigmg3gc.cloudfront.net/assets/no_image-2b66f888b650d4eb5136f9481a1bdba1f2c918331eba4030b603d2b62792e499.png
Gas Swap And Go Large 8.5,Gas_Swap_And_Go_Large_8.5.jpg,crisp_on_creek_images,/category/groceries,https://crisponcreek.com.au/lines/gas-swap-and-go-large-8-5,https://dtgxwmigmg3gc.cloudfront.net/assets/no_image-2b66f888b650d4eb5136f9481a1bdba1f2c918331eba4030b603d2b62792e499.png
Ginger Anzac Cookie,Ginger_Anzac_Cookie.jpg,crisp_on_creek_images,/category/groceries,https://crisponcreek.com.au/lines/ginger-anzac-cookie-300g,https://dtgxwmigmg3gc.cloudfront.net/assets/no_image-2b66f888b650d4eb5136f9481a1bdba1f2c918331eba4030b603d2b62792e499.png
Go Natural Choc Salted Caramel,Go_Natural_Choc_Salted_Caramel.jpg,crisp_on_creek_images,/category/groceries,https://crisponcreek.com.au/lines/nat-choc-salted-40g,https://dtgxwmigmg3gc.cloudfront.net/imagery/assets/derivations/icon/256/256/true/eyJpZCI6Ijk2ZjBiYThkOTljMjg2MjA3ZjNiYmQ0OTA3ZDQxZjEzIiwic3RvcmFnZSI6InB1YmxpY19zdG9yZSJ9?signature=5ad215f3ff9fcd8a7a1659bb0090500ed66b4bc8956a2d2140c30fc3735ba37f
Go Natural Energy Bar Almond Cashew,Go_Natural_Energy_Bar_Almond_Cashew.jpg,crisp_on_creek_images,/category/groceries,https://crisponcreek.com.au/lines/go-natural-almo-cash-bar-40g,https://dtgxwmigmg3gc.cloudfront.net/imagery/assets/derivations/icon/256/256/true/eyJpZCI6IjAwMjU1YWUxMTVjOGY2NzY5NTk4NzY4ZmRlODE5MzA1Iiwic3RvcmFnZSI6InB1YmxpY19zdG9yZSJ9?signature=08795f774980bd2018124a4951ea7871196e50fd54d0cf5f1ee5030289829663
Gourmet Granny's Beef Stock Mix,Gourmet_Granny's_Beef_Stock_Mix.jpg,crisp_on_creek_images,/category/groceries,https://crisponcreek.com.au/lines/gg-beef-stock-500g,https://dtgxwmigmg3gc.cloudfront.net/imagery/assets/derivations/icon/256/256/true/eyJpZCI6ImZiMTIzYzgxNjVlZGRkNGY2NWRhNzVhOWQyODhjNzA2LmpwZWciLCJzdG9yYWdlIjoicHVibGljX3N0b3JlIn0?signature=4002ca4e796c0db4357f5d0d37bc42043c4e9f116031066f0f596e18ed5ff145
Gravox® Chicken Gravy Mix,Gravox®_Chicken_Gravy_Mix.jpg,crisp_on_creek_images,/category/groceries,https://crisponcreek.com.au/lines/gravox-grvy-mix-chicken-120g,https://dtgxwmigmg3gc.cloudfront.net/imagery/assets/derivations/icon/256/256/true/eyJpZCI6Ijg1MmUxYjhjYmIwODNmZDc4YTYwYTUyNTQ2YTM3NTU1Iiwic3RvcmFnZSI6InB1YmxpY19zdG9yZSJ9?signature=e7564c31b9cd243e20d5fd3980c66a814e51bad9d0c9ca354d295a24f469fbea
Green's Original Pancake Shake,Green's_Original_Pancake_Shake.jpg,crisp_on_creek_images,/category/groceries,https://crisponcreek.com.au/lines/green-pancke-shake-orig-375g,https://dtgxwmigmg3gc.cloudfront.net/imagery/assets/derivations/icon/256/256/true/eyJpZCI6IjU5MTQ0NjMxN2U3NTYzYTI4ZTE5MjAwMTY4NzU0YmMyIiwic3RvcmFnZSI6InB1YmxpY19zdG9yZSJ9?signature=bf0b6d687b63cb66c9e787ce2d963c96b90fb2cd724680bc793e4a7fb4ea38a5
Griffins Huntley&Palmers Crackers Flat Bread Cracked Pepper Salt,Griffins_Huntley&Palmers_Crackers_Flat_Bread_Cracked_Pepper_Salt.jpg,crisp_on_creek_images,/category/groceries,https://crisponcreek.com.au/lines/h-p-cracked-pepper-sea-salt-125g,https://dtgxwmigmg3gc.cloudfront.net/imagery/assets/derivations/icon/256/256/true/eyJpZCI6ImRmMzUyNjY1ZDE1ZDNmYzQxYWRiYzQyZmNiYjcxNGE3Iiwic3RvcmFnZSI6InB1YmxpY19zdG9yZSJ9?signature=d097d94fd7b62fce7218be9119961c9ea480431efef56351ad40749fa2db1678
Griffins Huntley&Palmers Crackers Flat Bread Toasted Sesame,Griffins_Huntley&Palmers_Crackers_Flat_Bread_Toasted_Sesame.jpg,crisp_on_creek_images,/category/groceries,https://crisponcreek.com.au/lines/h-p-flat-bread-toast-sesame-125g,https://dtgxwmigmg3gc.cloudfront.net/imagery/assets/derivations/icon/256/256/true/eyJpZCI6IjU5NDYyZWYyMzQ0ZWU1MzFiNTc2MjQ5MWYwMDEwNzNjIiwic3RvcmFnZSI6InB1YmxpY19zdG9yZSJ9?signature=0d3fe112f059c26806eabbbc8ee8501658b60e6d6b573434ece68bba3db8ca2a
Grocery - Register Key,Grocery_-_Register_Key.jpg,crisp_on_creek_images,/category/groceries,https://crisponcreek.com.au/lines/grocery-register-key,https://dtgxwmigmg3gc.cloudfront.net/assets/no_image-2b66f888b650d4eb5136f9481a1bdba1f2c918331eba4030b603d2b62792e499.png
Health Lab Custard Ball Cookie Dough,Health_Lab_Custard_Ball_Cookie_Dough.jpg,crisp_on_creek_images,/category/groceries,https://crisponcreek.com.au/lines/cookie-dough-40g,https://dtgxwmigmg3gc.cloudfront.net/imagery/assets/derivations/icon/256/256/true/eyJpZCI6IjNhY2QxMDllY2M0NjQ1NDUwNjcxZjUxNTYzYmM0MzhiLnBuZyIsInN0b3JhZ2UiOiJwdWJsaWNfc3RvcmUifQ?signature=2dd1ee453718f66c85abca89700efc6d4c65a2845d543fb65426630adf597d1e
Hershey's Chocolate Syrup,Hershey's_Chocolate_Syrup.jpg,crisp_on_creek_images,/category/groceries,https://crisponcreek.com.au/lines/hersheys-chocolate-syrup-425g,https://dtgxwmigmg3gc.cloudfront.net/imagery/assets/derivations/icon/256/256/true/eyJpZCI6IjlhZTI5YWNjZjcyODkzMTk4YjE3MmNlN2JiNzY4N2YyIiwic3RvcmFnZSI6InB1YmxpY19zdG9yZSJ9?signature=841512acc7ad550c4f6634877eaa35990d3f572138f3583484003659cc4c2610
Home Force Lavender Scented Kitchen Tidy Bags,Home_Force_Lavender_Scented_Kitchen_Tidy_Bags.jpg,crisp_on_creek_images,/category/groceries,https://crisponcreek.com.au/lines/home-force-kitchen-tidy-bag-lav,https://dtgxwmigmg3gc.cloudfront.net/imagery/assets/derivations/icon/256/256/true/eyJpZCI6IjIxODczY2FkYzExZjNiYzFkZDQzYzdiZWYyODg0Yzg1LnBuZyIsInN0b3JhZ2UiOiJwdWJsaWNfc3RvcmUifQ?signature=b203beaba362e291d816e0f72b82dd692ba3653cd14f71736abc545881d949e8
Homeforce Kitchen Tidy Bags Large 25,Homeforce_Kitchen_Tidy_Bags_Large_25.jpg,crisp_on_creek_images,/category/groceries,https://crisponcreek.com.au/lines/home-force-kit-tidy-handle-25pk,https://dtgxwmigmg3gc.cloudfront.net/imagery/assets/derivations/icon/256/256/true/eyJpZCI6IjY5YmI0ZTBmYjZmNzcyNmNiZDQ5Yjg0MTI3MTBhMWIwIiwic3RvcmFnZSI6InB1YmxpY19zdG9yZSJ9?signature=1428bef5a6afd718f20bb31da50e133e8a16f69957056cd44b04b0742560c609
How Wheels Character Cookies,How_Wheels_Character_Cookies.jpg,crisp_on_creek_images,/category/groceries,https://crisponcreek.com.au/lines/hot-wheels-200g,https://dtgxwmigmg3gc.cloudfront.net/imagery/assets/derivations/icon/256/256/true/eyJpZCI6Ijk1MWQwYjZiNzRhMTExY2Y4OWZhYzc2MmNkZTJhYjgyLnBuZyIsInN0b3JhZ2UiOiJwdWJsaWNfc3RvcmUifQ?signature=3de227b5d8c983225f189515f360b3d3481665999838cedd52071d3a4ef8213a
Huntley & Palmers Crackers Baked Sour Dough Himalayan Pink Salt,Huntley_&_Palmers_Crackers_Baked_Sour_Dough_Himalayan_Pink_Salt.jpg,crisp_on_creek_images,/category/groceries,https://crisponcreek.com.au/lines/h-p-himalayan-pink-salt-140g,https://dtgxwmigmg3gc.cloudfront.net/imagery/assets/derivations/icon/256/256/true/eyJpZCI6IjRkODRmZmJiNWMzZTZjOGM2MzYzZTc3NTgyNzUyMzZjIiwic3RvcmFnZSI6InB1YmxpY19zdG9yZSJ9?signature=6dd86254aa9d39aac34929347c2208617c5b84c982e41c9f1291d9181d6ee208
Huntley & Palmers Crackers Baked Sour Dough Roasted Garlic Herb,Huntley_&_Palmers_Crackers_Baked_Sour_Dough_Roasted_Garlic_Herb.jpg,crisp_on_creek_images,/category/groceries,https://crisponcreek.com.au/lines/h-p-roasted-garlic-140g,https://dtgxwmigmg3gc.cloudfront.net/imagery/assets/derivations/icon/256/256/true/eyJpZCI6ImIzMzMyNTgwYzNmNmVkYWQ1NTY0ZDk2MGI2ZWIyZTM1Iiwic3RvcmFnZSI6InB1YmxpY19zdG9yZSJ9?signature=5b4dbdc9512aa57296708de52f2b6915438f2d397b0e188114593d95e9d4a063
Impressed Berry Bliss Pressed Juice,Impressed_Berry_Bliss_Pressed_Juice.jpg,crisp_on_creek_images,/category/groceries,https://crisponcreek.com.au/lines/impressed-berry-bliss-juice,https://dtgxwmigmg3gc.cloudfront.net/imagery/assets/derivations/icon/256/256/true/eyJpZCI6Ijk2NjdlY2I4YTRmNDZjNTA3OTg3MjI0MjExODE3NDQ4Iiwic3RvcmFnZSI6InB1YmxpY19zdG9yZSJ9?signature=29f67f0339224694a8c0b6febf7f8ec592c430b106699b8d4345183577071509
Impressed Orange Juice With Pulp,Impressed_Orange_Juice_With_Pulp.jpg,crisp_on_creek_images,/category/groceries,https://crisponcreek.com.au/lines/impressed-orange-pulp-juice-1l,https://dtgxwmigmg3gc.cloudfront.net/imagery/assets/derivations/icon/256/256/true/eyJpZCI6IjMwZWMzODlmMDBkM2U2ODc2OTkzYWZiMTJhZjk1NWJjIiwic3RvcmFnZSI6InB1YmxpY19zdG9yZSJ9?signature=474d4bb3385463422743dde1f4b825f6a6354ce0b89f5e2df8f6e5f5facf991c
In Season Baby Baguettes,In_Season_Baby_Baguettes.jpg,crisp_on_creek_images,/category/groceries,https://crisponcreek.com.au/lines/in-season-baby-baguettes,https://dtgxwmigmg3gc.cloudfront.net/assets/no_image-2b66f888b650d4eb5136f9481a1bdba1f2c918331eba4030b603d2b62792e499.png
In Season Baguettes Parmesan,In_Season_Baguettes_Parmesan.jpg,crisp_on_creek_images,/category/groceries,https://crisponcreek.com.au/lines/in-season-baguettes-parmesan,https://dtgxwmigmg3gc.cloudfront.net/assets/no_image-2b66f888b650d4eb5136f9481a1bdba1f2c918331eba4030b603d2b62792e499.png
In Season Plain Baguettes,In_Season_Plain_Baguettes.jpg,crisp_on_creek_images,/category/groceries,https://crisponcreek.com.au/lines/in-season-plain-baguettes-90g,https://dtgxwmigmg3gc.cloudfront.net/assets/no_image-2b66f888b650d4eb5136f9481a1bdba1f2c918331eba4030b603d2b62792e499.png
Inseason Pita,Inseason_Pita.jpg,crisp_on_creek_images,/category/groceries,https://crisponcreek.com.au/lines/inseason-pita,https://dtgxwmigmg3gc.cloudfront.net/assets/no_image-2b66f888b650d4eb5136f9481a1bdba1f2c918331eba4030b603d2b62792e499.png
Inseason Pita Crisp Seasalt,Inseason_Pita_Crisp_Seasalt.jpg,crisp_on_creek_images,/category/groceries,https://crisponcreek.com.au/lines/inseason-pita-crisp-seasalt,https://dtgxwmigmg3gc.cloudfront.net/assets/no_image-2b66f888b650d4eb5136f9481a1bdba1f2c918331eba4030b603d2b62792e499.png
J Dodgers Abf,J_Dodgers_Abf.jpg,crisp_on_creek_images,/category/groceries,https://crisponcreek.com.au/lines/j-dodgers-abf-140g,https://dtgxwmigmg3gc.cloudfront.net/assets/no_image-2b66f888b650d4eb5136f9481a1bdba1f2c918331eba4030b603d2b62792e499.png
Jammie Dodgers Strawberry,Jammie_Dodgers_Strawberry.jpg,crisp_on_creek_images,/category/groceries,https://crisponcreek.com.au/lines/j-dodgers-strawberry-140g,https://dtgxwmigmg3gc.cloudfront.net/imagery/assets/derivations/icon/256/256/true/eyJpZCI6IjliODVjNzVlMDUyYWRlOWMyYmU5Y2M3NjJjMGYyMWU4LmpwZyIsInN0b3JhZ2UiOiJwdWJsaWNfc3RvcmUifQ?signature=b472283a6db8e09ca392b0fe053b1deef45d9f9898a3ff3fc0d9a4337dadeb2e
Jen's White Choc Anzac,Jen's_White_Choc_Anzac.jpg,crisp_on_creek_images,/category/groceries,https://crisponcreek.com.au/lines/jen-s-white-choc-anzac,https://dtgxwmigmg3gc.cloudfront.net/assets/no_image-2b66f888b650d4eb5136f9481a1bdba1f2c918331eba4030b603d2b62792e499.png
Jenns Choc Anazac,Jenns_Choc_Anazac.jpg,crisp_on_creek_images,/category/groceries,https://crisponcreek.com.au/lines/jenns-choc-anazac,https://dtgxwmigmg3gc.cloudfront.net/assets/no_image-2b66f888b650d4eb5136f9481a1bdba1f2c918331eba4030b603d2b62792e499.png
Jens Biscuits Deluxe Mix,Jens_Biscuits_Deluxe_Mix.jpg,crisp_on_creek_images,/category/groceries,https://crisponcreek.com.au/lines/jens-biscuits-deluxe-mix-300g,https://dtgxwmigmg3gc.cloudfront.net/assets/no_image-2b66f888b650d4eb5136f9481a1bdba1f2c918331eba4030b603d2b62792e499.png
Jens Biscuits Gingernut,Jens_Biscuits_Gingernut.jpg,crisp_on_creek_images,/category/groceries,https://crisponcreek.com.au/lines/jens-biscuits-gingernut-300g,https://dtgxwmigmg3gc.cloudfront.net/assets/no_image-2b66f888b650d4eb5136f9481a1bdba1f2c918331eba4030b603d2b62792e499.png
Jens Coffee Pecan Biscuit,Jens_Coffee_Pecan_Biscuit.jpg,crisp_on_creek_images,/category/groceries,https://crisponcreek.com.au/lines/jens-coffee-pecan-biscuit-300g,https://dtgxwmigmg3gc.cloudfront.net/assets/no_image-2b66f888b650d4eb5136f9481a1bdba1f2c918331eba4030b603d2b62792e499.png
Jensens Organic Crushed Ginger,Jensens_Organic_Crushed_Ginger.jpg,crisp_on_creek_images,/category/groceries,https://crisponcreek.com.au/lines/jensens-ginger-crushed-210g,https://dtgxwmigmg3gc.cloudfront.net/imagery/assets/derivations/icon/256/256/true/eyJpZCI6IjMyYTE5ZjM2OTQ4YTQ5MmQwZjYxMTQ1MWUwNWQ2ZTFiLmpwZyIsInN0b3JhZ2UiOiJwdWJsaWNfc3RvcmUifQ?signature=031da9027411a9ea8966fbb6acc3e47b13f02405bf11e6e4b06bd3c85910190d
Koja Maple Oat Bar,Koja_Maple_Oat_Bar.jpg,crisp_on_creek_images,/category/groceries,https://crisponcreek.com.au/lines/koja-oat-bar-m-60g,https://dtgxwmigmg3gc.cloudfront.net/imagery/assets/derivations/icon/256/256/true/eyJpZCI6ImJiN2FhOTc4MTYyNTUxNDI3MTQxNTM5MjZjYmU5ZTI0LndlYnAiLCJzdG9yYWdlIjoicHVibGljX3N0b3JlIn0?signature=ecf046b9dc7b79a2050e98d0e72ab4c915b934acc456ea6713becb451a027fa1
Koja Oat Bar Lemon Coconut,Koja_Oat_Bar_Lemon_Coconut.jpg,crisp_on_creek_images,/category/groceries,https://crisponcreek.com.au/lines/koja-oat-bar-lc-60g,https://dtgxwmigmg3gc.cloudfront.net/imagery/assets/derivations/icon/256/256/true/eyJpZCI6IjQ0YzA1NzgyYWI4OWZkMGMxNDMwZGQ3ZmJlNGE0OTUyIiwic3RvcmFnZSI6InB1YmxpY19zdG9yZSJ9?signature=74a90e015167d54225ef7a7bd41a8a40bfbd2ff3edf52b1bbf37613f58cc5441
Kook-A-Krumb Breadcrumbs,Kook-A-Krumb_Breadcrumbs.jpg,crisp_on_creek_images,/category/groceries,https://crisponcreek.com.au/lines/gf-b-crumbs-200net,https://dtgxwmigmg3gc.cloudfront.net/imagery/assets/derivations/icon/256/256/true/eyJpZCI6ImQxZWU1ZDQzZTUzZmRjZWY4YWNlMWMwYmU1N2ZmYzk3Iiwic3RvcmFnZSI6InB1YmxpY19zdG9yZSJ9?signature=9938c77edeb9f70601924a01b3748a734e21ee66fe6524e7df8101213f0b0e89
Kookakrumb Panko Breadcrumbs,Kookakrumb_Panko_Breadcrumbs.jpg,crisp_on_creek_images,/category/groceries,https://crisponcreek.com.au/lines/kooka-panko-crumbs-190g,https://dtgxwmigmg3gc.cloudfront.net/imagery/assets/derivations/icon/256/256/true/eyJpZCI6IjkzM2FhMWE3YzUwNTExZGM1NDgwNDZkYmVkOWFjYmZhIiwic3RvcmFnZSI6InB1YmxpY19zdG9yZSJ9?signature=602f1a6861c8e9b556a0acc2a8d76f8b01de54a3b3038427afd20b318ec093e0
L E Hot Pickled Cu,L_E_Hot_Pickled_Cu.jpg,crisp_on_creek_images,/category/groceries,https://crisponcreek.com.au/lines/l-e-hot-pickled-cu-1kg,https://dtgxwmigmg3gc.cloudfront.net/assets/no_image-2b66f888b650d4eb5136f9481a1bdba1f2c918331eba4030b603d2b62792e499.png
L G O Hot,L_G_O_Hot.jpg,crisp_on_creek_images,/category/groceries,https://crisponcreek.com.au/lines/l-g-o-hot-335g,https://dtgxwmigmg3gc.cloudfront.net/assets/no_image-2b66f888b650d4eb5136f9481a1bdba1f2c918331eba4030b603d2b62792e499.png
L Golden P Mild,L_Golden_P_Mild.jpg,crisp_on_creek_images,/category/groceries,https://crisponcreek.com.au/lines/l-golden-p-mild-335g,https://dtgxwmigmg3gc.cloudfront.net/assets/no_image-2b66f888b650d4eb5136f9481a1bdba1f2c918331eba4030b603d2b62792e499.png
L R Peppers,L_R_Peppers.jpg,crisp_on_creek_images,/category/groceries,https://crisponcreek.com.au/lines/l-r-peppers,https://dtgxwmigmg3gc.cloudfront.net/assets/no_image-2b66f888b650d4eb5136f9481a1bdba1f2c918331eba4030b603d2b62792e499.png
La Banderita Burrito Grande Extra Large Flour Tortillas '10 Pack',La_Banderita_Burrito_Grande_Extra_Large_Flour_Tortillas_'10_Pack'.jpg,crisp_on_creek_images,/category/groceries,https://crisponcreek.com.au/lines/la-banderita-xlge-tortilla-10pk,https://dtgxwmigmg3gc.cloudfront.net/imagery/assets/derivations/icon/256/256/true/eyJpZCI6ImI4OTU4MjJhNDBlNjA1NDYwMGY2ZTRmM2RmNDY5ZWZhIiwic3RvcmFnZSI6InB1YmxpY19zdG9yZSJ9?signature=754a710d9f9db1b61cf318ff498c26a6c60ccea3407b2bd1199fa67d44242a91
La Banderita Ricas Flour Tortillas '20 Pack',La_Banderita_Ricas_Flour_Tortillas_'20_Pack'.jpg,crisp_on_creek_images,/category/groceries,https://crisponcreek.com.au/lines/la-banderita-tortilla-20pk,https://dtgxwmigmg3gc.cloudfront.net/imagery/assets/derivations/icon/256/256/true/eyJpZCI6IjBjNTQ1NTQ0MmE4ZjZmY2MwZjc1NDAwMzcyOGI5NTM0Iiwic3RvcmFnZSI6InB1YmxpY19zdG9yZSJ9?signature=1a40ddafed7960dacaa9528b91e0d46d3d7fb62fdb93a909481c005087357f98
La Banderita Street Taco Flour,La_Banderita_Street_Taco_Flour.jpg,crisp_on_creek_images,/category/groceries,https://crisponcreek.com.au/lines/la-banderita-street-taco-20pk,https://dtgxwmigmg3gc.cloudfront.net/imagery/assets/derivations/icon/256/256/true/eyJpZCI6IjRjMjVhYmYwMWEzZTg0MzU3MGU2NmEyZDg5OWM0YjNhIiwic3RvcmFnZSI6InB1YmxpY19zdG9yZSJ9?signature=52e06e42920515de193db0dbaf1360e0af28040da162f91b39e0abba94deac87
La Banerita Fajita '10 Pack',La_Banerita_Fajita_'10_Pack'.jpg,crisp_on_creek_images,/category/groceries,https://crisponcreek.com.au/lines/la-banderita-fajita-10pk,https://dtgxwmigmg3gc.cloudfront.net/imagery/assets/derivations/icon/256/256/true/eyJpZCI6Ijc4YmM4ZWViYzM1OWRjYWZmYmE2YjFmZWE1OWJhNWI0Iiwic3RvcmFnZSI6InB1YmxpY19zdG9yZSJ9?signature=18797e6941bfe405acf566d40a2682b4ea243060a8313aebff0ddeeee1c27d7b
La Molisana 108 Fusilli Cb,La_Molisana_108_Fusilli_Cb.jpg,crisp_on_creek_images,/category/groceries,https://crisponcreek.com.au/lines/la-molisana-108-fusilli-cb-500g,https://dtgxwmigmg3gc.cloudfront.net/imagery/assets/derivations/icon/256/256/true/eyJpZCI6ImUwNDAzZDBmZTZlZWIxMTg4NDZhNzc1NzM1MjY5MTA3Iiwic3RvcmFnZSI6InB1YmxpY19zdG9yZSJ9?signature=565a959c039976c32dac3a47cd113a70426e2a8c6636af01b767c05a41b25b8b
La Molisana 32 Mezzi Rig,La_Molisana_32_Mezzi_Rig.jpg,crisp_on_creek_images,/category/groceries,https://crisponcreek.com.au/lines/la-molisana-32-mezzi-rig-500g,https://dtgxwmigmg3gc.cloudfront.net/assets/no_image-2b66f888b650d4eb5136f9481a1bdba1f2c918331eba4030b603d2b62792e499.png
La Molisana 72 Insalata,La_Molisana_72_Insalata.jpg,crisp_on_creek_images,/category/groceries,https://crisponcreek.com.au/lines/la-molisana-72-insalata-500g,https://dtgxwmigmg3gc.cloudfront.net/assets/no_image-2b66f888b650d4eb5136f9481a1bdba1f2c918331eba4030b603d2b62792e499.png
La Molisana Abissine Rigate,La_Molisana_Abissine_Rigate.jpg,crisp_on_creek_images,/category/groceries,https://crisponcreek.com.au/lines/moli-abissine-rigate-n25-500g,https://dtgxwmigmg3gc.cloudfront.net/imagery/assets/derivations/icon/256/256/true/eyJpZCI6ImI4M2M4YTcxNzYzYTczNWE3NWQ3YjYyODkwMjMyMmEyIiwic3RvcmFnZSI6InB1YmxpY19zdG9yZSJ9?signature=f0fe2c5fcd67eeebb1edd70bc570efe5c87d61e670965123e3f1bd9ab3aac48d
La Molisana Capellini Spezzati,La_Molisana_Capellini_Spezzati.jpg,crisp_on_creek_images,/category/groceries,https://crisponcreek.com.au/lines/la-molisana-60-cap-spezzati-500g,https://dtgxwmigmg3gc.cloudfront.net/imagery/assets/derivations/icon/256/256/true/eyJpZCI6IjIyNGNkNGE3OWI2NjQwM2JiY2E1ODU2YTI4ZDU2YjFkIiwic3RvcmFnZSI6InB1YmxpY19zdG9yZSJ9?signature=db333707087ee92cd7699899fa1dce9962cabc6a4452461bd66d629ae7557209
La Molisana Cinesine,La_Molisana_Cinesine.jpg,crisp_on_creek_images,/category/groceries,https://crisponcreek.com.au/lines/la-molisana-57-conchigliette-500,https://dtgxwmigmg3gc.cloudfront.net/imagery/assets/derivations/icon/256/256/true/eyJpZCI6IjRmMzZhZmQxMmQxMzgzOGUxZDJlZmY0YzcyZjg4YzliLmpwZyIsInN0b3JhZ2UiOiJwdWJsaWNfc3RvcmUifQ?signature=ea46e626a1cb908a369905cc8fb9fb0d7d5bf002a6eed9255941847088449749
La Molisana Ditali,La_Molisana_Ditali.jpg,crisp_on_creek_images,/category/groceries,https://crisponcreek.com.au/lines/trafilata-al-bronzo-500g,https://dtgxwmigmg3gc.cloudfront.net/imagery/assets/derivations/icon/256/256/true/eyJpZCI6IjhiNDExMjNmMjQ1YmExYzFkNWUxN2ZjZjg1ODg4MzU5Iiwic3RvcmFnZSI6InB1YmxpY19zdG9yZSJ9?signature=5adcf0d83f985b3f58c05dbe50005ceb70c7387f6a50c2c05dbc933ee2568d4e
La Molisana Fusilli Pasta,La_Molisana_Fusilli_Pasta.jpg,crisp_on_creek_images,/category/groceries,https://crisponcreek.com.au/lines/fusilli-no-28-500g,https://dtgxwmigmg3gc.cloudfront.net/imagery/assets/derivations/icon/256/256/true/eyJpZCI6IjEwYTliMDhkNzNlYTQwNzJlNmFiMjg1YzYzNjY0ZTI4LmpwZzIwMjYwMjI0LTM2NTU3NS1qYWgzZHMiLCJzdG9yYWdlIjoicHVibGljX3N0b3JlIn0?signature=c155cb0c48c2a6a1f0b8fb99e4c28456de9c517ceb5879deb0ac87385d04b638
La Molisana Gemelli,La_Molisana_Gemelli.jpg,crisp_on_creek_images,/category/groceries,https://crisponcreek.com.au/lines/la-molisana-pasta-no-80,https://dtgxwmigmg3gc.cloudfront.net/imagery/assets/derivations/icon/256/256/true/eyJpZCI6ImE0NzA3MTdmODFkYmM2YjBiZGViMWQ3YzAwNWQyNzkxLmpwZyIsInN0b3JhZ2UiOiJwdWJsaWNfc3RvcmUifQ?signature=9e3d30a4641ab5972019f4105b7848f33cfc2eaad2f2f49a9e6ce8d57e856a10
La Molisana Lasagne Semola,La_Molisana_Lasagne_Semola.jpg,crisp_on_creek_images,/category/groceries,https://crisponcreek.com.au/lines/la-molisana-lazagne-219-500g,https://dtgxwmigmg3gc.cloudfront.net/imagery/assets/derivations/icon/256/256/true/eyJpZCI6ImUxYTEyY2E3M2YxYzg5Y2JhZjRkYmFmZjI2MTFhMjA2Iiwic3RvcmFnZSI6InB1YmxpY19zdG9yZSJ9?signature=8230f1a8fcef8406483dda05a13e5f32279a5a836f31a0175d67c577a0d54a3a
La Molisana Peggoni Rigati,La_Molisana_Peggoni_Rigati.jpg,crisp_on_creek_images,/category/groceries,https://crisponcreek.com.au/lines/la-molisana-peggoni-rigati-500g,https://dtgxwmigmg3gc.cloudfront.net/imagery/assets/derivations/icon/256/256/true/eyJpZCI6IjNlMTg0NjUzZDBiNzljMGU3YjFkMWRhZGIxNDYyODA3Iiwic3RvcmFnZSI6InB1YmxpY19zdG9yZSJ9?signature=314db52a61ddc0eb282f5140a4bb24986e4b6a0551c899821e4b2dac7e75ab33
La Molisana Pennoni Lisci,La_Molisana_Pennoni_Lisci.jpg,crisp_on_creek_images,/category/groceries,https://crisponcreek.com.au/lines/la-molisana-33-pennoni-500g,https://dtgxwmigmg3gc.cloudfront.net/imagery/assets/derivations/icon/256/256/true/eyJpZCI6IjE5N2U3NmFjYWZkOTcxZGEyMmU3MDhhZTJlZjZjOGU2Iiwic3RvcmFnZSI6InB1YmxpY19zdG9yZSJ9?signature=b57bb7f73fe19b36c1fb652d5201be92605ca0b88ca3c4459a24efde65aedbf0
La Molisana Riso 62,La_Molisana_Riso_62.jpg,crisp_on_creek_images,/category/groceries,https://crisponcreek.com.au/lines/la-molis-pasta-a-riso-500g,https://dtgxwmigmg3gc.cloudfront.net/imagery/assets/derivations/icon/256/256/true/eyJpZCI6IjI3NTZmOTEwN2ZkNjBkMzBhNzA4ZDlkN2YyMTA4MTQ4Iiwic3RvcmFnZSI6InB1YmxpY19zdG9yZSJ9?signature=0ba37efbcdd25bc5065324de7572b9c8311f0ae0c0822ba710cb24f2490f47d3
La Molisana Squid Ink Spaghetti,La_Molisana_Squid_Ink_Spaghetti.jpg,crisp_on_creek_images,/category/groceries,https://crisponcreek.com.au/lines/la-molisana-sphagetti-nero,https://dtgxwmigmg3gc.cloudfront.net/imagery/assets/derivations/icon/256/256/true/eyJpZCI6ImY5NjAyMTQ1N2UwZDZmMzFlYTJhNjcwOTUyMDEwYmUzIiwic3RvcmFnZSI6InB1YmxpY19zdG9yZSJ9?signature=6f967c61c1ac6490df756c3c9f61e653223f3d5b73ff5b33de501140cb6bb359
La Molisana Stelline No 59,La_Molisana_Stelline_No_59.jpg,crisp_on_creek_images,/category/groceries,https://crisponcreek.com.au/lines/la-molisana,https://dtgxwmigmg3gc.cloudfront.net/imagery/assets/derivations/icon/256/256/true/eyJpZCI6IjEyOGM0OTVkZjg2OTQ5ZjBjMmVkYjFhOTU0MGExMmQxIiwic3RvcmFnZSI6InB1YmxpY19zdG9yZSJ9?signature=4e511fa6a9594672da001d0c94c5faa326265a4a732247f251f2b0b95935ba3e
La Molisana Succhietti Pasta,La_Molisana_Succhietti_Pasta.jpg,crisp_on_creek_images,/category/groceries,https://crisponcreek.com.au/lines/la-molisana-500g-1,https://dtgxwmigmg3gc.cloudfront.net/imagery/assets/derivations/icon/256/256/true/eyJpZCI6ImMyOWU2NmU2MmUwNTZiNDE3MDBjMzAwZDQ3ZTJlMTVhLmpwZzIwMjYwMjI0LTM2NTU3MS1nZ3JyZTciLCJzdG9yYWdlIjoicHVibGljX3N0b3JlIn0?signature=c16d7e24a03d7be62a1bfde61c37ab644435c66a5e1322d074e4aba1cfa35340
La Molisana Tubetti No 48,La_Molisana_Tubetti_No_48.jpg,crisp_on_creek_images,/category/groceries,https://crisponcreek.com.au/lines/la-molisana-tubetti-500g,https://dtgxwmigmg3gc.cloudfront.net/imagery/assets/derivations/icon/256/256/true/eyJpZCI6IjYzYWY5MjZmNzQzYjc3NzdlM2Y5MTNhMWEwZTdhOWZhLmpwZyIsInN0b3JhZ2UiOiJwdWJsaWNfc3RvcmUifQ?signature=507949435fdfd9d5a7808d9a21dfa99571e73d581544c5a7df5f2eee0581a318
Lago Cacao Wafers,Lago_Cacao_Wafers.jpg,crisp_on_creek_images,/category/groceries,https://crisponcreek.com.au/lines/elledi-choc-wafe,https://dtgxwmigmg3gc.cloudfront.net/imagery/assets/derivations/icon/256/256/true/eyJpZCI6IjQ4NGQxYTRiMGUxYzkwNTczY2IxZjQ0YjI0OTJjOTM0Iiwic3RvcmFnZSI6InB1YmxpY19zdG9yZSJ9?signature=37449e6efa3a67269d972276d942666bb5838bf5acadff7bfcaf0960c17ebf19
Lago Coconut Wafers,Lago_Coconut_Wafers.jpg,crisp_on_creek_images,/category/groceries,https://crisponcreek.com.au/lines/lago-wafers-coconut-250g,https://dtgxwmigmg3gc.cloudfront.net/imagery/assets/derivations/icon/256/256/true/eyJpZCI6Ijc5NWEzNTkwYzVlMDc5MmUyODg1YmUxNGE1MGRmOGU4Iiwic3RvcmFnZSI6InB1YmxpY19zdG9yZSJ9?signature=d2bdd3e5fb99d5b3279163fdb0be9d87544ad19fbfe6ba90c54d1643856379d7
Lago Nocciola Wafers,Lago_Nocciola_Wafers.jpg,crisp_on_creek_images,/category/groceries,https://crisponcreek.com.au/lines/elledi-wafers-assorted-250g,https://dtgxwmigmg3gc.cloudfront.net/imagery/assets/derivations/icon/256/256/true/eyJpZCI6IjM3Mzk1MGY5NjM2MDE2MWZiOWVjZDZiOTI0ZTAwM2QxIiwic3RvcmFnZSI6InB1YmxpY19zdG9yZSJ9?signature=6720935bef9ac237be06960aeb8b30af7fe749eddae00791668404845d3fc54d
Lago Vanilla Wafers,Lago_Vanilla_Wafers.jpg,crisp_on_creek_images,/category/groceries,https://crisponcreek.com.au/lines/elledi-van-wafer,https://dtgxwmigmg3gc.cloudfront.net/imagery/assets/derivations/icon/256/256/true/eyJpZCI6ImUzYmUyN2I2YjIyYThhZjRhNzBmOTE4ZTViMjY5MTVkIiwic3RvcmFnZSI6InB1YmxpY19zdG9yZSJ9?signature=cb07fde838a376469cca2e230028689399eb3573db249920bdbb12b26efb6498
Lago Wafers Cappucino,Lago_Wafers_Cappucino.jpg,crisp_on_creek_images,/category/groceries,https://crisponcreek.com.au/lines/lago-wafers-cappucino-250g,https://dtgxwmigmg3gc.cloudfront.net/assets/no_image-2b66f888b650d4eb5136f9481a1bdba1f2c918331eba4030b603d2b62792e499.png
Lago Wafers Strawberry,Lago_Wafers_Strawberry.jpg,crisp_on_creek_images,/category/groceries,https://crisponcreek.com.au/lines/lago-wafers-strawberry-250g,https://dtgxwmigmg3gc.cloudfront.net/assets/no_image-2b66f888b650d4eb5136f9481a1bdba1f2c918331eba4030b603d2b62792e499.png
Le Conserve Della Nonna Organic,Le_Conserve_Della_Nonna_Organic.jpg,crisp_on_creek_images,/category/groceries,https://crisponcreek.com.au/lines/organic-tomato-sauce-700g,https://dtgxwmigmg3gc.cloudfront.net/imagery/assets/derivations/icon/256/256/true/eyJpZCI6IjNjNTM0ODRlOWY5MTk3YjBmYTNlNmMzZTA2ZjlmYjA4Iiwic3RvcmFnZSI6InB1YmxpY19zdG9yZSJ9?signature=6278d68648d7e614c3444f27b6c452aca395aca731735b48058a7ce8e0494786
Luci's E Virgin O Oil,Luci's_E_Virgin_O_Oil.jpg,crisp_on_creek_images,/category/groceries,https://crisponcreek.com.au/lines/luci-s-e-virgin-o-oil-250ml,https://dtgxwmigmg3gc.cloudfront.net/assets/no_image-2b66f888b650d4eb5136f9481a1bdba1f2c918331eba4030b603d2b62792e499.png
Lucia's Balsamic Vinegar,Lucia's_Balsamic_Vinegar.jpg,crisp_on_creek_images,/category/groceries,https://crisponcreek.com.au/lines/luci-s-b-vinegar-250ml,https://dtgxwmigmg3gc.cloudfront.net/imagery/assets/derivations/icon/256/256/true/eyJpZCI6ImM0OWJlZmVjNTM3YTBhYWFlYTE5YWFhYmU3MmJkMzU2LndlYnAiLCJzdG9yYWdlIjoicHVibGljX3N0b3JlIn0?signature=bfb26b3f09bdd5ec6d57d23f33d2302a26e2d1e7cc0a105c1e155f7efc0f9da1
Lucia's Premium Passata,Lucia's_Premium_Passata.jpg,crisp_on_creek_images,/category/groceries,https://crisponcreek.com.au/lines/lucia-s-premium-passata,https://dtgxwmigmg3gc.cloudfront.net/imagery/assets/derivations/icon/256/256/true/eyJpZCI6ImY2ZmRjMTE3MTNhZmI4NjYyYjgzZmIwZTcyMWUyZDZiIiwic3RvcmFnZSI6InB1YmxpY19zdG9yZSJ9?signature=f9e4a73d1ee1d232017aab4c13599172b9c78103cd3f0708bd662e3a0a2201e1
M/G Creamy Avocado Dressing,MG_Creamy_Avocado_Dressing.jpg,crisp_on_creek_images,/category/groceries,https://crisponcreek.com.au/lines/m-g-creamy-avocado-dressing-320m,https://dtgxwmigmg3gc.cloudfront.net/imagery/assets/derivations/icon/256/256/true/eyJpZCI6IjVmY2I1YzJlNTZlZDE1ZDJhNzNkNzY1ODIwYWNlNDMyIiwic3RvcmFnZSI6InB1YmxpY19zdG9yZSJ9?signature=8ed69093c5902fb672ad43b08f41c1e2b99487a7022ee79b0511efd320b5e625
Macadamia S Bread,Macadamia_S_Bread.jpg,crisp_on_creek_images,/category/groceries,https://crisponcreek.com.au/lines/macadamia-s-bread-125g,https://dtgxwmigmg3gc.cloudfront.net/imagery/assets/derivations/icon/256/256/true/eyJpZCI6ImEwZDQ0YmIxNmQ2ZjFkYTgwYzg0NWFmOWFhOWRmNzA3Iiwic3RvcmFnZSI6InB1YmxpY19zdG9yZSJ9?signature=d75e2cddc9f0cb27cc9d4c62c66498268e5944e78709c272267c3571e0781493
Mamas Hot Ajvar,Mamas_Hot_Ajvar.jpg,crisp_on_creek_images,/category/groceries,https://crisponcreek.com.au/lines/mama-s-hs-ajvar-hot-550g,https://dtgxwmigmg3gc.cloudfront.net/imagery/assets/derivations/icon/256/256/true/eyJpZCI6IjQyNzkyMjVjNmQ0OGRiY2U2YThhNjAxZWVhZjU4YzYzIiwic3RvcmFnZSI6InB1YmxpY19zdG9yZSJ9?signature=c01d84cd6dfa7f2e35a199ee4313e82399d90aade5261af10819113ad99de093
Mamas Mild Ajvar,Mamas_Mild_Ajvar.jpg,crisp_on_creek_images,/category/groceries,https://crisponcreek.com.au/lines/mama-s-hs-ajvar,https://dtgxwmigmg3gc.cloudfront.net/imagery/assets/derivations/icon/256/256/true/eyJpZCI6ImE1NzlkMDdiNzJkMDc5ZGVjMDEwYTMyYmMzYTBmY2I1Iiwic3RvcmFnZSI6InB1YmxpY19zdG9yZSJ9?signature=9a210c04a3eac7f8aaec82d69ac490fdfd7f463fc36eaee26acb67f35433223c
Marco Sauerkraut,Marco_Sauerkraut.jpg,crisp_on_creek_images,/category/groceries,https://crisponcreek.com.au/lines/mp-sauerkraut-900g,https://dtgxwmigmg3gc.cloudfront.net/imagery/assets/derivations/icon/256/256/true/eyJpZCI6IjQ2OTMwYmE0ZWE1ODkzNjExNWRlMTkxMWExOGJlNDBkIiwic3RvcmFnZSI6InB1YmxpY19zdG9yZSJ9?signature=9c31a748e22956a00bc374e97f09a01d7ada5925ea51be641e360fc32eaffff6
Mg Borlotti Beans (Cb),Mg_Borlotti_Beans_(Cb).jpg,crisp_on_creek_images,/category/groceries,https://crisponcreek.com.au/lines/mg-borlotti-beans-cb-500g,https://dtgxwmigmg3gc.cloudfront.net/assets/no_image-2b66f888b650d4eb5136f9481a1bdba1f2c918331eba4030b603d2b62792e499.png
Milk Lab Assorted,Milk_Lab_Assorted.jpg,crisp_on_creek_images,/category/groceries,https://crisponcreek.com.au/lines/milk-lab-assorted-1l,https://dtgxwmigmg3gc.cloudfront.net/assets/no_image-2b66f888b650d4eb5136f9481a1bdba1f2c918331eba4030b603d2b62792e499.png
Milk Lab Lactose Free Milk,Milk_Lab_Lactose_Free_Milk.jpg,crisp_on_creek_images,/category/groceries,https://crisponcreek.com.au/lines/milk-lab-lactose-free1ltr,https://dtgxwmigmg3gc.cloudfront.net/imagery/assets/derivations/icon/256/256/true/eyJpZCI6ImRkZmQ5ZjAxNGQ5ODEzMWQ5MGZjMzBhMDdlNDRiNTM5Iiwic3RvcmFnZSI6InB1YmxpY19zdG9yZSJ9?signature=e1d2b98c7fb1bc6dc5af35cde9d479e9de28a95f743528ffdd5330e1d4c72c2e
Milkbottles Lolly Bag,Milkbottles_Lolly_Bag.jpg,crisp_on_creek_images,/category/groceries,https://crisponcreek.com.au/lines/milk-bottles,https://dtgxwmigmg3gc.cloudfront.net/imagery/assets/derivations/icon/256/256/true/eyJpZCI6IjUzOGI3MDFiZjg1MWI2ZmVlNGM0ZGEzYWEyYTNmNjNlIiwic3RvcmFnZSI6InB1YmxpY19zdG9yZSJ9?signature=6a119a62523dc878973249b2f36bbab557e1d8b4a5d79677df3794304fa1a374
Minion Cookies,Minion_Cookies.jpg,crisp_on_creek_images,/category/groceries,https://crisponcreek.com.au/lines/minnions-character-cookies-200g,https://dtgxwmigmg3gc.cloudfront.net/imagery/assets/derivations/icon/256/256/true/eyJpZCI6IjQyZDhmYWJmYTU5NDg3YmM0NjIzOTcxN2I2ZjIzODkzLnBuZyIsInN0b3JhZ2UiOiJwdWJsaWNfc3RvcmUifQ?signature=d217721dd96bc6e0ef8bc3221e0a5a78959f8374ee19357943a40dc807199891
Moli/Gnocchi N26,MoliGnocchi_N26.jpg,crisp_on_creek_images,/category/groceries,https://crisponcreek.com.au/lines/moli-gnocchi-n26-500g,https://dtgxwmigmg3gc.cloudfront.net/imagery/assets/derivations/icon/256/256/true/eyJpZCI6IjRjYTk2MTMwYmMzN2IyY2E1Njc4MzM3ZWQzZTZlYzY4Iiwic3RvcmFnZSI6InB1YmxpY19zdG9yZSJ9?signature=48bd7fc32c4a804cc8bfb2fd5f8a77c2a74718c16a3d502638060cca2296a1ef
Moro White Wine Vinegar,Moro_White_Wine_Vinegar.jpg,crisp_on_creek_images,/category/groceries,https://crisponcreek.com.au/lines/moro-vinegar-wht-wine-500ml,https://dtgxwmigmg3gc.cloudfront.net/imagery/assets/derivations/icon/256/256/true/eyJpZCI6Ijc1NWQ4ZDFmMGY2YzUwMWEyNGVlMmFkYTM5ZTk2NzJiIiwic3RvcmFnZSI6InB1YmxpY19zdG9yZSJ9?signature=05095e1c48691e55751e9a416242a0ca08a4499bbe49f033225dbe35be87ddc5
Mp Chick Peas,Mp_Chick_Peas.jpg,crisp_on_creek_images,/category/groceries,https://crisponcreek.com.au/lines/mp-chick-peas,https://dtgxwmigmg3gc.cloudfront.net/assets/no_image-2b66f888b650d4eb5136f9481a1bdba1f2c918331eba4030b603d2b62792e499.png
Mp Cold Liver,Mp_Cold_Liver.jpg,crisp_on_creek_images,/category/groceries,https://crisponcreek.com.au/lines/mp-cold-liver,https://dtgxwmigmg3gc.cloudfront.net/assets/no_image-2b66f888b650d4eb5136f9481a1bdba1f2c918331eba4030b603d2b62792e499.png
Mp Lupini Beans,Mp_Lupini_Beans.jpg,crisp_on_creek_images,/category/groceries,https://crisponcreek.com.au/lines/mp-lupini-beans-540g,https://dtgxwmigmg3gc.cloudfront.net/assets/no_image-2b66f888b650d4eb5136f9481a1bdba1f2c918331eba4030b603d2b62792e499.png
Mp Pink Pepper,Mp_Pink_Pepper.jpg,crisp_on_creek_images,/category/groceries,https://crisponcreek.com.au/lines/mp-pink-pepper-322g,https://dtgxwmigmg3gc.cloudfront.net/assets/no_image-2b66f888b650d4eb5136f9481a1bdba1f2c918331eba4030b603d2b62792e499.png
Mp Red Cabbage,Mp_Red_Cabbage.jpg,crisp_on_creek_images,/category/groceries,https://crisponcreek.com.au/lines/mp-red-cabbage,https://dtgxwmigmg3gc.cloudfront.net/imagery/assets/derivations/icon/256/256/true/eyJpZCI6ImU3MGUwYzNjYzY3NmJiNzI3OGFjZTMwYTg3ODY4MTFiIiwic3RvcmFnZSI6InB1YmxpY19zdG9yZSJ9?signature=0b38f5b6d696dd65ac908c5ff8ccaaddf4c89778cfe2ab0d5139cac5bb45f3c2
Mp Sardines,Mp_Sardines.jpg,crisp_on_creek_images,/category/groceries,https://crisponcreek.com.au/lines/mp-sardines,https://dtgxwmigmg3gc.cloudfront.net/assets/no_image-2b66f888b650d4eb5136f9481a1bdba1f2c918331eba4030b603d2b62792e499.png
Mp Tuna,Mp_Tuna.jpg,crisp_on_creek_images,/category/groceries,https://crisponcreek.com.au/lines/mp-tuna,https://dtgxwmigmg3gc.cloudfront.net/assets/no_image-2b66f888b650d4eb5136f9481a1bdba1f2c918331eba4030b603d2b62792e499.png
Mp Vanilla Sugar,Mp_Vanilla_Sugar.jpg,crisp_on_creek_images,/category/groceries,https://crisponcreek.com.au/lines/mp-vanilla-sugar-100g,https://dtgxwmigmg3gc.cloudfront.net/imagery/assets/derivations/icon/256/256/true/eyJpZCI6ImNhOGQzYTEwNjE3OWI3ZDQwNWYyMGMwYzM0YzYzNWQ5Iiwic3RvcmFnZSI6InB1YmxpY19zdG9yZSJ9?signature=b9509b9faf540daf7dc97f35e487104bd64592cd1e0f0ec248211c5f5937c4e6
Mp White Beans,Mp_White_Beans.jpg,crisp_on_creek_images,/category/groceries,https://crisponcreek.com.au/lines/mp-white-beans-540g,https://dtgxwmigmg3gc.cloudfront.net/assets/no_image-2b66f888b650d4eb5136f9481a1bdba1f2c918331eba4030b603d2b62792e499.png
Mrinated Smoked P Fetta,Mrinated_Smoked_P_Fetta.jpg,crisp_on_creek_images,/category/groceries,https://crisponcreek.com.au/lines/mrinated-smoked-p-fetta-440g,https://dtgxwmigmg3gc.cloudfront.net/assets/no_image-2b66f888b650d4eb5136f9481a1bdba1f2c918331eba4030b603d2b62792e499.png
Mrs Tran's Kitchen Beef & Onion Dumplings,Mrs_Tran's_Kitchen_Beef_&_Onion_Dumplings.jpg,crisp_on_creek_images,/category/groceries,https://crisponcreek.com.au/lines/beef-onion-dumpling,https://dtgxwmigmg3gc.cloudfront.net/imagery/assets/derivations/icon/256/256/true/eyJpZCI6IjM1MDM4NDA3YzI1MDA2NzFjNzBmNWExNGU1ZjM4MmMyIiwic3RvcmFnZSI6InB1YmxpY19zdG9yZSJ9?signature=815aa39da380178d1630e5b88f0151b3d8e66fa105b23cde64c547a1886ed589
Mussels,Mussels.jpg,crisp_on_creek_images,/category/groceries,https://crisponcreek.com.au/lines/mussels-120g,https://dtgxwmigmg3gc.cloudfront.net/assets/no_image-2b66f888b650d4eb5136f9481a1bdba1f2c918331eba4030b603d2b62792e499.png
Mutti Passata Tomato Puree,Mutti_Passata_Tomato_Puree.jpg,crisp_on_creek_images,/category/groceries,https://crisponcreek.com.au/lines/mutti-passata-700g,https://dtgxwmigmg3gc.cloudfront.net/imagery/assets/derivations/icon/256/256/true/eyJpZCI6IjRmZDk2NjkxMzJjZmRiYzgwODhkNWMwODBmMmUxZGMxIiwic3RvcmFnZSI6InB1YmxpY19zdG9yZSJ9?signature=9591efb7eb4741282438a4e8ee5839f2e0c86c1613c7d7f719aa6132ddaef8b9
Mutti Pizza Sauce,Mutti_Pizza_Sauce.jpg,crisp_on_creek_images,/category/groceries,https://crisponcreek.com.au/lines/mutti-pizza-sauce-400g,https://dtgxwmigmg3gc.cloudfront.net/imagery/assets/derivations/icon/256/256/true/eyJpZCI6IjliNGM0MTE3NTkyZTEzNzY4OTE3OTMxNTEwYWEzZmM0Iiwic3RvcmFnZSI6InB1YmxpY19zdG9yZSJ9?signature=a8ff945920b1eabb6bdc3990ec8ddea79acf6df22750d35088388f4bf7bf7c0b
Nekta Liquid Kiwifruit Fruit Drink From Fruit Puree Aloe Vera,Nekta_Liquid_Kiwifruit_Fruit_Drink_From_Fruit_Puree_Aloe_Vera.jpg,crisp_on_creek_images,/category/groceries,https://crisponcreek.com.au/lines/kiwi-nekta-w-aloe-vera-1l,https://dtgxwmigmg3gc.cloudfront.net/imagery/assets/derivations/icon/256/256/true/eyJpZCI6Ijg4NzMzNjljYzYwODdjODhhNmI1MjZiNmFhYjdkZTJjIiwic3RvcmFnZSI6InB1YmxpY19zdG9yZSJ9?signature=2993ab85d0f9779db59db40d0ea5c440d43b0fb0c935599f98105095b9fea60c
Nonie's Light Golden Bread,Nonie's_Light_Golden_Bread.jpg,crisp_on_creek_images,/category/groceries,https://crisponcreek.com.au/lines/noni-s-light-golden-bread-550g,https://dtgxwmigmg3gc.cloudfront.net/imagery/assets/derivations/icon/256/256/true/eyJpZCI6ImM1ZjYzNGQ5N2UxMjM3ODE4ZTJmYzA5ZTdhNzk4YjZmLnBuZyIsInN0b3JhZ2UiOiJwdWJsaWNfc3RvcmUifQ?signature=c859f2c2f6e7817716936eeb6fb6803e939016759188d669fbbffe0167df5939
Oregano Bunch,Oregano_Bunch.jpg,crisp_on_creek_images,/category/groceries,https://crisponcreek.com.au/lines/oregano-bunch-50g,https://dtgxwmigmg3gc.cloudfront.net/imagery/assets/derivations/icon/256/256/true/eyJpZCI6ImQ1M2FlZjIzYWVlNjVjMzI1NGVmOWIxZmMzMjg4NTU1Iiwic3RvcmFnZSI6InB1YmxpY19zdG9yZSJ9?signature=435c2db340201cbfdd4f8928f5418d78a5cdc7ce1e1d42f704bfd6256fe1d14a
Org Agave,Org_Agave.jpg,crisp_on_creek_images,/category/groceries,https://crisponcreek.com.au/lines/org-agave-500g-1,https://dtgxwmigmg3gc.cloudfront.net/assets/no_image-2b66f888b650d4eb5136f9481a1bdba1f2c918331eba4030b603d2b62792e499.png
Palumbo Puttanesca Sauce,Palumbo_Puttanesca_Sauce.jpg,crisp_on_creek_images,/category/groceries,https://crisponcreek.com.au/lines/palumbo-puttanesca-sauce,https://dtgxwmigmg3gc.cloudfront.net/assets/no_image-2b66f888b650d4eb5136f9481a1bdba1f2c918331eba4030b603d2b62792e499.png
Park Avenue Cookies Barbie,Park_Avenue_Cookies_Barbie.jpg,crisp_on_creek_images,/category/groceries,https://crisponcreek.com.au/lines/p-a-barbie-200g,https://dtgxwmigmg3gc.cloudfront.net/imagery/assets/derivations/icon/256/256/true/eyJpZCI6ImJlYzJiZTdkMzczMTBmZTViY2U0OTFlZjdmODIwYWJiIiwic3RvcmFnZSI6InB1YmxpY19zdG9yZSJ9?signature=bbc8c8274689a3f4f60e0f94f3ae3768ed547adc7fffe7645959355e09be5624
Park Avenue Peppa Pig Character Cookies,Park_Avenue_Peppa_Pig_Character_Cookies.jpg,crisp_on_creek_images,/category/groceries,https://crisponcreek.com.au/lines/park-avenue-peppa-pig-box-8,https://dtgxwmigmg3gc.cloudfront.net/imagery/assets/derivations/icon/256/256/true/eyJpZCI6IjM3NTg1NDg5OTFiYjUwZWRjMmVlMTBiYmVlYjk2MGMyIiwic3RvcmFnZSI6InB1YmxpY19zdG9yZSJ9?signature=8266d7d0318f6036b2565a1e414824fa922e9df2513a4de5c45cffe5daa61ecf
Park Avenue Spiderman Cookie,Park_Avenue_Spiderman_Cookie.jpg,crisp_on_creek_images,/category/groceries,https://crisponcreek.com.au/lines/spiderman,https://dtgxwmigmg3gc.cloudfront.net/imagery/assets/derivations/icon/256/256/true/eyJpZCI6ImI2ZDE4YjYxZmU0ZWQwN2EyZjA3N2Q1Yjg2OTdiYmRiLnBuZzIwMjUwNzE3LTIxMzM2MTQteXZnZmVxIiwic3RvcmFnZSI6InB1YmxpY19zdG9yZSJ9?signature=29290d52cf8e051a5081e4c327a3e0e5b9d738adf5227caaebfdb641dad9e704
Park Avenue Stitch Character Cookies,Park_Avenue_Stitch_Character_Cookies.jpg,crisp_on_creek_images,/category/groceries,https://crisponcreek.com.au/lines/stitch,https://dtgxwmigmg3gc.cloudfront.net/imagery/assets/derivations/icon/256/256/true/eyJpZCI6IjMyZWYyOGQ1NWNhMGViZTljNGI2NWM1NTU5NzE0YjJjLmpwZzIwMjYwNDE0LTI3NzEyNjUteHdrMTFtIiwic3RvcmFnZSI6InB1YmxpY19zdG9yZSJ9?signature=e51ae5e2b0fe64456591616c4697d23988c744b68538b1324035a41131e03437
Passionfruit Melting Moments,Passionfruit_Melting_Moments.jpg,crisp_on_creek_images,/category/groceries,https://crisponcreek.com.au/lines/passionfruit-melting-moments,https://dtgxwmigmg3gc.cloudfront.net/assets/no_image-2b66f888b650d4eb5136f9481a1bdba1f2c918331eba4030b603d2b62792e499.png
Pcas Rost Salted,Pcas_Rost_Salted.jpg,crisp_on_creek_images,/category/groceries,https://crisponcreek.com.au/lines/pcas-rost-salted-280g,https://dtgxwmigmg3gc.cloudfront.net/assets/no_image-2b66f888b650d4eb5136f9481a1bdba1f2c918331eba4030b603d2b62792e499.png
Penfield Apple Cider Vinegar,Penfield_Apple_Cider_Vinegar.jpg,crisp_on_creek_images,/category/groceries,https://crisponcreek.com.au/lines/penfield-applecide-vinegar-400ml,https://dtgxwmigmg3gc.cloudfront.net/imagery/assets/derivations/icon/256/256/true/eyJpZCI6ImQ2NWMxNGYzNzMwZjNjMTBkYTFjYWRmNWU5ZTgxMGJkIiwic3RvcmFnZSI6InB1YmxpY19zdG9yZSJ9?signature=3ef44567b40a834a34ebecbbf63be95afce969d99be157d159c8bb4f6e052d52
Penfield Co Balsamic Vinegar,Penfield_Co_Balsamic_Vinegar.jpg,crisp_on_creek_images,/category/groceries,https://crisponcreek.com.au/lines/penfield-balsamic-vinegar-400ml,https://dtgxwmigmg3gc.cloudfront.net/imagery/assets/derivations/icon/256/256/true/eyJpZCI6IjkwMzExYmExZDgzZmViMTUxYzYxMDkzMDZjZWIzNTliLmpwZyIsInN0b3JhZ2UiOiJwdWJsaWNfc3RvcmUifQ?signature=0e1a20c5e6f3264e41cc2f6b496629e6b8f26ad83003b568050a1d346b4e776a
Proper Crisps Chili Crisp,Proper_Crisps_Chili_Crisp.jpg,crisp_on_creek_images,/category/groceries,https://crisponcreek.com.au/lines/proper-c-chilli-crisp-150g,https://dtgxwmigmg3gc.cloudfront.net/imagery/assets/derivations/icon/256/256/true/eyJpZCI6ImQ5OTdkYjEzNGYxODc3YTE0ZTgyZDRjZGI0ODljMjIzLmpmaWYiLCJzdG9yYWdlIjoicHVibGljX3N0b3JlIn0?signature=dbedec3d4bc3daeaa314c2671abdafcc440ffd677abaa08b990f593fbd9f600b
Proper Crisps Cider Vinegar & Sea Salt,Proper_Crisps_Cider_Vinegar_&_Sea_Salt.jpg,crisp_on_creek_images,/category/groceries,https://crisponcreek.com.au/lines/proper-crisps-s-vinegar-140g,https://dtgxwmigmg3gc.cloudfront.net/imagery/assets/derivations/icon/256/256/true/eyJpZCI6ImNmZTQ0ZGRlNjY0MWIwMmZiNzNjZGZlZTU3ODIwMGI4Iiwic3RvcmFnZSI6InB1YmxpY19zdG9yZSJ9?signature=623894b6d259963120f6b2ea48b9279fa5b0c83081bed19686bb630763138507
Proper Crisps Crisps Onion With Green Chives,Proper_Crisps_Crisps_Onion_With_Green_Chives.jpg,crisp_on_creek_images,/category/groceries,https://crisponcreek.com.au/lines/proper-crisps-onion-chives-150g,https://dtgxwmigmg3gc.cloudfront.net/imagery/assets/derivations/icon/256/256/true/eyJpZCI6IjI4OTIwM2VkYzYxZTM3NDc2MDliODg2YmY2MDI4NGY0Iiwic3RvcmFnZSI6InB1YmxpY19zdG9yZSJ9?signature=61d293a9dcade71bfcc3fb497552d53de9422bedce5fa3b35d38cbaadc87e84f
Proper Crisps Marlborough Sea Salt,Proper_Crisps_Marlborough_Sea_Salt.jpg,crisp_on_creek_images,/category/groceries,https://crisponcreek.com.au/lines/proper-crisps-s-vinegar-140g-1,https://dtgxwmigmg3gc.cloudfront.net/imagery/assets/derivations/icon/256/256/true/eyJpZCI6ImFiNjY1NDY5YzU5YjczMjdkN2M5OGIxZDhmZjBjNTZkIiwic3RvcmFnZSI6InB1YmxpY19zdG9yZSJ9?signature=b76a13f69ecfceba8ab5a00248a8e65aaededfd1940ffe43ffbed93b4c7c5a4e
Proper Crisps Potato Chips Big Cut Dill Pickle,Proper_Crisps_Potato_Chips_Big_Cut_Dill_Pickle.jpg,crisp_on_creek_images,/category/groceries,https://crisponcreek.com.au/lines/proper-c-big-cut-dill-p-140g,https://dtgxwmigmg3gc.cloudfront.net/imagery/assets/derivations/icon/256/256/true/eyJpZCI6IjQ0MWRiZWU5N2IxMDFmODFlNWYyODc2NTU5YjM3YWFlIiwic3RvcmFnZSI6InB1YmxpY19zdG9yZSJ9?signature=b19d9ceafe92042ec239f3a4f8c386c2021ebd6a95c7ac34dff3224a1fa7b36e
Proper Crisps Potato Chips Big Cut Purple & Gold,Proper_Crisps_Potato_Chips_Big_Cut_Purple_&_Gold.jpg,crisp_on_creek_images,/category/groceries,https://crisponcreek.com.au/lines/proper-c-big-cut-crkd-pep-ss,https://dtgxwmigmg3gc.cloudfront.net/imagery/assets/derivations/icon/256/256/true/eyJpZCI6ImFkMDFlYTQ3MmMwZTlkMzA4YzIwNjVmMDgxNmRlNWQ4Iiwic3RvcmFnZSI6InB1YmxpY19zdG9yZSJ9?signature=2433e0f115963e11dfec102d907e75a82e272c9461e8e71d55ab7f3d9a63983d
Proper Crisps Potato Chips Big Cut Smoked Paprika,Proper_Crisps_Potato_Chips_Big_Cut_Smoked_Paprika.jpg,crisp_on_creek_images,/category/groceries,https://crisponcreek.com.au/lines/proper-hand-cooked-crisps,https://dtgxwmigmg3gc.cloudfront.net/imagery/assets/derivations/icon/256/256/true/eyJpZCI6IjI4ODM4ODEyMjRjYThiODUzY2UxODEzYzA0MGRjMWNmIiwic3RvcmFnZSI6InB1YmxpY19zdG9yZSJ9?signature=7d93bdf24b6d0c2506eb42d42a3ba7e8746615c4bbde11935ecf6b46f16b92dc
Proper Hand Cooked Crisps Rosemary And Thyme,Proper_Hand_Cooked_Crisps_Rosemary_And_Thyme.jpg,crisp_on_creek_images,/category/groceries,https://crisponcreek.com.au/lines/proper-crisps-rose-thyme-150g,https://dtgxwmigmg3gc.cloudfront.net/imagery/assets/derivations/icon/256/256/true/eyJpZCI6IjcyMTQ2Mzk5NGUyODgyNGRjNDI1NmY4ZDY1ODJjMWQyIiwic3RvcmFnZSI6InB1YmxpY19zdG9yZSJ9?signature=afd4068666984e14eecb212f78ecb48849a196b00262222ad2b8761bd4ec140a
Proper Tortilla Chips Cheeza-Peno,Proper_Tortilla_Chips_Cheeza-Peno.jpg,crisp_on_creek_images,/category/groceries,https://crisponcreek.com.au/lines/proper-crisp-150g,https://dtgxwmigmg3gc.cloudfront.net/imagery/assets/derivations/icon/256/256/true/eyJpZCI6IjVhNTE1MDQwNWE1M2MwZDQ0YWY4MmQ0NjU5NGY2NjVkIiwic3RvcmFnZSI6InB1YmxpY19zdG9yZSJ9?signature=430f52aae992673a49fafc87e7f9beafcdd2ac6f25a09d1af7dcae4677f9e85c
Proper Tortilla Chips Salted,Proper_Tortilla_Chips_Salted.jpg,crisp_on_creek_images,/category/groceries,https://crisponcreek.com.au/lines/pc-salted-tortilla-150g,https://dtgxwmigmg3gc.cloudfront.net/imagery/assets/derivations/icon/256/256/true/eyJpZCI6ImZlZTA0ZTc5OWE2MjA2NTEzYThkMzYzMmU0N2ZkOWZlIiwic3RvcmFnZSI6InB1YmxpY19zdG9yZSJ9?signature=c4431cd8582d76274534bb669eaf9394dbbcbe8ed8bd69c4d3d9332c8f21c45f
Pukka Herbal Infusion After Dinner 20 Pack X,Pukka_Herbal_Infusion_After_Dinner_20_Pack_X.jpg,crisp_on_creek_images,/category/groceries,https://crisponcreek.com.au/lines/pukka-feel-new,https://dtgxwmigmg3gc.cloudfront.net/imagery/assets/derivations/icon/256/256/true/eyJpZCI6IjY0N2RhOTYxNTkwM2QxMzI3NjRlOGFhNTdiZjRhMmIyIiwic3RvcmFnZSI6InB1YmxpY19zdG9yZSJ9?signature=6865869717147336429899ad9edbc3d53938687814ee1125250ec22bfde49e0b
Pure Palm Medjool Dates,Pure_Palm_Medjool_Dates.jpg,crisp_on_creek_images,/category/groceries,https://crisponcreek.com.au/lines/pure-palm-medjool-dates-227g,https://dtgxwmigmg3gc.cloudfront.net/assets/no_image-2b66f888b650d4eb5136f9481a1bdba1f2c918331eba4030b603d2b62792e499.png
Quaranta Nougat Cake French Caramel,Quaranta_Nougat_Cake_French_Caramel.jpg,crisp_on_creek_images,/category/groceries,https://crisponcreek.com.au/lines/nougat-clear-pkt-165g-1,https://dtgxwmigmg3gc.cloudfront.net/imagery/assets/derivations/icon/256/256/true/eyJpZCI6IjE1NmI2NzI3NjE0ZmIzOThlZWQyM2YzMmFhZjFkMzk5Iiwic3RvcmFnZSI6InB1YmxpY19zdG9yZSJ9?signature=b8231cd915f524bcc54042c27e1bb82a1b7245c9799f853ee8eb342a2797586e
Quaranta Nougat Soft Italian,Quaranta_Nougat_Soft_Italian.jpg,crisp_on_creek_images,/category/groceries,https://crisponcreek.com.au/lines/quaranta-nougat-165g,https://dtgxwmigmg3gc.cloudfront.net/imagery/assets/derivations/icon/256/256/true/eyJpZCI6ImE2ZjY1NDZjMzA0YTlkMjU5OTA0YThjNDE3MTJmNGIxIiwic3RvcmFnZSI6InB1YmxpY19zdG9yZSJ9?signature=62f7e67fb334b03c632c557a3e1992b138e73edb6a98ff294c32dc170b78fb53
Quarterpast Hazenut Syrup,Quarterpast_Hazenut_Syrup.jpg,crisp_on_creek_images,/category/groceries,https://crisponcreek.com.au/lines/hazelnut-cs-250ml,https://dtgxwmigmg3gc.cloudfront.net/imagery/assets/derivations/icon/256/256/true/eyJpZCI6ImUwYzlhMjhjNzA0ZmIwMmFkOTBiNTkyY2EwZGExNTNmIiwic3RvcmFnZSI6InB1YmxpY19zdG9yZSJ9?signature=1e92e025dc6d91f246b604e45f17571f558adb0a0a3ee9d12c83fd96f50658c1
Quokka Tissue 200 Facial Tissue,Quokka_Tissue_200_Facial_Tissue.jpg,crisp_on_creek_images,/category/groceries,https://crisponcreek.com.au/lines/quokka-tissue-200-facial-tissue,https://dtgxwmigmg3gc.cloudfront.net/assets/no_image-2b66f888b650d4eb5136f9481a1bdba1f2c918331eba4030b603d2b62792e499.png
Remedy Blood Orange Sodaly,Remedy_Blood_Orange_Sodaly.jpg,crisp_on_creek_images,/category/groceries,https://crisponcreek.com.au/lines/sodaly-330ml,https://dtgxwmigmg3gc.cloudfront.net/imagery/assets/derivations/icon/256/256/true/eyJpZCI6ImE0OWUwYzUyODRmZjRmNmNiNzU3OTVlMjY5ZTQyZGMxIiwic3RvcmFnZSI6InB1YmxpY19zdG9yZSJ9?signature=782b21b43cd5236721db8addfda22de7fe7296dbd07a70b38d6e67ff94770958
Remedy Ginger Beer Original,Remedy_Ginger_Beer_Original.jpg,crisp_on_creek_images,/category/groceries,https://crisponcreek.com.au/lines/remedy-ginger-beer-330ml,https://dtgxwmigmg3gc.cloudfront.net/imagery/assets/derivations/icon/256/256/true/eyJpZCI6ImYwZWU3MmUxNjE0YjE0MzZkMjg1OGM4NTVhMzM5YmI2Iiwic3RvcmFnZSI6InB1YmxpY19zdG9yZSJ9?signature=d145171ec37134800d3f927f576cce9da63f246ce8e2170eafe72034eba05d9d
Remedy Ginger Beer With Lime,Remedy_Ginger_Beer_With_Lime.jpg,crisp_on_creek_images,/category/groceries,https://crisponcreek.com.au/lines/remedy-ginger-beer,https://dtgxwmigmg3gc.cloudfront.net/imagery/assets/derivations/icon/256/256/true/eyJpZCI6ImE3NGE3Y2VjMWM2NGE1Nzg5NTQzZDc4ZGRjY2NhZmZmIiwic3RvcmFnZSI6InB1YmxpY19zdG9yZSJ9?signature=068b7d9b08a3aab67e576d559220ef4dd2ee67971be33d341d871b784b117944
Remedy Guava Sodaly,Remedy_Guava_Sodaly.jpg,crisp_on_creek_images,/category/groceries,https://crisponcreek.com.au/lines/remedy-sodaly-330ml-1,https://dtgxwmigmg3gc.cloudfront.net/imagery/assets/derivations/icon/256/256/true/eyJpZCI6IjFmYzNjNDFiMDBkYzViZWRjNTJhYmZiNDQyNWE1NGNhIiwic3RvcmFnZSI6InB1YmxpY19zdG9yZSJ9?signature=511dd03465081e3668a29cc38ca97c8450faa207553453e61f04445ccf469058
Remedy Kombucha Organic Orange Squeeze,Remedy_Kombucha_Organic_Orange_Squeeze.jpg,crisp_on_creek_images,/category/groceries,https://crisponcreek.com.au/lines/remedy-kombucha-orange-750ml,https://dtgxwmigmg3gc.cloudfront.net/imagery/assets/derivations/icon/256/256/true/eyJpZCI6IjhmN2RiM2Y1OTNmZjlkYTZhYmI2ODNjNmMyMWU3OTRmIiwic3RvcmFnZSI6InB1YmxpY19zdG9yZSJ9?signature=53853bcc1c8e2e310d1b6059a0424e1758cc117732048a268dbd2179eec1e995
Remedy Kombucha Organic Wild Berry,Remedy_Kombucha_Organic_Wild_Berry.jpg,crisp_on_creek_images,/category/groceries,https://crisponcreek.com.au/lines/kombucha-wild-berry-750ml,https://dtgxwmigmg3gc.cloudfront.net/imagery/assets/derivations/icon/256/256/true/eyJpZCI6ImNiY2NiZTZkYzgxYmRlM2U5NmY5OTFjZGY3YmVlMjA3Iiwic3RvcmFnZSI6InB1YmxpY19zdG9yZSJ9?signature=11ae07569f9496d7a471af9c1cf8fbb2239eb191f0bf9a54327b2c04c219a248
Remedy Organic Kombucha Pink Grapefruit,Remedy_Organic_Kombucha_Pink_Grapefruit.jpg,crisp_on_creek_images,/category/groceries,https://crisponcreek.com.au/lines/kombhuca-pink-grapefruit-750ml,https://dtgxwmigmg3gc.cloudfront.net/imagery/assets/derivations/icon/256/256/true/eyJpZCI6ImI0NjNkNWY3YmNhOTA5NDYxMzU0ZDE0Y2MyMzY5ODVhIiwic3RvcmFnZSI6InB1YmxpY19zdG9yZSJ9?signature=09eb1f2613a8b043ba6ca50fd25fb49995fc32b175b526803b1df86a120260af
Remedy Passionfruit Sodaly,Remedy_Passionfruit_Sodaly.jpg,crisp_on_creek_images,/category/groceries,https://crisponcreek.com.au/lines/sodaly-passionfruit-330ml,https://dtgxwmigmg3gc.cloudfront.net/imagery/assets/derivations/icon/256/256/true/eyJpZCI6IjQ5NDgzY2E3NGMwMzU5OTM1MThiY2ZlNjRiZjhjODZjLnBuZyIsInN0b3JhZ2UiOiJwdWJsaWNfc3RvcmUifQ?signature=3c9bff2ac6a9ac5cff0a61a798a7b5179120a3cdbdd9bd3cd1b9abf440298835
Remedy Raspberry Sodaly,Remedy_Raspberry_Sodaly.jpg,crisp_on_creek_images,/category/groceries,https://crisponcreek.com.au/lines/remedy-sodaly-330ml,https://dtgxwmigmg3gc.cloudfront.net/imagery/assets/derivations/icon/256/256/true/eyJpZCI6ImE5MmVlY2RiMzQ0MTM0YTM5NWU5MGQ3NmJlMDBmMjNiLmpwZyIsInN0b3JhZ2UiOiJwdWJsaWNfc3RvcmUifQ?signature=eea826f6f8338780c10724c579ac928a507be2143a5cd4422b7f564674df658e
Remedy Sodaly Blood Orange 1.25,Remedy_Sodaly_Blood_Orange_1.25.jpg,crisp_on_creek_images,/category/groceries,https://crisponcreek.com.au/lines/sodaly-1-25-1,https://dtgxwmigmg3gc.cloudfront.net/imagery/assets/derivations/icon/256/256/true/eyJpZCI6ImQ0YTc0MDI0NTMzYzQxNGVlYzhjOWMzOGNjNTI3ZjQ0Iiwic3RvcmFnZSI6InB1YmxpY19zdG9yZSJ9?signature=d54af1937a0c4e7391e4dffacc56397b73ec11acebab83b788a6113641408d33
Remedy Sodaly Flavoured Drink Yuzu Lemon,Remedy_Sodaly_Flavoured_Drink_Yuzu_Lemon.jpg,crisp_on_creek_images,/category/groceries,https://crisponcreek.com.au/lines/sodaly-yuzu-lemon-330ml,https://dtgxwmigmg3gc.cloudfront.net/imagery/assets/derivations/icon/256/256/true/eyJpZCI6IjdkNDVkOWZkZDcyZWZlYjQ2N2YzYjE3N2ZjZWM4YmU5Iiwic3RvcmFnZSI6InB1YmxpY19zdG9yZSJ9?signature=e8aa59cdecc357e7070703e9a30446104816237760de6142f176b75925887eb8
Remedy Sodaly Raspberry,Remedy_Sodaly_Raspberry.jpg,crisp_on_creek_images,/category/groceries,https://crisponcreek.com.au/lines/r-sodaly-1-25,https://dtgxwmigmg3gc.cloudfront.net/imagery/assets/derivations/icon/256/256/true/eyJpZCI6IjQzMzk0MTAwNzllZDQzMDM0Mzk0NDQwMzQ4YjlmODY2Iiwic3RvcmFnZSI6InB1YmxpY19zdG9yZSJ9?signature=9958d376b3c36559907b9edc08824fa803bc44c867ad77cddf5a5dbeeb063982
Remedy Sodaly Soft Drink Guava Cans,Remedy_Sodaly_Soft_Drink_Guava_Cans.jpg,crisp_on_creek_images,/category/groceries,https://crisponcreek.com.au/lines/remedy-sodaly-guava-4pk-cans,https://dtgxwmigmg3gc.cloudfront.net/imagery/assets/derivations/icon/256/256/true/eyJpZCI6IjQ2ZDg4MTJmYWU0YmFhYTIyZGQxZjczNmMzMDgwOTI2Iiwic3RvcmFnZSI6InB1YmxpY19zdG9yZSJ9?signature=95246463878e20a62b79f729250d80dcc954975fcdf9078d08023258955a3e4e
Remedy Sodaly Soft Drink Passionfruit 4 X Cans,Remedy_Sodaly_Soft_Drink_Passionfruit_4_X_Cans.jpg,crisp_on_creek_images,/category/groceries,https://crisponcreek.com.au/lines/remedy-sodaly-passionfruit-4pk,https://dtgxwmigmg3gc.cloudfront.net/imagery/assets/derivations/icon/256/256/true/eyJpZCI6IjJmOTJmNWFjMTU2MzBmNzI3Y2Q2MjRmOWQ5MDcyZDdhIiwic3RvcmFnZSI6InB1YmxpY19zdG9yZSJ9?signature=57afada0f1330c93b8834b49023dc56177e084833532a2b62e7be1b1cdd3dd98
Remedy Sodaly Soft Drink Raspberry Cans,Remedy_Sodaly_Soft_Drink_Raspberry_Cans.jpg,crisp_on_creek_images,/category/groceries,https://crisponcreek.com.au/lines/remedy-sodaly-raspberry-4pk,https://dtgxwmigmg3gc.cloudfront.net/imagery/assets/derivations/icon/256/256/true/eyJpZCI6IjU4NTczNjIyZTc2NzZkMzA4NGNmNDkxMmM2ZjJmNjM4Iiwic3RvcmFnZSI6InB1YmxpY19zdG9yZSJ9?signature=2b0067c54e5507b40509192d94ed3c2cf90831b15f9c7535e3d62a0b025de9e9
Remedy Sodaly Yuzu Lemon,Remedy_Sodaly_Yuzu_Lemon.jpg,crisp_on_creek_images,/category/groceries,https://crisponcreek.com.au/lines/sodaly-1-25,https://dtgxwmigmg3gc.cloudfront.net/imagery/assets/derivations/icon/256/256/true/eyJpZCI6ImRhZDIyNzJkYjliYmEwNzIzODRlMTA5Yjg3MmE3MWU4Iiwic3RvcmFnZSI6InB1YmxpY19zdG9yZSJ9?signature=3da08052525d808b23b074437a3f3a6da1c498d050c1841c9b4828ca8f70441f
Remedy Yuzu Lemon Probiotic Soda,Remedy_Yuzu_Lemon_Probiotic_Soda.jpg,crisp_on_creek_images,/category/groceries,https://crisponcreek.com.au/lines/remedy,https://dtgxwmigmg3gc.cloudfront.net/imagery/assets/derivations/icon/256/256/true/eyJpZCI6IjI4ZjI3NzQzOWQxZDAwYWE2YmU2NzljZmVkODY5OWFlLnBuZyIsInN0b3JhZ2UiOiJwdWJsaWNfc3RvcmUifQ?signature=73c4f9b28d505d8fb4163b8ef1179df3e47f82b848e7ae66f56f6a51c0ebc6cd
Ridiculously Delicious Peanut Butter Chunky Crunch,Ridiculously_Delicious_Peanut_Butter_Chunky_Crunch.jpg,crisp_on_creek_images,/category/groceries,https://crisponcreek.com.au/lines/ridiculously-cruncy-butter,https://dtgxwmigmg3gc.cloudfront.net/imagery/assets/derivations/icon/256/256/true/eyJpZCI6Ijg3MWI5ZDk0OTJhZjVkZjViNDBjYWM1NTczOGNmNDU5LmpwZyIsInN0b3JhZ2UiOiJwdWJsaWNfc3RvcmUifQ?signature=7b4fe766911918c2963458b9de0e5aa6cb8f4d2dee8adcfbf523788f61f41097
Ridiculously Delicious Peanut Butter Salted Caramel,Ridiculously_Delicious_Peanut_Butter_Salted_Caramel.jpg,crisp_on_creek_images,/category/groceries,https://crisponcreek.com.au/lines/rd-penut-salted-caramek-50g,https://dtgxwmigmg3gc.cloudfront.net/imagery/assets/derivations/icon/256/256/true/eyJpZCI6ImMzYzY4YWI0YTE3YWJmODM4ZGE1NzU2ZDIxNDhjNmEyIiwic3RvcmFnZSI6InB1YmxpY19zdG9yZSJ9?signature=3ec9cdc57f019d79c9eeba3232fc142fc591fd9bc52545217342778de0250820
Ridiculously Delicious Super Smooth Peanut Butter,Ridiculously_Delicious_Super_Smooth_Peanut_Butter.jpg,crisp_on_creek_images,/category/groceries,https://crisponcreek.com.au/lines/ridiculously-peanut-butter,https://dtgxwmigmg3gc.cloudfront.net/imagery/assets/derivations/icon/256/256/true/eyJpZCI6ImVkNTZkNjMyMzU5MDJhOTk5Y2ZmZDIzM2FkZWI3ODdkLndlYnAyMDI1MTEwOC0yMzkzOTUxLTZpcWp3ZyIsInN0b3JhZ2UiOiJwdWJsaWNfc3RvcmUifQ?signature=4e8800b33e5ea8579b6b26ba0b14e742db28d54bbe9053dc92d53632ce9ea934
Ritter Sport Alpine Milk Chocolate,Ritter_Sport_Alpine_Milk_Chocolate.jpg,crisp_on_creek_images,/category/groceries,https://crisponcreek.com.au/lines/ritter-chocolate,https://dtgxwmigmg3gc.cloudfront.net/imagery/assets/derivations/icon/256/256/true/eyJpZCI6IjBjMTZhMjQ1MmY0MWE2MWE3ZGJjZTA4YjFmOGMyZTUzIiwic3RvcmFnZSI6InB1YmxpY19zdG9yZSJ9?signature=fa19a483a69e2f86e744c39aa4d4e4a9eba9a1dfdfca1152e23764669146cb97
Ritter Sport Butter Biscuit,Ritter_Sport_Butter_Biscuit.jpg,crisp_on_creek_images,/category/groceries,https://crisponcreek.com.au/lines/ritter-sport-butter-biscuit-100g,https://dtgxwmigmg3gc.cloudfront.net/imagery/assets/derivations/icon/256/256/true/eyJpZCI6ImUwNWE4ZTY3YzRiMzM4ZmViNzBlZDg5OTI4MTExOWFiIiwic3RvcmFnZSI6InB1YmxpY19zdG9yZSJ9?signature=9fa77c2b39f04d29482780ce092f12d516c54bd43a84bc39736edbfbf1be4955
Ritter Sport Cornflakes,Ritter_Sport_Cornflakes.jpg,crisp_on_creek_images,/category/groceries,https://crisponcreek.com.au/lines/ritter-chocolates,https://dtgxwmigmg3gc.cloudfront.net/imagery/assets/derivations/icon/256/256/true/eyJpZCI6IjI3MDlmZTdhYWRmMjE4YzYxN2ZkY2MwZGQ5ZGM5ZTJmIiwic3RvcmFnZSI6InB1YmxpY19zdG9yZSJ9?signature=68ff7dd5f593cb7bfe5947fab72fc008a92eedb7edeb80ba8f8c41cbce41719f
Ritter Sport Peppermint Filled Chocolate,Ritter_Sport_Peppermint_Filled_Chocolate.jpg,crisp_on_creek_images,/category/groceries,https://crisponcreek.com.au/lines/ritter-peppermint-100g,https://dtgxwmigmg3gc.cloudfront.net/imagery/assets/derivations/icon/256/256/true/eyJpZCI6IjAzZTNkOTVlODUwMTU3NWM4ZWJhYTFlOGQwNzlmODY1Iiwic3RvcmFnZSI6InB1YmxpY19zdG9yZSJ9?signature=5ec4aa28bd5ff0a1028c422d818f804ef0c5e9fda4a64b056c09af65ddd21af8
Robert Timms Frisky Double Espresso With A Dash Of Milk,Robert_Timms_Frisky_Double_Espresso_With_A_Dash_Of_Milk.jpg,crisp_on_creek_images,/category/groceries,https://crisponcreek.com.au/lines/f-ice-coffee-240ml,https://dtgxwmigmg3gc.cloudfront.net/imagery/assets/derivations/icon/256/256/true/eyJpZCI6Ijk1MjRhMWM2NzQ1OGUxYTA0OTIwNjIyMzgxMDM4YzgyIiwic3RvcmFnZSI6InB1YmxpY19zdG9yZSJ9?signature=5ef5e39ab975351b3f215d6dffa1e7770905f49c09e7a0b14738cbfffb6ded42
Rokeby Protein Smoothie Strawberry,Rokeby_Protein_Smoothie_Strawberry.jpg,crisp_on_creek_images,/category/groceries,https://crisponcreek.com.au/lines/rokeby-protein-smoothie-sb-30g,https://dtgxwmigmg3gc.cloudfront.net/imagery/assets/derivations/icon/256/256/true/eyJpZCI6IjhhYzY2ODQ0MjQ5YjYzOTdiZDdkZTc5ZDI4ZjMyZDlkLnBuZyIsInN0b3JhZ2UiOiJwdWJsaWNfc3RvcmUifQ?signature=11826a43d22cd155d9ec393ad437fb7f4bb834d4d95617c0e54e4e91eca7a1b2
Royal Kerry Apricot Halves,Royal_Kerry_Apricot_Halves.jpg,crisp_on_creek_images,/category/groceries,https://crisponcreek.com.au/lines/rk-apricot-1kg,https://dtgxwmigmg3gc.cloudfront.net/imagery/assets/derivations/icon/256/256/true/eyJpZCI6ImQyODY2NTI2MTFkM2MxOTRhY2E5ZmY3MmU1OTUzOWI2Iiwic3RvcmFnZSI6InB1YmxpY19zdG9yZSJ9?signature=71c97a808b969bc7f1f642366562ad2b3fd58e18ca9cf179ab7f0a5f89e3f105
Roza's Gourmet Beetroot Love Crackers,Roza's_Gourmet_Beetroot_Love_Crackers.jpg,crisp_on_creek_images,/category/groceries,https://crisponcreek.com.au/lines/roza-s-crackers-120g,https://dtgxwmigmg3gc.cloudfront.net/imagery/assets/derivations/icon/256/256/true/eyJpZCI6ImEyNjQ1ODllMjhjZDMxMzY1YzIxNjFmYWM0YzQyZDcxIiwic3RvcmFnZSI6InB1YmxpY19zdG9yZSJ9?signature=a89b875e96335f741b933906136642676fcb3cecbea5144c95cd588e640a7890
Rozas Naked Crackers,Rozas_Naked_Crackers.jpg,crisp_on_creek_images,/category/groceries,https://crisponcreek.com.au/lines/roza-s,https://dtgxwmigmg3gc.cloudfront.net/imagery/assets/derivations/icon/256/256/true/eyJpZCI6ImY2NzVmN2U4NTU0ZjMyNmI4OWY0NzgxMTZlMmZiOTk4Iiwic3RvcmFnZSI6InB1YmxpY19zdG9yZSJ9?signature=39150c0c4067e919fb1e511ec70d95b769bca9129dbb884e3e7ba48cfd98c326
Sabrina Butter Chicken Simmer Sauce,Sabrina_Butter_Chicken_Simmer_Sauce.jpg,crisp_on_creek_images,/category/groceries,https://crisponcreek.com.au/lines/s-butter-chicken-400g,https://dtgxwmigmg3gc.cloudfront.net/imagery/assets/derivations/icon/256/256/true/eyJpZCI6IjE3NzkzZWY0Y2E2ODlmNjMwNjlmZWVjZmVmYWQ0ZTFhLnBuZyIsInN0b3JhZ2UiOiJwdWJsaWNfc3RvcmUifQ?signature=4221d100301ed674612ebcbb4276de7e3f35acb689b0f3c85223f45baa66eadf
Sabrini Cocktail Samosa,Sabrini_Cocktail_Samosa.jpg,crisp_on_creek_images,/category/groceries,https://crisponcreek.com.au/lines/cocktail-samosa,https://dtgxwmigmg3gc.cloudfront.net/imagery/assets/derivations/icon/256/256/true/eyJpZCI6IjAyOTlkY2QyYzlmZWQ4NDY0Mzc5MTBhMzdmNjEyMzIyIiwic3RvcmFnZSI6InB1YmxpY19zdG9yZSJ9?signature=d58fb308a86040513dba5a1693da848be51b305174dda1fd12e273170d2fec1f
Sabrini Entertainment Pack,Sabrini_Entertainment_Pack.jpg,crisp_on_creek_images,/category/groceries,https://crisponcreek.com.au/lines/samosa-32-pack,https://dtgxwmigmg3gc.cloudfront.net/imagery/assets/derivations/icon/256/256/true/eyJpZCI6IjM2YTFhZjMxM2E4ZGRiNWYxMzc5ODkxZjhkZTQxYWIxLnBuZyIsInN0b3JhZ2UiOiJwdWJsaWNfc3RvcmUifQ?signature=4653f38abc40fbcb95e9d1af05bac2851c7597b932743c61de36c6be08527378
Saint Luc Mini Toast,Saint_Luc_Mini_Toast.jpg,crisp_on_creek_images,/category/groceries,https://crisponcreek.com.au/lines/saint-luc-mini-toast-80g,https://dtgxwmigmg3gc.cloudfront.net/imagery/assets/derivations/icon/256/256/true/eyJpZCI6ImI2YTMwYWIxMGYzNDBkNmE0MzQ2MTY2YjcxNWNhOWNjIiwic3RvcmFnZSI6InB1YmxpY19zdG9yZSJ9?signature=0a7850e64f1b0b7ac53a057d93dcdc444ee306a1afa55817e890bc348a345709
Savoiardi Ladyfingers Bis.,Savoiardi_Ladyfingers_Bis..jpg,crisp_on_creek_images,/category/groceries,https://crisponcreek.com.au/lines/savoiardi-ladyfingers-bis-200g,https://dtgxwmigmg3gc.cloudfront.net/imagery/assets/derivations/icon/256/256/true/eyJpZCI6IjM1ZThiNTUzZTNjOWRmZWVhMDE3OTQyYjYzZDE0ZGUyIiwic3RvcmFnZSI6InB1YmxpY19zdG9yZSJ9?signature=4f5c081c2d56bcb5dee9504d730aeaf96200b19e253b09940e437bb0afd91f9c
Shary Freeze Dried Mango Crisps,Shary_Freeze_Dried_Mango_Crisps.jpg,crisp_on_creek_images,/category/groceries,https://crisponcreek.com.au/lines/shary-freeze-dried-mgo-crsps-30g,https://dtgxwmigmg3gc.cloudfront.net/imagery/assets/derivations/icon/256/256/true/eyJpZCI6IjgyZGZjMTYyNjI2MjFiZTNjMGY1OWVlNjM1YTg0Y2E1LnBuZyIsInN0b3JhZ2UiOiJwdWJsaWNfc3RvcmUifQ?signature=a6ec6b1bca433f5071c3e8f693046e3fff62dc6bff9ab9432aba2c32cadbbb29
Shary Fruit Crisps Sunlit Peach Mix,Shary_Fruit_Crisps_Sunlit_Peach_Mix.jpg,crisp_on_creek_images,/category/groceries,https://crisponcreek.com.au/lines/shary-sunlit-peach-crisps-40g,https://dtgxwmigmg3gc.cloudfront.net/imagery/assets/derivations/icon/256/256/true/eyJpZCI6ImY0YjkxMTVkZThhODVjYThhNTU5NDVmZjBlZTE5MWQ4LnBuZzIwMjUxMTE3LTIyMjM2MS1qYXRpemUiLCJzdG9yYWdlIjoicHVibGljX3N0b3JlIn0?signature=7ad0f7f61a1178f3a7954b9151eef8eb39c68e36325315e10e00e70082d776c6
Shary Mixed Vege,Shary_Mixed_Vege.jpg,crisp_on_creek_images,/category/groceries,https://crisponcreek.com.au/lines/shary-mixed-vege-45g,https://dtgxwmigmg3gc.cloudfront.net/assets/no_image-2b66f888b650d4eb5136f9481a1bdba1f2c918331eba4030b603d2b62792e499.png
Simply Pies,Simply_Pies.jpg,crisp_on_creek_images,/category/groceries,https://crisponcreek.com.au/lines/simply-pies,https://dtgxwmigmg3gc.cloudfront.net/assets/no_image-2b66f888b650d4eb5136f9481a1bdba1f2c918331eba4030b603d2b62792e499.png
Sm D Toffee,Sm_D_Toffee.jpg,crisp_on_creek_images,/category/groceries,https://crisponcreek.com.au/lines/sm-d-toffee-150g,https://dtgxwmigmg3gc.cloudfront.net/assets/no_image-2b66f888b650d4eb5136f9481a1bdba1f2c918331eba4030b603d2b62792e499.png
Sm Fru Lala,Sm_Fru_Lala.jpg,crisp_on_creek_images,/category/groceries,https://crisponcreek.com.au/lines/sm-fru-lala,https://dtgxwmigmg3gc.cloudfront.net/assets/no_image-2b66f888b650d4eb5136f9481a1bdba1f2c918331eba4030b603d2b62792e499.png
Snacka Changi Chips Snacka Changi Potato Chips Kettle Fried Barbecue,Snacka_Changi_Chips_Snacka_Changi_Potato_Chips_Kettle_Fried_Barbecue.jpg,crisp_on_creek_images,/category/groceries,https://crisponcreek.com.au/lines/scc-bbq-150g,https://dtgxwmigmg3gc.cloudfront.net/imagery/assets/derivations/icon/256/256/true/eyJpZCI6ImQwYmE0NmI3NWQwM2U5YmJhMjJjNmE3YWNiMTQ2MGZiIiwic3RvcmFnZSI6InB1YmxpY19zdG9yZSJ9?signature=6b95498520a331f157253f0929a114a3d700a6595d2b9b20aaa0d2bae2242827
Snacka Changi Chips Snacka Changi Potato Chips Kettle Fried Salted,Snacka_Changi_Chips_Snacka_Changi_Potato_Chips_Kettle_Fried_Salted.jpg,crisp_on_creek_images,/category/groceries,https://crisponcreek.com.au/lines/snacka-changi-chips-salted-150g,https://dtgxwmigmg3gc.cloudfront.net/imagery/assets/derivations/icon/256/256/true/eyJpZCI6IjM4YTQ3Yjc0NzlkYTI5ZTQ5ZDgzOWM0ZmY1ZTIyMTRiIiwic3RvcmFnZSI6InB1YmxpY19zdG9yZSJ9?signature=5bb8e5d91d712bc823bbf43d5ed541acd97e034a2ac9526ff155b4461f185a0a
Snacka Changi Chips Snacka Changi Potato Chips Kettle Fried Vinegar Salt,Snacka_Changi_Chips_Snacka_Changi_Potato_Chips_Kettle_Fried_Vinegar_Salt.jpg,crisp_on_creek_images,/category/groceries,https://crisponcreek.com.au/lines/snacka-changi-chips-vin-salt,https://dtgxwmigmg3gc.cloudfront.net/imagery/assets/derivations/icon/256/256/true/eyJpZCI6IjEzZDlmZDAyZWViYmM4MWU5YjM1NDFiMmRhNDg3MWY3Iiwic3RvcmFnZSI6InB1YmxpY19zdG9yZSJ9?signature=09b277b4ae7b026f575e61e34f1d7590b4894d0dcfd9b2c60444078591e92c27
Snacka Changi Potato Chips Kettle Fried Chicken,Snacka_Changi_Potato_Chips_Kettle_Fried_Chicken.jpg,crisp_on_creek_images,/category/groceries,https://crisponcreek.com.au/lines/snaka-changi-chips-150g,https://dtgxwmigmg3gc.cloudfront.net/imagery/assets/derivations/icon/256/256/true/eyJpZCI6IjYwYjhjZTNjYjg0NDliMjRhMDQ5ZTYyNzU2YzQ5NzY4Iiwic3RvcmFnZSI6InB1YmxpY19zdG9yZSJ9?signature=c8de49bc00c99fd19a0be73e731e1008030701dddcd947e85da6eaa84d887857
Snacka Changi Potato Chips Kettle Fried Sweet Chilli,Snacka_Changi_Potato_Chips_Kettle_Fried_Sweet_Chilli.jpg,crisp_on_creek_images,/category/groceries,https://crisponcreek.com.au/lines/snacka-changi-chips-sweetchilli,https://dtgxwmigmg3gc.cloudfront.net/imagery/assets/derivations/icon/256/256/true/eyJpZCI6IjM2OTllZjA3ZmFkNWU4MTFlNjEwNjkwMDU5ZmFhM2NlIiwic3RvcmFnZSI6InB1YmxpY19zdG9yZSJ9?signature=f98a207801430bccd09f939f392f564e663266d9299f244403d46df3551505fd
Snackachangi Sour Cream,Snackachangi_Sour_Cream.jpg,crisp_on_creek_images,/category/groceries,https://crisponcreek.com.au/lines/chips-sour-cream-chives-150g,https://dtgxwmigmg3gc.cloudfront.net/imagery/assets/derivations/icon/256/256/true/eyJpZCI6ImUyMTUyM2VlOTYyMzMwYzQxZTkxNWE4YjZjNmE0ZTViLndlYnAiLCJzdG9yYWdlIjoicHVibGljX3N0b3JlIn0?signature=dfccfb3f39b33c421f73889e7bd94e3b4ad090c644ae85dd10aa19fa0df6d3d7
Snackinos Diced 2 Fruits In Fruit Juice,Snackinos_Diced_2_Fruits_In_Fruit_Juice.jpg,crisp_on_creek_images,/category/groceries,https://crisponcreek.com.au/lines/s-two-fruits-in-j-125g,https://dtgxwmigmg3gc.cloudfront.net/imagery/assets/derivations/icon/256/256/true/eyJpZCI6ImFlMjYxNjY0MDk5ZGVkZTY4ZTYyMDgyMzA3MTZjZWIzIiwic3RvcmFnZSI6InB1YmxpY19zdG9yZSJ9?signature=2ea027570d09a772aa42ba978f01aa781b38aeb82f4eb077379f81a3d903f3b5
Snackinos Peach In Strawberry Jelly,Snackinos_Peach_In_Strawberry_Jelly.jpg,crisp_on_creek_images,/category/groceries,https://crisponcreek.com.au/lines/snackinos-peaches-in-sb-jel-120g,https://dtgxwmigmg3gc.cloudfront.net/imagery/assets/derivations/icon/256/256/true/eyJpZCI6ImJkNDNiNDIxYzAzM2RhZGRmODBiZTJhMWUzZDhkOWMxLnBuZyIsInN0b3JhZ2UiOiJwdWJsaWNfc3RvcmUifQ?signature=39db0b7f41f3d76e7a90c68c828c1501d6763ed3ac5fb3c562b91039274913af
Snakinos Diced Peaches In Juice,Snakinos_Diced_Peaches_In_Juice.jpg,crisp_on_creek_images,/category/groceries,https://crisponcreek.com.au/lines/snackinos-diced-p-in-juice-125g,https://dtgxwmigmg3gc.cloudfront.net/imagery/assets/derivations/icon/256/256/true/eyJpZCI6ImZiNDQ1OTkyNjkxNDg5ZGZhZjYzZDU4NTk2ZDJhZjQ3Iiwic3RvcmFnZSI6InB1YmxpY19zdG9yZSJ9?signature=3ffb8109b71dbb7170b3b77554267532a6a08dbb4efed8279b718eba664ce14d
Sofikb Dill Gherkins,Sofikb_Dill_Gherkins.jpg,crisp_on_creek_images,/category/groceries,https://crisponcreek.com.au/lines/sofikb-dill-gherkins,https://dtgxwmigmg3gc.cloudfront.net/assets/no_image-2b66f888b650d4eb5136f9481a1bdba1f2c918331eba4030b603d2b62792e499.png
Spice & Co Assort Herbs & Spices,Spice_&_Co_Assort_Herbs_&_Spices.jpg,crisp_on_creek_images,/category/groceries,https://crisponcreek.com.au/lines/spice-co-assort-herbs-spices,https://dtgxwmigmg3gc.cloudfront.net/assets/no_image-2b66f888b650d4eb5136f9481a1bdba1f2c918331eba4030b603d2b62792e499.png
Spiral Foods Brown Rice Vinegar,Spiral_Foods_Brown_Rice_Vinegar.jpg,crisp_on_creek_images,/category/groceries,https://crisponcreek.com.au/lines/spiral-brown-rice-vinegar-250ml,https://dtgxwmigmg3gc.cloudfront.net/imagery/assets/derivations/icon/256/256/true/eyJpZCI6ImQ0MjA0OTYzNmE4Yjc3YTUyN2ZmZWU4N2RjNDFjNzM0LmpwZzIwMjUwNDAxLTUyNDkxMC0xZ3BtZnd3Iiwic3RvcmFnZSI6InB1YmxpY19zdG9yZSJ9?signature=5a299db2c33d70566c550dc262eae183416b776659bee7fbdf6ee543f5fc323f
Spiral Foods Organic Udon Noodles,Spiral_Foods_Organic_Udon_Noodles.jpg,crisp_on_creek_images,/category/groceries,https://crisponcreek.com.au/lines/spiral-org-udon-300g,https://dtgxwmigmg3gc.cloudfront.net/imagery/assets/derivations/icon/256/256/true/eyJpZCI6IjNkYTQ5ZjFmZDI5ZjBlNDE2NTUxODlhNjA0YTk3OTMyIiwic3RvcmFnZSI6InB1YmxpY19zdG9yZSJ9?signature=b658b0529392856706256ddb5709bf3426a6b4acfd506e457a57f2823afc26d7
Spiral Mirin,Spiral_Mirin.jpg,crisp_on_creek_images,/category/groceries,https://crisponcreek.com.au/lines/spiral-mirin-250ml,https://dtgxwmigmg3gc.cloudfront.net/imagery/assets/derivations/icon/256/256/true/eyJpZCI6ImU4ODNjYWJhOTdmOTRhOWRkMDc2MDIxNGQ0MzU5NWM1LmpwZzIwMjUwNDA3LTM0MDM2ODYtZWh3OHI1Iiwic3RvcmFnZSI6InB1YmxpY19zdG9yZSJ9?signature=19be6e2bf6320f93fc0191bab5333a4e5bf95b47495bfb70e999babacb27cd4f
Spiral Organic Maple Syrup,Spiral_Organic_Maple_Syrup.jpg,crisp_on_creek_images,/category/groceries,https://crisponcreek.com.au/lines/organic-maple-syrup-250ml,https://dtgxwmigmg3gc.cloudfront.net/imagery/assets/derivations/icon/256/256/true/eyJpZCI6ImQ1MzE0ZWRhNGIyNjE1ZWQ4Mjg2MWFmODllNDgwZDUwIiwic3RvcmFnZSI6InB1YmxpY19zdG9yZSJ9?signature=5b7c6e5988730fcbc5c61aad1e9c17989993c901f2aa967239f2c0455b27417e
Spiral Organic Plum Vinegar,Spiral_Organic_Plum_Vinegar.jpg,crisp_on_creek_images,/category/groceries,https://crisponcreek.com.au/lines/plum-vinegar-250ml,https://dtgxwmigmg3gc.cloudfront.net/imagery/assets/derivations/icon/256/256/true/eyJpZCI6ImNiYjBlZDVjZjk5MzZmYjljMGMxNjUzYTI1ZTkxMWMyIiwic3RvcmFnZSI6InB1YmxpY19zdG9yZSJ9?signature=5e6884abda14ca270564bd7ab653b827737d5a063b180a17ddef9b555d2a909e
Squisito Fusilli Avellinesi,Squisito_Fusilli_Avellinesi.jpg,crisp_on_creek_images,/category/groceries,https://crisponcreek.com.au/lines/squisito-pasta-500g,https://dtgxwmigmg3gc.cloudfront.net/imagery/assets/derivations/icon/256/256/true/eyJpZCI6IjVhZDYzYmY4MGNhZTA5MWMzNzlhNjJlMGU3ZGE1YjUyIiwic3RvcmFnZSI6InB1YmxpY19zdG9yZSJ9?signature=e2db0025516baaa591f31f54d0ea1781a9b2bddbd385df1a923a22ab05dfe0a0
Squisito Fusilli Tris,Squisito_Fusilli_Tris.jpg,crisp_on_creek_images,/category/groceries,https://crisponcreek.com.au/lines/squisito-fusilli-trio-500g,https://dtgxwmigmg3gc.cloudfront.net/imagery/assets/derivations/icon/256/256/true/eyJpZCI6IjY2MTZkNDI0ZDU2YTE0ODIxN2UyMTYxODM5NDkwMWRmIiwic3RvcmFnZSI6InB1YmxpY19zdG9yZSJ9?signature=c68b3cdc9f70b22f2b82000c6c993f4d0bc4b7f8c5f2837b71e4e238caefdb56
Squisito Gigli,Squisito_Gigli.jpg,crisp_on_creek_images,/category/groceries,https://crisponcreek.com.au/lines/squisito-gigli-500g,https://dtgxwmigmg3gc.cloudfront.net/assets/no_image-2b66f888b650d4eb5136f9481a1bdba1f2c918331eba4030b603d2b62792e499.png
Squisito Rigatoni,Squisito_Rigatoni.jpg,crisp_on_creek_images,/category/groceries,https://crisponcreek.com.au/lines/squisito-rigatoni-500g,https://dtgxwmigmg3gc.cloudfront.net/assets/no_image-2b66f888b650d4eb5136f9481a1bdba1f2c918331eba4030b603d2b62792e499.png
Squisitto Penne,Squisitto_Penne.jpg,crisp_on_creek_images,/category/groceries,https://crisponcreek.com.au/lines/squisitto-penne-500g,https://dtgxwmigmg3gc.cloudfront.net/assets/no_image-2b66f888b650d4eb5136f9481a1bdba1f2c918331eba4030b603d2b62792e499.png
Str War,Str_War.jpg,crisp_on_creek_images,/category/groceries,https://crisponcreek.com.au/lines/str-war-200g,https://dtgxwmigmg3gc.cloudfront.net/assets/no_image-2b66f888b650d4eb5136f9481a1bdba1f2c918331eba4030b603d2b62792e499.png
Streets Golden Gaytime Frozen Dessert Slab,Streets_Golden_Gaytime_Frozen_Dessert_Slab.jpg,crisp_on_creek_images,/category/groceries,https://crisponcreek.com.au/lines/golden-gaytime-slab-160ml,https://dtgxwmigmg3gc.cloudfront.net/imagery/assets/derivations/icon/256/256/true/eyJpZCI6IjVkZTc2ZWY0OWQxNzE5YzY0ZmMyNDQ2NzY2OTExODQwIiwic3RvcmFnZSI6InB1YmxpY19zdG9yZSJ9?signature=a842c675674f258ac993b7cf676c2ec23497a0f2cf1b702913c70aa1a88d470e
Sunflower Oli N2ltr,Sunflower_Oli_N2ltr.jpg,crisp_on_creek_images,/category/groceries,https://crisponcreek.com.au/lines/sunflower-oli-n2ltr,https://dtgxwmigmg3gc.cloudfront.net/assets/no_image-2b66f888b650d4eb5136f9481a1bdba1f2c918331eba4030b603d2b62792e499.png
Sweet Oz Jam Drop,Sweet_Oz_Jam_Drop.jpg,crisp_on_creek_images,/category/groceries,https://crisponcreek.com.au/lines/sweet-oz-jam-drop-350g,https://dtgxwmigmg3gc.cloudfront.net/assets/no_image-2b66f888b650d4eb5136f9481a1bdba1f2c918331eba4030b603d2b62792e499.png
The Market Garden Super Food Mix,The_Market_Garden_Super_Food_Mix.jpg,crisp_on_creek_images,/category/groceries,https://crisponcreek.com.au/lines/super-food-mix-200g,https://dtgxwmigmg3gc.cloudfront.net/imagery/assets/derivations/icon/256/256/true/eyJpZCI6ImQ5ZWQ1OTQ1ZTU3MzM3M2YzOGMyMjMyMDY2YzVmMTE5Iiwic3RvcmFnZSI6InB1YmxpY19zdG9yZSJ9?signature=24f1a26292c3d2f63f7332a536987d427ea6f58a7310ad4de8ac3aa24e5c0cca
The Market Grocer Almond Meal,The_Market_Grocer_Almond_Meal.jpg,crisp_on_creek_images,/category/groceries,https://crisponcreek.com.au/lines/almond-meal-500g,https://dtgxwmigmg3gc.cloudfront.net/imagery/assets/derivations/icon/256/256/true/eyJpZCI6IjMwMmJhMzdlNGM3MmY4MDE3OTU3MzVlY2U0OTU2NmQ0LnBuZyIsInN0b3JhZ2UiOiJwdWJsaWNfc3RvcmUifQ?signature=2aa799528179f09bfed9a10e3e9859752085ea841b348e13f1e6bc51a0604749
The Market Grocer Almonds Australian Smoked,The_Market_Grocer_Almonds_Australian_Smoked.jpg,crisp_on_creek_images,/category/groceries,https://crisponcreek.com.au/lines/australian-smoked-almonds-150g,https://dtgxwmigmg3gc.cloudfront.net/imagery/assets/derivations/icon/256/256/true/eyJpZCI6ImE0OTZmMGVmNjhhZGQ5NmIwNWM3NWQwN2ExYzQ2YTVmIiwic3RvcmFnZSI6InB1YmxpY19zdG9yZSJ9?signature=4ce282ff1b69d6baf5afdb01d3498c9b1555e68a048a07de32cd44c5f36681b1
The Market Grocer Almonds Flakes,The_Market_Grocer_Almonds_Flakes.jpg,crisp_on_creek_images,/category/groceries,https://crisponcreek.com.au/lines/almon-flakes-250g,https://dtgxwmigmg3gc.cloudfront.net/imagery/assets/derivations/icon/256/256/true/eyJpZCI6ImIyNDk4MDU3YTEzMTIxM2FkNzA4MmRkZjU2Y2YxM2FhIiwic3RvcmFnZSI6InB1YmxpY19zdG9yZSJ9?signature=672ded0dc54ebecaa27867023e0b2947bebab124b8f26ae32789a84520f45333
The Market Grocer Australian Red Peanuts,The_Market_Grocer_Australian_Red_Peanuts.jpg,crisp_on_creek_images,/category/groceries,https://crisponcreek.com.au/lines/peanuts-red-400g,https://dtgxwmigmg3gc.cloudfront.net/imagery/assets/derivations/icon/256/256/true/eyJpZCI6ImNkMmFmNmNmNGEzZmNjNTFmOWQ0ZGI5NDUwMTdhMTg1LnBuZyIsInN0b3JhZ2UiOiJwdWJsaWNfc3RvcmUifQ?signature=5364007212c09c2d528389adef1b466fbd1095626c8f65eab97616b8f2c2e008
The Market Grocer Australian Tamari Almonds,The_Market_Grocer_Australian_Tamari_Almonds.jpg,crisp_on_creek_images,/category/groceries,https://crisponcreek.com.au/lines/tamari-almonds-roasted-150g,https://dtgxwmigmg3gc.cloudfront.net/imagery/assets/derivations/icon/256/256/true/eyJpZCI6ImM2MGUxZGUxNWQzNGFhYjYyN2M1ZjAyNjkxYWU5OGVlIiwic3RvcmFnZSI6InB1YmxpY19zdG9yZSJ9?signature=c314e3a85e3c015d9ff072be7f930a55d6b0dba17437baa9078a4216c3fa0364
The Market Grocer Bulgur Fine Brown,The_Market_Grocer_Bulgur_Fine_Brown.jpg,crisp_on_creek_images,/category/groceries,https://crisponcreek.com.au/lines/m-g-whitefine-burghul-500g,https://dtgxwmigmg3gc.cloudfront.net/imagery/assets/derivations/icon/256/256/true/eyJpZCI6IjE4ZDBlMWIyYzY5OGExY2Q1ZGYxN2JkNTdiN2YwZmI2Iiwic3RvcmFnZSI6InB1YmxpY19zdG9yZSJ9?signature=b632ade1bed0d99df7e86fd56138e5b00591a5ab1de784092db5b0e7c29fd4db
The Market Grocer Crimson Raisins,The_Market_Grocer_Crimson_Raisins.jpg,crisp_on_creek_images,/category/groceries,https://crisponcreek.com.au/lines/m-g-crimson-raisins-500g,https://dtgxwmigmg3gc.cloudfront.net/imagery/assets/derivations/icon/256/256/true/eyJpZCI6ImI1ZGZlZmNjYTcwZGQxZWQwMDUzYmFjYmY5YTk2ZDViIiwic3RvcmFnZSI6InB1YmxpY19zdG9yZSJ9?signature=4192c369ec7f8d5d276a10368384ac1115b793034049264a27cfae9849b7d773
The Market Grocer French Dressing,The_Market_Grocer_French_Dressing.jpg,crisp_on_creek_images,/category/groceries,https://crisponcreek.com.au/lines/m-g-french-dressing-320ml,https://dtgxwmigmg3gc.cloudfront.net/imagery/assets/derivations/icon/256/256/true/eyJpZCI6IjYyYTMzOTVhODQ4ZDIzYzU4YjcxMGU5ZGQ3ZDIyNWMzIiwic3RvcmFnZSI6InB1YmxpY19zdG9yZSJ9?signature=557092fbfdb8b24a5a97c71fa4093549cf57f52ce6de6be2791739b47fdb847b
The Market Grocer Hazelnuts Raw,The_Market_Grocer_Hazelnuts_Raw.jpg,crisp_on_creek_images,/category/groceries,https://crisponcreek.com.au/lines/hazelnuts-raw-250g,https://dtgxwmigmg3gc.cloudfront.net/imagery/assets/derivations/icon/256/256/true/eyJpZCI6IjY3ZTViZWE2ZmIyY2YyZGYxNDZkMDNjNDNiNzZmZjRmIiwic3RvcmFnZSI6InB1YmxpY19zdG9yZSJ9?signature=062a412abefc4e3876e7921a5ffd7132974d19547fbb80919f8216e8eeaead64
The Market Grocer Low Carb Mix,The_Market_Grocer_Low_Carb_Mix.jpg,crisp_on_creek_images,/category/groceries,https://crisponcreek.com.au/lines/low-carb-mix-225g,https://dtgxwmigmg3gc.cloudfront.net/imagery/assets/derivations/icon/256/256/true/eyJpZCI6ImRkZWJkYTA0NDBkZWNlYjRjYjc5OGE5NmExMjM3MWE5Iiwic3RvcmFnZSI6InB1YmxpY19zdG9yZSJ9?signature=7d6a7117589bef4f2b2625a222cc58870aad83ef1bbbcec3e052b908ff03ad32
The Market Grocer Peanuts Salted,The_Market_Grocer_Peanuts_Salted.jpg,crisp_on_creek_images,/category/groceries,https://crisponcreek.com.au/lines/aus-salted-peanuts-500g,https://dtgxwmigmg3gc.cloudfront.net/imagery/assets/derivations/icon/256/256/true/eyJpZCI6IjllMDhiM2M4ZGRiZWExMDk4N2JhN2U4MmY3ZmZmNWMzIiwic3RvcmFnZSI6InB1YmxpY19zdG9yZSJ9?signature=c2a661767cc267cfc056e58c57062e75785ca3b6311d28d5b6adf1c316d93285
The Market Grocer Peanuts Unsalted,The_Market_Grocer_Peanuts_Unsalted.jpg,crisp_on_creek_images,/category/groceries,https://crisponcreek.com.au/lines/roasted-unsalted-peanuts-500g,https://dtgxwmigmg3gc.cloudfront.net/imagery/assets/derivations/icon/256/256/true/eyJpZCI6IjZmNGIxZWFjYWIxMWE4Yjc0ZjUyZDMzNTdjMTIwY2M4Iiwic3RvcmFnZSI6InB1YmxpY19zdG9yZSJ9?signature=cacdc3f453a024dd5d8ded6a7965363e90a8f1e1018a7b3eba40efb594cf8ad5
The Market Grocer Pumpkin Seeds Salted,The_Market_Grocer_Pumpkin_Seeds_Salted.jpg,crisp_on_creek_images,/category/groceries,https://crisponcreek.com.au/lines/pumpkin-seeds-375g,https://dtgxwmigmg3gc.cloudfront.net/imagery/assets/derivations/icon/256/256/true/eyJpZCI6ImI5YzA0NWFjODU3ZmM5OWMyYzk4OTU0MWRiY2Q1MjkzIiwic3RvcmFnZSI6InB1YmxpY19zdG9yZSJ9?signature=d2745ff9807c429332312c584a7259998813a8f9634d8ce7a16c42f28314577b
The Market Grocer Ranch Mix,The_Market_Grocer_Ranch_Mix.jpg,crisp_on_creek_images,/category/groceries,https://crisponcreek.com.au/lines/ranch-mix-500g,https://dtgxwmigmg3gc.cloudfront.net/imagery/assets/derivations/icon/256/256/true/eyJpZCI6ImQ2Y2JhYmFjYjBiODRjNWY1NWFiMTNjY2IyNTU2ZTA3LmpwZyIsInN0b3JhZ2UiOiJwdWJsaWNfc3RvcmUifQ?signature=106bf95bffef3bab7760c5ba29933b91c1156a57aff598c80cdf675ea00513b7
The Market Grocer Raw Almonds,The_Market_Grocer_Raw_Almonds.jpg,crisp_on_creek_images,/category/groceries,https://crisponcreek.com.au/lines/almonds-raw-175g,https://dtgxwmigmg3gc.cloudfront.net/imagery/assets/derivations/icon/256/256/true/eyJpZCI6IjY5YWVmNzhiOTBkMzA1OWY2OTIwMmYzNGVjMTA5YzhkIiwic3RvcmFnZSI6InB1YmxpY19zdG9yZSJ9?signature=321c241417fad1de003af9a0f279e5e84d40cfa1c553054afe1e62ffdf0daca5
The Market Grocer Soya Crisps Sweet Chilli Lime,The_Market_Grocer_Soya_Crisps_Sweet_Chilli_Lime.jpg,crisp_on_creek_images,/category/groceries,https://crisponcreek.com.au/lines/soya-crisps-chil-lime-300g,https://dtgxwmigmg3gc.cloudfront.net/imagery/assets/derivations/icon/256/256/true/eyJpZCI6IjBkZmQ1N2RkZmU3MTQyNjRmMzU3M2U4ZGJmOGVjMDhhIiwic3RvcmFnZSI6InB1YmxpY19zdG9yZSJ9?signature=f23d5fb3427c7cd74bddf851e36bab112a707d8243fe5099714017fafbccfa33
The Market Grocer Tub Delicious Mix,The_Market_Grocer_Tub_Delicious_Mix.jpg,crisp_on_creek_images,/category/groceries,https://crisponcreek.com.au/lines/delicious-mix-160g,https://dtgxwmigmg3gc.cloudfront.net/imagery/assets/derivations/icon/256/256/true/eyJpZCI6ImU5YTFkMDc5NWU0YWExZDU4YmQ2MDRjYWUxZjQ3NTkxIiwic3RvcmFnZSI6InB1YmxpY19zdG9yZSJ9?signature=4d15954502ca92cdef2f208f52a28e52272ecd73494d872ae27d7621b3d1a5d6
The Market Grocer Tub Outdoor Mix,The_Market_Grocer_Tub_Outdoor_Mix.jpg,crisp_on_creek_images,/category/groceries,https://crisponcreek.com.au/lines/outdoor-mix-160g,https://dtgxwmigmg3gc.cloudfront.net/imagery/assets/derivations/icon/256/256/true/eyJpZCI6ImQ3NzdlN2VhOWRhN2M4YzIwODE1ZTllMzBlMzY2ODA0Iiwic3RvcmFnZSI6InB1YmxpY19zdG9yZSJ9?signature=e229761606a881f111fb63189f65fa41c89d4b4d722f24fac5db50f74fbb209c
The Market Grocer Yellow Split Peas,The_Market_Grocer_Yellow_Split_Peas.jpg,crisp_on_creek_images,/category/groceries,https://crisponcreek.com.au/lines/yellow-split-peas-500g,https://dtgxwmigmg3gc.cloudfront.net/imagery/assets/derivations/icon/256/256/true/eyJpZCI6ImNjMDAyNjlmOTRlYTc1ZGJmMWQ5OGU5NWJhMTYwZTVlLmpwZzIwMjUwNzIxLTQwMjg0MDMtZ2k5N3QwIiwic3RvcmFnZSI6InB1YmxpY19zdG9yZSJ9?signature=b13d2a5cbbe38f3745a69aebe91f19048b6fd99ee529dba04dceadec80d896ef
The Markey Grocer Low Cholesterol Mix,The_Markey_Grocer_Low_Cholesterol_Mix.jpg,crisp_on_creek_images,/category/groceries,https://crisponcreek.com.au/lines/low-cholesterol-mix-225g,https://dtgxwmigmg3gc.cloudfront.net/imagery/assets/derivations/icon/256/256/true/eyJpZCI6IjFiMGIwMWU0ODUwMGQ0YjQyY2ZhYjgwMzQxYWI2MDIzIiwic3RvcmFnZSI6InB1YmxpY19zdG9yZSJ9?signature=1d142359e1f11ec21bb9e13c2891254e897a4bfa3e7581ce41b8ec3cb8e7f10c
The Organic Milk Co Mozzarella,The_Organic_Milk_Co_Mozzarella.jpg,crisp_on_creek_images,/category/groceries,https://crisponcreek.com.au/lines/organic-m-cheez,https://dtgxwmigmg3gc.cloudfront.net/imagery/assets/derivations/icon/256/256/true/eyJpZCI6IjZiYTg1NzI1MmYzMDViMDQ4ZDk2MDQ2YjYwNmUzYTI0LndlYnAiLCJzdG9yYWdlIjoicHVibGljX3N0b3JlIn0?signature=8d1f202f82ec53912df9e68a3adfbc004b9b483521ca0b302a4fadc2fc7b181c
The Stock Merchant Anchovies,The_Stock_Merchant_Anchovies.jpg,crisp_on_creek_images,/category/groceries,https://crisponcreek.com.au/lines/tsm-anchovies-48g,https://dtgxwmigmg3gc.cloudfront.net/imagery/assets/derivations/icon/256/256/true/eyJpZCI6IjVjMzg5YTdiNDE1MWE5Y2U0MjYwYjQ4ZWFiNDUxNzY1LnBuZyIsInN0b3JhZ2UiOiJwdWJsaWNfc3RvcmUifQ?signature=6a171ca477d8f1770d013890a6adace97f90e41763336ceffb4a0c3034eb2bd0
The Stock Merchant Beef Bone Broth,The_Stock_Merchant_Beef_Bone_Broth.jpg,crisp_on_creek_images,/category/groceries,https://crisponcreek.com.au/lines/tsm-bone-broth-beef-500g,https://dtgxwmigmg3gc.cloudfront.net/imagery/assets/derivations/icon/256/256/true/eyJpZCI6IjFjZDRkN2YwZDc0OTkwMzkzZDYxOTNmYjIyNWM4Nzc0Iiwic3RvcmFnZSI6InB1YmxpY19zdG9yZSJ9?signature=64facb63eebfe68f3b8ff3678b530cad54d47dc1ad70ea89dd1152bf55d1c896
The Stock Merchant Chicken Bone Broth,The_Stock_Merchant_Chicken_Bone_Broth.jpg,crisp_on_creek_images,/category/groceries,https://crisponcreek.com.au/lines/tsm-bone-broth-fr-chick-500g,https://dtgxwmigmg3gc.cloudfront.net/imagery/assets/derivations/icon/256/256/true/eyJpZCI6ImIzMTJjYmRjNWE1MTE4YmQ3NGRhZjdhYjM1ZmZhNjUwLmpwZyIsInN0b3JhZ2UiOiJwdWJsaWNfc3RvcmUifQ?signature=53793ed86aca1af980379e4cec28dabd094646cd7a920dde76cdfcab76705c17
The Stock Merchant Free Range Beef Stock,The_Stock_Merchant_Free_Range_Beef_Stock.jpg,crisp_on_creek_images,/category/groceries,https://crisponcreek.com.au/lines/tsm-gf-stock-beef-500g,https://dtgxwmigmg3gc.cloudfront.net/imagery/assets/derivations/icon/256/256/true/eyJpZCI6IjUyNDVjM2Q0ODI0YWRmYWMzNzJkNDg3ZTc2MjZlMGQ2Iiwic3RvcmFnZSI6InB1YmxpY19zdG9yZSJ9?signature=7649f28d99538f8e40275302a038c224efc8419caa9821079742cfdb7f498a23
The Stock Merchant Free Range Chicken Stock,The_Stock_Merchant_Free_Range_Chicken_Stock.jpg,crisp_on_creek_images,/category/groceries,https://crisponcreek.com.au/lines/tsm-fr-stock-chick-500g,https://dtgxwmigmg3gc.cloudfront.net/imagery/assets/derivations/icon/256/256/true/eyJpZCI6IjI5OTQ4NTQ0M2RhZjQwMzhmYWJkNGZhNzBiNGQ4ZTBkIiwic3RvcmFnZSI6InB1YmxpY19zdG9yZSJ9?signature=ea753c6fec35f76242b7b3fb612d3050b674943eda70e1ad89c47c8c456a183f
The Stock Merchant Sardines,The_Stock_Merchant_Sardines.jpg,crisp_on_creek_images,/category/groceries,https://crisponcreek.com.au/lines/tsm-sardines-120g,https://dtgxwmigmg3gc.cloudfront.net/imagery/assets/derivations/icon/256/256/true/eyJpZCI6ImQ4OGM0OGQ3YjQ5NmU2YjkwYTU3NmI5OTEwZDgwNGEzLnBuZyIsInN0b3JhZ2UiOiJwdWJsaWNfc3RvcmUifQ?signature=f7a9fe45b6a37d4772e99f606005082877f8a65ca845b28f0bc4ed824271f316
The Stock Merchant Smoky Style Sardines,The_Stock_Merchant_Smoky_Style_Sardines.jpg,crisp_on_creek_images,/category/groceries,https://crisponcreek.com.au/lines/tsm-smoky-sardines-120,https://dtgxwmigmg3gc.cloudfront.net/imagery/assets/derivations/icon/256/256/true/eyJpZCI6ImZmZjVjMDgyOThhNzBkYWMzZDdkZTY0ZmUyZjAxYmRhIiwic3RvcmFnZSI6InB1YmxpY19zdG9yZSJ9?signature=8716d6f1d45145dc61e18584a12508b8bfdc5ad90a1f6d512c1f8a84b7f59264
The Stock Merchant Spanish Bone Broth Rice,The_Stock_Merchant_Spanish_Bone_Broth_Rice.jpg,crisp_on_creek_images,/category/groceries,https://crisponcreek.com.au/lines/bone-broth,https://dtgxwmigmg3gc.cloudfront.net/imagery/assets/derivations/icon/256/256/true/eyJpZCI6IjdmNTFlYzk1NGM1ZTg5NmFhZmYyNjIwMDBlM2MzYjgwLnBuZzIwMjUwNzEyLTM0NjUxODAtZXlxcHd3Iiwic3RvcmFnZSI6InB1YmxpY19zdG9yZSJ9?signature=aa46fef281388eb9b1431824cb86b560fdf5414aba782a9161848035231fd7f0
Tilda Indonesian Fried Rice,Tilda_Indonesian_Fried_Rice.jpg,crisp_on_creek_images,/category/groceries,https://crisponcreek.com.au/lines/tilda-ind-fried-rice-g-f,https://dtgxwmigmg3gc.cloudfront.net/imagery/assets/derivations/icon/256/256/true/eyJpZCI6Ijg2YTc4ZjRmYzI4ZjNlM2RiMTRjODAwMGMxZjExOGE2Iiwic3RvcmFnZSI6InB1YmxpY19zdG9yZSJ9?signature=bbe66269abae911402d220bf6d938c807a78a817b8d2503ac59280acb566feca
Tilda Jasmina Rice,Tilda_Jasmina_Rice.jpg,crisp_on_creek_images,/category/groceries,https://crisponcreek.com.au/lines/tilda-jasmine-rice-500g,https://dtgxwmigmg3gc.cloudfront.net/imagery/assets/derivations/icon/256/256/true/eyJpZCI6ImQwOTJhOWJlMTJlY2JmOGM5ZWIxOGQ4N2Q2ODljNjRkLmpwZzIwMjUwODEzLTE3MzcwMDAtemltZ2swIiwic3RvcmFnZSI6InB1YmxpY19zdG9yZSJ9?signature=c2b56c08afd23b34c34c146a951e9aa387fba3783db3ee2373410e42b0d939e0
Tilda Steamed Basmati Rice Coconut,Tilda_Steamed_Basmati_Rice_Coconut.jpg,crisp_on_creek_images,/category/groceries,https://crisponcreek.com.au/lines/tilda-rice-steam-coconut-250g,https://dtgxwmigmg3gc.cloudfront.net/imagery/assets/derivations/icon/256/256/true/eyJpZCI6Ijc0NmE3MmJkNTk3NjNkYmQ4ZTQ0NTg2MGY1NGU5ZmYzIiwic3RvcmFnZSI6InB1YmxpY19zdG9yZSJ9?signature=fa769f834b9455622f744b8ac19b941329391008d5edb7fe95b506a36af39d15
Tilda Sticky Rice,Tilda_Sticky_Rice.jpg,crisp_on_creek_images,/category/groceries,https://crisponcreek.com.au/lines/tilda-sticky-rice-250g,https://dtgxwmigmg3gc.cloudfront.net/imagery/assets/derivations/icon/256/256/true/eyJpZCI6IjZmMTA0ZWMzYjAzZWM4OWM0YWFiZjQ2MDAzMDZjMzNhIiwic3RvcmFnZSI6InB1YmxpY19zdG9yZSJ9?signature=dc381f18960ff559b8e368602810ec7a3d0391682749b3788b924a869e3abd18
Tom Yum Paste,Tom_Yum_Paste.jpg,crisp_on_creek_images,/category/groceries,https://crisponcreek.com.au/lines/pandaroo-paste-tom-yum-225g,https://dtgxwmigmg3gc.cloudfront.net/imagery/assets/derivations/icon/256/256/true/eyJpZCI6IjIzMTJkZjJmNzEzZmU2NDc4MzExNTVhZmE2NWRmZWYyIiwic3RvcmFnZSI6InB1YmxpY19zdG9yZSJ9?signature=3090e68c1a9028cee55eefe7b1ba6b6ec11f989d0e7a38fc7232e3583d4f322e
Tomato Paste,Tomato_Paste.jpg,crisp_on_creek_images,/category/groceries,https://crisponcreek.com.au/lines/tomato-paste-660g,https://dtgxwmigmg3gc.cloudfront.net/assets/no_image-2b66f888b650d4eb5136f9481a1bdba1f2c918331eba4030b603d2b62792e499.png
Tony's Caramel Sea Salt,Tony's_Caramel_Sea_Salt.jpg,crisp_on_creek_images,/category/groceries,https://crisponcreek.com.au/lines/tony-s-choc-180g-2,https://dtgxwmigmg3gc.cloudfront.net/imagery/assets/derivations/icon/256/256/true/eyJpZCI6IjZmNTA3M2EwZWNhOTFjYzFiYjMwOWVlYzE3OTdmOTRjIiwic3RvcmFnZSI6InB1YmxpY19zdG9yZSJ9?signature=7ec8bc90954eeeae44ef8f9e878b16197662c3ef0d429ff9d3850d28871b6fca
Tony's Chocolonely Almond Dark Sea Salt Chocolate,Tony's_Chocolonely_Almond_Dark_Sea_Salt_Chocolate.jpg,crisp_on_creek_images,/category/groceries,https://crisponcreek.com.au/lines/tonys-choco-lonely-47g-1,https://dtgxwmigmg3gc.cloudfront.net/imagery/assets/derivations/icon/256/256/true/eyJpZCI6IjJhOWU3Y2QxYTMwNjZlYjA4Zjk3OTI3MjAzYWY4NWE0Iiwic3RvcmFnZSI6InB1YmxpY19zdG9yZSJ9?signature=98aacb08c23a5b4822f7d01f483770d760e70c159dade02a75e9b59d392ffae5
Tony's Milk Chocolate,Tony's_Milk_Chocolate.jpg,crisp_on_creek_images,/category/groceries,https://crisponcreek.com.au/lines/tony-s-milk-choc-60g,https://dtgxwmigmg3gc.cloudfront.net/imagery/assets/derivations/icon/256/256/true/eyJpZCI6IjA0ZGNjMDBkMGVjNGY3Yjg4ZGFjNmM2N2U5OTg4NzA5LnBuZyIsInN0b3JhZ2UiOiJwdWJsaWNfc3RvcmUifQ?signature=2e97b000ab5b698f179d76e59b29beaae4da0d31eadaf3e4ced4b9032a8b58bc
Tony’S 70% Dark Chocolate,Tony’S_70%_Dark_Chocolate.jpg,crisp_on_creek_images,/category/groceries,https://crisponcreek.com.au/lines/tony-s-dark-chocolate-180g,https://dtgxwmigmg3gc.cloudfront.net/imagery/assets/derivations/icon/256/256/true/eyJpZCI6IjZmYzU0YzM0ZDQ0OTMxM2IyMGI2NjE2ZTMyZjVlYmEzIiwic3RvcmFnZSI6InB1YmxpY19zdG9yZSJ9?signature=8c763dc62a5dd3e361086ddb2b014c99184f58cc1aab175d211c92dda25ecc2d
Tony’S Chocolonely Dark Milk Pretzel,Tony’S_Chocolonely_Dark_Milk_Pretzel.jpg,crisp_on_creek_images,/category/groceries,https://crisponcreek.com.au/lines/tony-s-dark-milk-pretzel-t-180g,https://dtgxwmigmg3gc.cloudfront.net/imagery/assets/derivations/icon/256/256/true/eyJpZCI6IjhhNjYwOGViNDhlZGFlOWQwODk5Y2I5OTcwZmIyZTcxIiwic3RvcmFnZSI6InB1YmxpY19zdG9yZSJ9?signature=fc63dcc4aa4351633c3c8118c05c64c22d0f91e0c1a4260a936183ecbae8e6dd
Tony’S Chocolonely Milk Chocolate Bar,Tony’S_Chocolonely_Milk_Chocolate_Bar.jpg,crisp_on_creek_images,/category/groceries,https://crisponcreek.com.au/lines/tony-s-choc-180g-1,https://dtgxwmigmg3gc.cloudfront.net/imagery/assets/derivations/icon/256/256/true/eyJpZCI6ImFhMGUxNDUzYTVlY2ZkZjNkZGFlNzU0NzllMzhhYTU4LnBuZyIsInN0b3JhZ2UiOiJwdWJsaWNfc3RvcmUifQ?signature=2c294ddec817cf31278e58110314c7016c77fd90ab67ee56d587f19c5fa32462
Tsm Fr Red Wine Jus,Tsm_Fr_Red_Wine_Jus.jpg,crisp_on_creek_images,/category/groceries,https://crisponcreek.com.au/lines/tsm-fr-red-wine-jus-300g,https://dtgxwmigmg3gc.cloudfront.net/imagery/assets/derivations/icon/256/256/true/eyJpZCI6ImIwNmE4OTFlYzU4M2ZmYjRiMzNkNTNhNTE4YThjMWY3Iiwic3RvcmFnZSI6InB1YmxpY19zdG9yZSJ9?signature=284a6dcaa52119075e02a7420c4f46fcd2f55b55297a22bb0af20193399b3aee
Tsm Spicy Sardines,Tsm_Spicy_Sardines.jpg,crisp_on_creek_images,/category/groceries,https://crisponcreek.com.au/lines/tsm-spicy-sardines-120g,https://dtgxwmigmg3gc.cloudfront.net/imagery/assets/derivations/icon/256/256/true/eyJpZCI6IjZmOGNmNzhmN2Q4NjU1NWQyYjIwMWIzZDIzMGE5YTFjIiwic3RvcmFnZSI6InB1YmxpY19zdG9yZSJ9?signature=9653cc7eda5cb33ee6c1a04514effad0546f7025c370e11e8260854a30d4907a
Val Verde Cannellini Beans,Val_Verde_Cannellini_Beans.jpg,crisp_on_creek_images,/category/groceries,https://crisponcreek.com.au/lines/val-verde-cannellini-bea-400g,https://dtgxwmigmg3gc.cloudfront.net/imagery/assets/derivations/icon/256/256/true/eyJpZCI6IjU3NjBhMDQ4N2Y5OTIyMDA4N2RlMGI4OGU4MzMxNGVmLmpwZyIsInN0b3JhZ2UiOiJwdWJsaWNfc3RvcmUifQ?signature=25ac951b72372dd3ae76197cf2ac240a0368723ce22c9f99144c73d5a929169b
Viking Habanero,Viking_Habanero.jpg,crisp_on_creek_images,/category/groceries,https://crisponcreek.com.au/lines/viking-habanero-40g,https://dtgxwmigmg3gc.cloudfront.net/assets/no_image-2b66f888b650d4eb5136f9481a1bdba1f2c918331eba4030b603d2b62792e499.png
Viking Jerky Cracked Pepper,Viking_Jerky_Cracked_Pepper.jpg,crisp_on_creek_images,/category/groceries,https://crisponcreek.com.au/lines/viking-jerky-cracked-pepper-40g,https://dtgxwmigmg3gc.cloudfront.net/assets/no_image-2b66f888b650d4eb5136f9481a1bdba1f2c918331eba4030b603d2b62792e499.png
Viking Jerky Curry BBQ,Viking_Jerky_Curry_BBQ.jpg,crisp_on_creek_images,/category/groceries,https://crisponcreek.com.au/lines/viking-jerky-curry-bbq-40g,https://dtgxwmigmg3gc.cloudfront.net/assets/no_image-2b66f888b650d4eb5136f9481a1bdba1f2c918331eba4030b603d2b62792e499.png
Viking Jerky Honey Teriyaki,Viking_Jerky_Honey_Teriyaki.jpg,crisp_on_creek_images,/category/groceries,https://crisponcreek.com.au/lines/viking-jerky-honey-teriyaki-40g,https://dtgxwmigmg3gc.cloudfront.net/imagery/assets/derivations/icon/256/256/true/eyJpZCI6IjFhMTk4ZDQ3YTlhNGJhNTFkY2JjODI1MWNiZTUxZDZmLmpwZzIwMjUxMTA1LTE2ODI0NzItajBxMDluIiwic3RvcmFnZSI6InB1YmxpY19zdG9yZSJ9?signature=7fed46ec41c61b3c48034d61bfed0659b4fe66264c2967853f735eb1c5942f8a
Wafer Sheets D,Wafer_Sheets_D.jpg,crisp_on_creek_images,/category/groceries,https://crisponcreek.com.au/lines/wafer-sheets-d-200g,https://dtgxwmigmg3gc.cloudfront.net/assets/no_image-2b66f888b650d4eb5136f9481a1bdba1f2c918331eba4030b603d2b62792e499.png
Wernli Chocofin,Wernli_Chocofin.jpg,crisp_on_creek_images,/category/groceries,https://crisponcreek.com.au/lines/werni-chocofin100-gr,https://dtgxwmigmg3gc.cloudfront.net/imagery/assets/derivations/icon/256/256/true/eyJpZCI6ImFhNWQ0NDIwMmY2M2VkMDY0MWI5YjFmY2ZiYjJmYTcyIiwic3RvcmFnZSI6InB1YmxpY19zdG9yZSJ9?signature=e07b89a8fd90fb0c5f38321cf9433fb8afec6084422dd819a13a35eb339faed6
Wernli Japonais Biscuits,Wernli_Japonais_Biscuits.jpg,crisp_on_creek_images,/category/groceries,https://crisponcreek.com.au/lines/werni-japonais-100g,https://dtgxwmigmg3gc.cloudfront.net/imagery/assets/derivations/icon/256/256/true/eyJpZCI6ImQ1ODdjOWU5ZGFmZGNhODFmOTY4ZWMwOGNmZGQ2Y2ExLnBuZzIwMjUwMzE4LTE5MTYyNzgtMTNhNDQyMiIsInN0b3JhZ2UiOiJwdWJsaWNfc3RvcmUifQ?signature=b0e5b982ac61bad244de3d4a861fd14949d1794639ebfff0a11e73e47d6d31bf
Wernli Petit Coeur Biscuits,Wernli_Petit_Coeur_Biscuits.jpg,crisp_on_creek_images,/category/groceries,https://crisponcreek.com.au/lines/wernli-petit-coeur-100g,https://dtgxwmigmg3gc.cloudfront.net/imagery/assets/derivations/icon/256/256/true/eyJpZCI6IjQ2MWQ3MjM0MDkwNDdlNDU0ZDJjMmVlMWI4OWUxMTNiLnBuZzIwMjUwNTA2LTM1NjMzNTktajNrOXUxIiwic3RvcmFnZSI6InB1YmxpY19zdG9yZSJ9?signature=14ef5671f44364b5546fc70b0959083d031352a6c8a7b1fff699e35d7fa8191d
Whole Black Olives,Whole_Black_Olives.jpg,crisp_on_creek_images,/category/groceries,https://crisponcreek.com.au/lines/whole-black-olives,https://dtgxwmigmg3gc.cloudfront.net/imagery/assets/derivations/icon/256/256/true/eyJpZCI6IjIyOWQ4ZDgwMWJjMjEzY2ZiZWQwNTRiZmE4OGU3ZWY0Iiwic3RvcmFnZSI6InB1YmxpY19zdG9yZSJ9?signature=763c6cc32263792ae6a2545e13a8c9a40ce2893fa1029ada84b1d6f7dcadf309
Wild Nectar Australian Honey,Wild_Nectar_Australian_Honey.jpg,crisp_on_creek_images,/category/groceries,https://crisponcreek.com.au/lines/wild-nectar-aus-honey-jar-450g,https://dtgxwmigmg3gc.cloudfront.net/imagery/assets/derivations/icon/256/256/true/eyJpZCI6IjBhMDMzMzZjMDI4ODk2NWUyYTRlNjFhMGE2YWY0MWNkIiwic3RvcmFnZSI6InB1YmxpY19zdG9yZSJ9?signature=2530aeda6e93bc4770f1e51afd37dccc5d3a528f06d07005f702a60e29ea363a
Wild Nectar Ironbark Organic Raw Honey,Wild_Nectar_Ironbark_Organic_Raw_Honey.jpg,crisp_on_creek_images,/category/groceries,https://crisponcreek.com.au/lines/wild-nectar-org-ironbacrk-350g,https://dtgxwmigmg3gc.cloudfront.net/imagery/assets/derivations/icon/256/256/true/eyJpZCI6IjhiMTEwMzA5MTU4N2IzMWQzYTdkYWVhNWY5YjAyMWFlIiwic3RvcmFnZSI6InB1YmxpY19zdG9yZSJ9?signature=fb8ca76f904237468cb91d929ce38e2329825b9517458dc8340df89e0b99ed4d
Wild Nectar Orange Blossom Nectar,Wild_Nectar_Orange_Blossom_Nectar.jpg,crisp_on_creek_images,/category/groceries,https://crisponcreek.com.au/lines/wild-nectar-aus-honey-sq-375g,https://dtgxwmigmg3gc.cloudfront.net/imagery/assets/derivations/icon/256/256/true/eyJpZCI6ImNkODE4OGJkZGJlYmM4NDA5NjVlYTY4NjM4N2FlMzRkIiwic3RvcmFnZSI6InB1YmxpY19zdG9yZSJ9?signature=19b453e4df458439eae06f8a0718bccd0f61ffa6980466183b1beb30518c62be
Willow Park Japanese Rice Cracker,Willow_Park_Japanese_Rice_Cracker.jpg,crisp_on_creek_images,/category/groceries,https://crisponcreek.com.au/lines/japanese-rice-cracker-almnd-150g,https://dtgxwmigmg3gc.cloudfront.net/imagery/assets/derivations/icon/256/256/true/eyJpZCI6IjAxZDAxNGM2MzY1NmRlODYwYTE4YjQ1ZjY4MWZmZjJlLmpwZzIwMjUwNTA5LTEzMDk0ODAtM2RoYmJzIiwic3RvcmFnZSI6InB1YmxpY19zdG9yZSJ9?signature=f4411f133d47689f20cf9918f15afaf85f3b26c4dfc188cb9b506e3faa88a8c5
Willow Park Japanese Rice Crackers Okra,Willow_Park_Japanese_Rice_Crackers_Okra.jpg,crisp_on_creek_images,/category/groceries,https://crisponcreek.com.au/lines/japanese-rice-cracker-150g,https://dtgxwmigmg3gc.cloudfront.net/imagery/assets/derivations/icon/256/256/true/eyJpZCI6ImNmZmZkYWQ4NzA2OGNhNTBjMGVkMjg3OGRhMWYxNzVhLmpwZzIwMjUwODIxLTE1OTA4OTYtem05ZHB6Iiwic3RvcmFnZSI6InB1YmxpY19zdG9yZSJ9?signature=015cb7b67b8baf9b028e3cc79a1386bc523c59d6fd67b42f34a6f209860e4270
Wonderbao Vegie Bao '6 Pack',Wonderbao_Vegie_Bao_'6_Pack'.jpg,crisp_on_creek_images,/category/groceries,https://crisponcreek.com.au/lines/bao-bbq,https://dtgxwmigmg3gc.cloudfront.net/imagery/assets/derivations/icon/256/256/true/eyJpZCI6ImQyMmEwNzQ5YmYyNDc2MWVjNzcxOTcyNjY0NTUyNzJlIiwic3RvcmFnZSI6InB1YmxpY19zdG9yZSJ9?signature=6b55afa63a89b139da005fcf2f1052dd90803e4479f39e5a6e9c6bf2864db44a
Zuccato Gherkins Sweet 'N' Sour,Zuccato_Gherkins_Sweet_'N'_Sour.jpg,crisp_on_creek_images,/category/groceries,https://crisponcreek.com.au/lines/z7uccato-gherkins-670g,https://dtgxwmigmg3gc.cloudfront.net/imagery/assets/derivations/icon/256/256/true/eyJpZCI6IjczMTk5ZjI0MDUwM2ZmMzFhOTFlNTNlNzViMmMzNWM0LnBuZyIsInN0b3JhZ2UiOiJwdWJsaWNfc3RvcmUifQ?signature=9cc2577a10a8a5e7495158142aea961f2539f59a968693a40797e7feb9b5ca49
Zuccato Salted Capers,Zuccato_Salted_Capers.jpg,crisp_on_creek_images,/category/groceries,https://crisponcreek.com.au/lines/zuccato-salted-capers-100g,https://dtgxwmigmg3gc.cloudfront.net/imagery/assets/derivations/icon/256/256/true/eyJpZCI6IjFkMjY1ZjIxMmM2ODlmNTFjYzk0NzQ4MTExNThkMjcxLnBuZyIsInN0b3JhZ2UiOiJwdWJsaWNfc3RvcmUifQ?signature=dcf13b3999ef0dd9b25df5a4923379f525263a1e50ca7cd698396480727c946d
Ben & Jerry's Ice Cream Tub Chocolate Ice Cream With Chunks Of Chewy Fudgy Brownies,Ben_&_Jerry's_Ice_Cream_Tub_Chocolate_Ice_Cream_With_Chunks_Of_Chewy_Fudgy_Brownies.jpg,crisp_on_creek_images,/category/freezer,https://crisponcreek.com.au/lines/ben-j-i-c-choc-fdg-brwne-458ml,https://dtgxwmigmg3gc.cloudfront.net/imagery/assets/derivations/icon/256/256/true/eyJpZCI6ImM0NjMxOTQwMmFmMDk1ZGNlNjNmMWYyY2MxY2Q1NjNmIiwic3RvcmFnZSI6InB1YmxpY19zdG9yZSJ9?signature=2e736971089be9fea88329eb892c893ced3e4a13da81293119d2e99696b4ea05
Ben & Jerry’S Ice Cream Tub Vanilla Ice Cream With Chunks Of Chocolate Chip Cookie Dough Made With Fairtrade-Certified Ingredients,Ben_&_Jerry’S_Ice_Cream_Tub_Vanilla_Ice_Cream_With_Chunks_Of_Chocolate_Chip_Cookie_Dough_Made_With_Fairtrade-Certified_Ingredients.jpg,crisp_on_creek_images,/category/freezer,https://crisponcreek.com.au/lines/ben-j-i-c-chocchip-ckie-458ml,https://dtgxwmigmg3gc.cloudfront.net/imagery/assets/derivations/icon/256/256/true/eyJpZCI6IjQ3NTc3ZmVhZTM2MzExYTM0ZmViYzEyOTI3MzA4MDQ4Iiwic3RvcmFnZSI6InB1YmxpY19zdG9yZSJ9?signature=38b34b6fca3c87b3cbf8d222339cda507e5a0aecfa17ee7f754df95cd3138b43
Blue Ribbon Dessert Tub Classic Chocolate Made In Australia,Blue_Ribbon_Dessert_Tub_Classic_Chocolate_Made_In_Australia.jpg,crisp_on_creek_images,/category/freezer,https://crisponcreek.com.au/lines/blue-ribbon-c-choc-2l,https://dtgxwmigmg3gc.cloudfront.net/imagery/assets/derivations/icon/256/256/true/eyJpZCI6ImM1YThiM2Q0YjQ0ZjE1OTY0ODIzZWVkMTJlOTQ4NmQ1Iiwic3RvcmFnZSI6InB1YmxpY19zdG9yZSJ9?signature=787b75fa9cea580a9b654262cd410d8a3e5dbaac52d78c1e21b2ba0829174949
Blue Ribbon Dessert Tub Cookies & Cream Made In Australia,Blue_Ribbon_Dessert_Tub_Cookies_&_Cream_Made_In_Australia.jpg,crisp_on_creek_images,/category/freezer,https://crisponcreek.com.au/lines/blue-ribbon-2l,https://dtgxwmigmg3gc.cloudfront.net/imagery/assets/derivations/icon/256/256/true/eyJpZCI6IjY1MTk5MzdkY2Q5YTVkNmMwZWM3ZjdjNDY3ZjlkZjI0Iiwic3RvcmFnZSI6InB1YmxpY19zdG9yZSJ9?signature=456cbebbba786d87cc8f30d425fd9b206d5f08145ba15df1ac187e20a692f194
"Blue Ribbon Frozen Dessert Australia’S No.1 Vanilla Tub* Classic Vanilla Made With Creamy, Wholesome Buttermilk","Blue_Ribbon_Frozen_Dessert_Australia’S_No.1_Vanilla_Tub_Classic_Vanilla_Made_With_Creamy,_Wholesome_Buttermilk.jpg",crisp_on_creek_images,/category/freezer,https://crisponcreek.com.au/lines/street-br-i-c-van-2l,https://dtgxwmigmg3gc.cloudfront.net/imagery/assets/derivations/icon/256/256/true/eyJpZCI6IjJkYzAyNDU0ZjMzYjVmMDU1NzhiNTQ1YmZiZTcyMjIyIiwic3RvcmFnZSI6InB1YmxpY19zdG9yZSJ9?signature=0abc1244acea21461e5abf4c35cbf321ca1107e0d01eee01d2ecd935cb5ee680
Bubble O Bill Streets Ice Cream Chocolate And Caramel And Strawberry,Bubble_O_Bill_Streets_Ice_Cream_Chocolate_And_Caramel_And_Strawberry.jpg,crisp_on_creek_images,/category/freezer,https://crisponcreek.com.au/lines/street-bubble-o-bill-106ml,https://dtgxwmigmg3gc.cloudfront.net/imagery/assets/derivations/icon/256/256/true/eyJpZCI6ImY0OGVjOTlkODFhNThhYTY5NzRlOGZkOTk2YmI3OTM3Iiwic3RvcmFnZSI6InB1YmxpY19zdG9yZSJ9?signature=163e97752c35028009679db24564d666c542bc745d628e745586da1d7a7f5f3d
Calippo Streets Ice Block Raspberry Pineapple,Calippo_Streets_Ice_Block_Raspberry_Pineapple.jpg,crisp_on_creek_images,/category/freezer,https://crisponcreek.com.au/lines/street-calippo-rsp-pine-100ml,https://dtgxwmigmg3gc.cloudfront.net/imagery/assets/derivations/icon/256/256/true/eyJpZCI6IjM3MDQ5OWNlNjQzM2Y2ZjI0N2ZhYWEyZDI5ODhiNzRkIiwic3RvcmFnZSI6InB1YmxpY19zdG9yZSJ9?signature=2d20782ae184ea2bffde19e57d917b2715d02c19c0b04bc99801521af3ec73ae
Calippo Streets Mini Ice Block Ice Blocks Made With Real Fruit Juice Raspberry & Pineapple 99% Fat Free,Calippo_Streets_Mini_Ice_Block_Ice_Blocks_Made_With_Real_Fruit_Juice_Raspberry_&_Pineapple_99%_Fat_Free.jpg,crisp_on_creek_images,/category/freezer,https://crisponcreek.com.au/lines/calippo-mini-10pack,https://dtgxwmigmg3gc.cloudfront.net/imagery/assets/derivations/icon/256/256/true/eyJpZCI6ImI2OTAxNDAwMWVhODc5YmUzZWViNzUwYWIxNTMyYWJhIiwic3RvcmFnZSI6InB1YmxpY19zdG9yZSJ9?signature=c0893531ba2406e683fbe53ffdbf12f9ef45ff84fb5a1ee21d30a324191049d9
Garden Corn,Garden_Corn.jpg,crisp_on_creek_images,/category/freezer,https://crisponcreek.com.au/lines/garden-corn-800g,https://dtgxwmigmg3gc.cloudfront.net/assets/no_image-2b66f888b650d4eb5136f9481a1bdba1f2c918331eba4030b603d2b62792e499.png
Golden Gaytime Streets Ice Cream Original,Golden_Gaytime_Streets_Ice_Cream_Original.jpg,crisp_on_creek_images,/category/freezer,https://crisponcreek.com.au/lines/street-g-gaytme-105ml,https://dtgxwmigmg3gc.cloudfront.net/imagery/assets/derivations/icon/256/256/true/eyJpZCI6ImYzODA3MzJjNjEyZTYxNzMyMTljYWQxMTVlODgxY2JlIiwic3RvcmFnZSI6InB1YmxpY19zdG9yZSJ9?signature=22f5c8db3fd22e96ac9d354afbccddfcbd6d7ddf695c9149cb5e52020834c485
Golden Gaytime Streets Ice Cream Sticks Toffee And Vanilla Ice Cream Coated In Chocolate With Crunchy Biscuit Crumbs Original Proudly Australian Made,Golden_Gaytime_Streets_Ice_Cream_Sticks_Toffee_And_Vanilla_Ice_Cream_Coated_In_Chocolate_With_Crunchy_Biscuit_Crumbs_Original_Proudly_Australian_Made.jpg,crisp_on_creek_images,/category/freezer,https://crisponcreek.com.au/lines/street-gld-gaytme-4-x-400ml,https://dtgxwmigmg3gc.cloudfront.net/imagery/assets/derivations/icon/256/256/true/eyJpZCI6IjhlYmI4ZTU5ODYxMzRkYTBiMzc2Njc1NjM2ZDJiMGVmIiwic3RvcmFnZSI6InB1YmxpY19zdG9yZSJ9?signature=618ab687e79d48c8a00d109591ad01b0ea65384dc0d9431e8916502d450f894b
Magnum Ice Cream Dessert Stick Almond Frozen,Magnum_Ice_Cream_Dessert_Stick_Almond_Frozen.jpg,crisp_on_creek_images,/category/freezer,https://crisponcreek.com.au/lines/street-magnum-almond-110ml,https://dtgxwmigmg3gc.cloudfront.net/imagery/assets/derivations/icon/256/256/true/eyJpZCI6Ijg5NWUyZjVhNDg0YTc2ZTE1ODY1NGU4OTg4OWI2MjI2Iiwic3RvcmFnZSI6InB1YmxpY19zdG9yZSJ9?signature=64e1e1538b77302ab3d10101690f3094bd7ecd363c4c2e23a6a6f56bf7dcbbd2
Magnum Ice Cream Dessert Stick Classic Frozen,Magnum_Ice_Cream_Dessert_Stick_Classic_Frozen.jpg,crisp_on_creek_images,/category/freezer,https://crisponcreek.com.au/lines/street-magnum-classic-110ml,https://dtgxwmigmg3gc.cloudfront.net/imagery/assets/derivations/icon/256/256/true/eyJpZCI6ImVjMzMzMTFlOTNlZGI4MjRkNTg4NzZiMGJiZjIxZTIzIiwic3RvcmFnZSI6InB1YmxpY19zdG9yZSJ9?signature=6aaf0550dfcd335a83477b2f6f62d6774738bf291a002716ca92653bdfbd8140
Magnum Ice Cream Dessert Stick Honeycomb Crunch Frozen,Magnum_Ice_Cream_Dessert_Stick_Honeycomb_Crunch_Frozen.jpg,crisp_on_creek_images,/category/freezer,https://crisponcreek.com.au/lines/street-magnum-h-com-crnc-110ml,https://dtgxwmigmg3gc.cloudfront.net/imagery/assets/derivations/icon/256/256/true/eyJpZCI6ImJhOWEzNjA2MzIyZDgwOTUyNTg2OTVjMDc0MzY3OGQzIiwic3RvcmFnZSI6InB1YmxpY19zdG9yZSJ9?signature=790da874fc2112684c32e36c65292c738db851aa4f4971d1312009a90a8bb713
Magnum Ice Cream Dessert Stick Peppermint Frozen,Magnum_Ice_Cream_Dessert_Stick_Peppermint_Frozen.jpg,crisp_on_creek_images,/category/freezer,https://crisponcreek.com.au/lines/street-magnum-peppermint-110ml,https://dtgxwmigmg3gc.cloudfront.net/imagery/assets/derivations/icon/256/256/true/eyJpZCI6ImQxODBmMDhiZTJkMmQyMTAyOWYyYmI5MDhkMTZjMjU1Iiwic3RvcmFnZSI6InB1YmxpY19zdG9yZSJ9?signature=b3eeccfeca8c850971312e627ac6521452d3c94737998b34c109a340ecb2db9e
Magnum Ice Cream Dessert Stick White Frozen,Magnum_Ice_Cream_Dessert_Stick_White_Frozen.jpg,crisp_on_creek_images,/category/freezer,https://crisponcreek.com.au/lines/street-magnum-white-110ml,https://dtgxwmigmg3gc.cloudfront.net/imagery/assets/derivations/icon/256/256/true/eyJpZCI6IjZiYjQ1ODYzZmZlZmQyMTU5OGRjYTE3N2UyMzc0NWIwIiwic3RvcmFnZSI6InB1YmxpY19zdG9yZSJ9?signature=9d6df509ef2d00fdb4466d45b52c734ebea8d9e86aef97d2c23ce91995876c2b
Magnum Ice Cream Sticks Velvety Smooth Almond Vanilla Ice Cream Covered In Thick Cracking Magnum Milk Chocolate And Crunchy Australian Almond Pieces 4,Magnum_Ice_Cream_Sticks_Velvety_Smooth_Almond_Vanilla_Ice_Cream_Covered_In_Thick_Cracking_Magnum_Milk_Chocolate_And_Crunchy_Australian_Almond_Pieces_4.jpg,crisp_on_creek_images,/category/freezer,https://crisponcreek.com.au/lines/street-mag-almond-4-x-428ml,https://dtgxwmigmg3gc.cloudfront.net/imagery/assets/derivations/icon/256/256/true/eyJpZCI6ImJiMTA3Nzc4YTUzOTRhZDI1M2E0MTM1OWFlNzI3YmVmIiwic3RvcmFnZSI6InB1YmxpY19zdG9yZSJ9?signature=3c69648889f5ed0d576e79b8fa43dfd8c278d8e977f3dbe94ceb5f1fd3d1d770
Magnum Ice Cream Sticks Velvety Smooth Classic Vanilla Ice Cream Covered In Thick Cracking Magnum Milk Chocolate,Magnum_Ice_Cream_Sticks_Velvety_Smooth_Classic_Vanilla_Ice_Cream_Covered_In_Thick_Cracking_Magnum_Milk_Chocolate.jpg,crisp_on_creek_images,/category/freezer,https://crisponcreek.com.au/lines/street-mag-clsc-4-x-428ml,https://dtgxwmigmg3gc.cloudfront.net/imagery/assets/derivations/icon/256/256/true/eyJpZCI6ImY4NzBkM2E0ZDU4NTY2NTYwZmQ1ZGZiYWQ5YmNhY2ZkIiwic3RvcmFnZSI6InB1YmxpY19zdG9yZSJ9?signature=397f99eaaa5581a68608f546f79790aaa20aec36b1da1dde7067075fd0eaabe3
Magnum Ice Cream Tub Velvety Smooth Classic Vanilla Ice Cream In A Cracking Chocolate Shell,Magnum_Ice_Cream_Tub_Velvety_Smooth_Classic_Vanilla_Ice_Cream_In_A_Cracking_Chocolate_Shell.jpg,crisp_on_creek_images,/category/freezer,https://crisponcreek.com.au/lines/street-mag-tub-cls-r1-440ml,https://dtgxwmigmg3gc.cloudfront.net/imagery/assets/derivations/icon/256/256/true/eyJpZCI6ImRlYWEzMzM4MTA2ZWI0NmQyYjc4NDc5NGRlZTI0ODI1Iiwic3RvcmFnZSI6InB1YmxpY19zdG9yZSJ9?signature=a9cf1ce7faadd4c7df2b138eb39f3788df9271b663246d97736d52e734f64ee1
Mix Tropical Fruits,Mix_Tropical_Fruits.jpg,crisp_on_creek_images,/category/freezer,https://crisponcreek.com.au/lines/mix-tropical-fruits-1kg,https://dtgxwmigmg3gc.cloudfront.net/assets/no_image-2b66f888b650d4eb5136f9481a1bdba1f2c918331eba4030b603d2b62792e499.png
Paddle Pop Ice Confection Caramel Flavour Rainbow Frozen Dessert Made With No Artificial Colours,Paddle_Pop_Ice_Confection_Caramel_Flavour_Rainbow_Frozen_Dessert_Made_With_No_Artificial_Colours.jpg,crisp_on_creek_images,/category/freezer,https://crisponcreek.com.au/lines/street-p-pop-r-bow-8-x-544ml,https://dtgxwmigmg3gc.cloudfront.net/imagery/assets/derivations/icon/256/256/true/eyJpZCI6Ijk3NGJhMTFlNTU4M2M3MGIyNjBmMmU2ZWJlNzJmMWY4Iiwic3RvcmFnZSI6InB1YmxpY19zdG9yZSJ9?signature=a4861f91b0f7427ec0db08cf1945edb721a718bf3f999adac57692fb9c158563
Paddle Pop Ice Confection For A Delicious Source Of Calcium Chocolate Frozen Dessert Made With No Artificial Colours,Paddle_Pop_Ice_Confection_For_A_Delicious_Source_Of_Calcium_Chocolate_Frozen_Dessert_Made_With_No_Artificial_Colours.jpg,crisp_on_creek_images,/category/freezer,https://crisponcreek.com.au/lines/street-p-pop-choc-8-x-544ml,https://dtgxwmigmg3gc.cloudfront.net/imagery/assets/derivations/icon/256/256/true/eyJpZCI6ImJhZDc4OWIyZTAyNmY1ZDYxN2UzYzMxZGY5MjZiMzM4Iiwic3RvcmFnZSI6InB1YmxpY19zdG9yZSJ9?signature=d620034b697b817ee11f301be1d0c1cdbce6bee2e06796eaed8c020cb40e2513
Paddle Pop Streets Ice Cream Chocolate,Paddle_Pop_Streets_Ice_Cream_Chocolate.jpg,crisp_on_creek_images,/category/freezer,https://crisponcreek.com.au/lines/street-p-pop-chocolate-70ml,https://dtgxwmigmg3gc.cloudfront.net/imagery/assets/derivations/icon/256/256/true/eyJpZCI6ImM3MzY0NjY2OGFmM2IzYTU3NmI5MWJjNWY4OTQyNGQ5Iiwic3RvcmFnZSI6InB1YmxpY19zdG9yZSJ9?signature=9ed2c52dfe00740878ade0ed03adf1764ec0eca1f344d13cca6158a8172d9ad5
Paddle Pop Streets Ice Cream Rainbow,Paddle_Pop_Streets_Ice_Cream_Rainbow.jpg,crisp_on_creek_images,/category/freezer,https://crisponcreek.com.au/lines/street-p-pop-rainbow-70ml,https://dtgxwmigmg3gc.cloudfront.net/imagery/assets/derivations/icon/256/256/true/eyJpZCI6IjM2MTE4YjNiZDMwZDVlZGUyZjIxMjM4NGFhYzRhZDYyIiwic3RvcmFnZSI6InB1YmxpY19zdG9yZSJ9?signature=3978f8c695768683c0580ff7b1a32822943e94a0ddae46d113a9e8f540269b52
Paddle Pop Streets Icy Twist Ice Block Lemonade,Paddle_Pop_Streets_Icy_Twist_Ice_Block_Lemonade.jpg,crisp_on_creek_images,/category/freezer,https://crisponcreek.com.au/lines/street-p-pop-icy-twist-75ml,https://dtgxwmigmg3gc.cloudfront.net/imagery/assets/derivations/icon/256/256/true/eyJpZCI6IjE5MjY3MzQ5MjBjZGVjZGM4MTZmNWFmMjA1ZDk4ZGUyIiwic3RvcmFnZSI6InB1YmxpY19zdG9yZSJ9?signature=03fa998166956f934662473f516c2ca24df1b9fa01303f717d91264ad35a92c5
Red Dragon Fruit,Red_Dragon_Fruit.jpg,crisp_on_creek_images,/category/freezer,https://crisponcreek.com.au/lines/red-dragon-fruit-1kg,https://dtgxwmigmg3gc.cloudfront.net/imagery/assets/derivations/icon/256/256/true/eyJpZCI6IjAzZGNiNDZlMzZiNzg0ODJkZDVhZmRiZWMzYmI5OTlkLnBuZzIwMjUwOTIyLTI2ODkzOTMtYTdrZDk4Iiwic3RvcmFnZSI6InB1YmxpY19zdG9yZSJ9?signature=78044045380a4137e74cfa803af60a804488bfe53027b98108a6b5d170999b80
Simply Pies Assort Flavours Fam,Simply_Pies_Assort_Flavours_Fam.jpg,crisp_on_creek_images,/category/freezer,https://crisponcreek.com.au/lines/simply-pies-assort-flavours-fam,https://dtgxwmigmg3gc.cloudfront.net/assets/no_image-2b66f888b650d4eb5136f9481a1bdba1f2c918331eba4030b603d2b62792e499.png
"Streets Cyclone Ice Block Peach, Pineapple And Blueberry","Streets_Cyclone_Ice_Block_Peach,_Pineapple_And_Blueberry.jpg",crisp_on_creek_images,/category/freezer,https://crisponcreek.com.au/lines/street-p-pop-cyclone-90ml,https://dtgxwmigmg3gc.cloudfront.net/imagery/assets/derivations/icon/256/256/true/eyJpZCI6ImMzMmZiZDc0Yzk3NmUyYzBkNzBlZDQzOGRiMjZiZDI1Iiwic3RvcmFnZSI6InB1YmxpY19zdG9yZSJ9?signature=2405f2d622cfcab5e39d48b134193eb6833c7fe34523e5eaf4033b2baf6db6f9
Weis Ice Cream & Fruit Bar Macadamia Mango Cream,Weis_Ice_Cream_&_Fruit_Bar_Macadamia_Mango_Cream.jpg,crisp_on_creek_images,/category/freezer,https://crisponcreek.com.au/lines/weis-mac-mango-80g,https://dtgxwmigmg3gc.cloudfront.net/imagery/assets/derivations/icon/256/256/true/eyJpZCI6IjMzYWNiZjY1NjY1YWMyZmJkNGNlMWViZDYyZGUzNTBmIiwic3RvcmFnZSI6InB1YmxpY19zdG9yZSJ9?signature=62cc509960954879653abf476f485916aab480ff5e13649b1714a3dac7cfd42d
Weis Ice Cream & Fruit Bar Mango & Ice Cream,Weis_Ice_Cream_&_Fruit_Bar_Mango_&_Ice_Cream.jpg,crisp_on_creek_images,/category/freezer,https://crisponcreek.com.au/lines/weis-mango-80g,https://dtgxwmigmg3gc.cloudfront.net/imagery/assets/derivations/icon/256/256/true/eyJpZCI6ImRjZmNiNzNlMzZlZThhYzUzNmI2NDdhNGM4YWEyYmU4Iiwic3RvcmFnZSI6InB1YmxpY19zdG9yZSJ9?signature=de3195f36d3b75a56f8ecfd739967db538a0cfd3bc7fd375819a6d43afe84086
Bundaberg Blood Orange Sparkling Drink Bottle,Bundaberg_Blood_Orange_Sparkling_Drink_Bottle.jpg,crisp_on_creek_images,/category/drinks-confectionery,https://crisponcreek.com.au/lines/b-berg-blood-orange-375ml,https://dtgxwmigmg3gc.cloudfront.net/imagery/assets/derivations/icon/256/256/true/eyJpZCI6IjJmY2E4NjdlZGFmZThjZDNhOWI2YmYxOGQ1ZDk4N2UwIiwic3RvcmFnZSI6InB1YmxpY19zdG9yZSJ9?signature=5ec2d61bb9e11ba60709b5c98f0b93d1384c22df51506991a8da6c5523a149ca
Bundaberg Lemon Lime & Bitters Bottle,Bundaberg_Lemon_Lime_&_Bitters_Bottle.jpg,crisp_on_creek_images,/category/drinks-confectionery,https://crisponcreek.com.au/lines/b-berg-lmn-lme-bitr-375ml,https://dtgxwmigmg3gc.cloudfront.net/imagery/assets/derivations/icon/256/256/true/eyJpZCI6IjNhZGEyNzEwM2RiNjI5YzA4NTk0NWFmMGI0ZThhMjE5Iiwic3RvcmFnZSI6InB1YmxpY19zdG9yZSJ9?signature=30daeb70039d57cf1e6ce56ca914f186a4a16c6369304934efbdbf490360fe45
Cadbury Twirl Crispy,Cadbury_Twirl_Crispy.jpg,crisp_on_creek_images,/category/drinks-confectionery,https://crisponcreek.com.au/lines/cad-twirl-b-away-bar-40g,https://dtgxwmigmg3gc.cloudfront.net/imagery/assets/derivations/icon/256/256/true/eyJpZCI6IjViNGM4MTJjN2E0MmZkOTYzOGNiNDJhMjg2YzQ3ZmNhIiwic3RvcmFnZSI6InB1YmxpY19zdG9yZSJ9?signature=f6286138c61d11681db1140c68b4e072c02f125e4a5b212a53a9fb25de324b18
Cleanskin Iced Long Black,Cleanskin_Iced_Long_Black.jpg,crisp_on_creek_images,/category/drinks-confectionery,https://crisponcreek.com.au/lines/cleanskin-iced-long-black-240ml,https://dtgxwmigmg3gc.cloudfront.net/assets/no_image-2b66f888b650d4eb5136f9481a1bdba1f2c918331eba4030b603d2b62792e499.png
Cleanskin Iced Oat Latte,Cleanskin_Iced_Oat_Latte.jpg,crisp_on_creek_images,/category/drinks-confectionery,https://crisponcreek.com.au/lines/cleanskin-iced-oat-latte-250ml,https://dtgxwmigmg3gc.cloudfront.net/assets/no_image-2b66f888b650d4eb5136f9481a1bdba1f2c918331eba4030b603d2b62792e499.png
Coco Bella Chocolate Coconut Water,Coco_Bella_Chocolate_Coconut_Water.jpg,crisp_on_creek_images,/category/drinks-confectionery,https://crisponcreek.com.au/lines/cocobella-ea-1l,https://dtgxwmigmg3gc.cloudfront.net/imagery/assets/derivations/icon/256/256/true/eyJpZCI6IjQwMGUwNmEwZGNlN2U5MTk5YjVmMTY2ZWJhNTNiNWRlIiwic3RvcmFnZSI6InB1YmxpY19zdG9yZSJ9?signature=d8c364a759b8a5cb1aa1f78491ed15c64c3b4d2d0ceb9915cb4be65ec63fa6f9
Europe Summer Roll,Europe_Summer_Roll.jpg,crisp_on_creek_images,/category/drinks-confectionery,https://crisponcreek.com.au/lines/europe-summer-roll-40g,https://dtgxwmigmg3gc.cloudfront.net/imagery/assets/derivations/icon/256/256/true/eyJpZCI6IjRlZWJmNDUxYjBmMjg2NThmNzcyZWUzNGIwNWZlNjQ4Iiwic3RvcmFnZSI6InB1YmxpY19zdG9yZSJ9?signature=9fb041166ca9cba51119778b2e7ab2902f04721b550c0b10de62eeef83f4b2ce
Fresh Squeezed Juice,Fresh_Squeezed_Juice.jpg,crisp_on_creek_images,/category/drinks-confectionery,https://crisponcreek.com.au/lines/fresh-squeezed-juice-1l,https://dtgxwmigmg3gc.cloudfront.net/assets/no_image-2b66f888b650d4eb5136f9481a1bdba1f2c918331eba4030b603d2b62792e499.png
Impressed Green Supreme,Impressed_Green_Supreme.jpg,crisp_on_creek_images,/category/drinks-confectionery,https://crisponcreek.com.au/lines/impressed-green-supreme-425ml,https://dtgxwmigmg3gc.cloudfront.net/imagery/assets/derivations/icon/256/256/true/eyJpZCI6ImYyMjNhZGVmMTRkNDIxYTI0ZjczMWFiOGQzNDk1M2Q0Iiwic3RvcmFnZSI6InB1YmxpY19zdG9yZSJ9?signature=c719e0844dba44b52888fc2041e9b692b8e28d06abcbfb56a72780f128f4bbc3
Impressed Green Supreme Juice,Impressed_Green_Supreme_Juice.jpg,crisp_on_creek_images,/category/drinks-confectionery,https://crisponcreek.com.au/lines/pmressed-green-supremem-1l,https://dtgxwmigmg3gc.cloudfront.net/imagery/assets/derivations/icon/256/256/true/eyJpZCI6IjJlMjUyMGQwYjNmNWE4ZGZlMWYyMjJhNTBkZWI1MjczLmpwZzIwMjUxMjA4LTE4MjU4Mjktdng1ZGIyIiwic3RvcmFnZSI6InB1YmxpY19zdG9yZSJ9?signature=cfdf2604819966ec857b843a989228e0f7966bea165b54b964f5f17e73d2c56a
Impressed Tropical Breakfast Juice,Impressed_Tropical_Breakfast_Juice.jpg,crisp_on_creek_images,/category/drinks-confectionery,https://crisponcreek.com.au/lines/impressed-juice-tropical-1l,https://dtgxwmigmg3gc.cloudfront.net/imagery/assets/derivations/icon/256/256/true/eyJpZCI6ImQwZDNkYmU2ZmExZmNkM2I0OTNhZmJjYzcwMzU0ZTA4Iiwic3RvcmFnZSI6InB1YmxpY19zdG9yZSJ9?signature=19cd90df1aa13c8fff88928d5978a019e126372c94d073b54bbf460199bb01a6
Nu Pure Spring Water,Nu_Pure_Spring_Water.jpg,crisp_on_creek_images,/category/drinks-confectionery,https://crisponcreek.com.au/lines/nu-pure-wtr-sprng-sq-600ml,https://dtgxwmigmg3gc.cloudfront.net/imagery/assets/derivations/icon/256/256/true/eyJpZCI6IjMxMjc3MDBlOTM1MzQ0ZmExOTNkMWEzMmQ4YTA2MTU0Iiwic3RvcmFnZSI6InB1YmxpY19zdG9yZSJ9?signature=85a59925a4d64483205ecc45a693b2c748bc44b444f1cc50e771133612a5c49c
Nutrient Water Blackberry Goji,Nutrient_Water_Blackberry_Goji.jpg,crisp_on_creek_images,/category/drinks-confectionery,https://crisponcreek.com.au/lines/nutrient-water-b-berry-goji-575m,https://dtgxwmigmg3gc.cloudfront.net/imagery/assets/derivations/icon/256/256/true/eyJpZCI6ImYwMjg3NTQ4NDUwNTcwNGY2Yzg1YTY2MjJkNzczOTFmLmpwZzIwMjYwMTE5LTI2Njg5MzUtNWJzcGloIiwic3RvcmFnZSI6InB1YmxpY19zdG9yZSJ9?signature=e1df97dfdafaf91aa7b100149b1d477bd4138992a477c7b57f922c353cf89923
Nutrient Water Dragonfruit Endurance,Nutrient_Water_Dragonfruit_Endurance.jpg,crisp_on_creek_images,/category/drinks-confectionery,https://crisponcreek.com.au/lines/nutrient-water,https://dtgxwmigmg3gc.cloudfront.net/imagery/assets/derivations/icon/256/256/true/eyJpZCI6IjcyYmUyNzdlNDE0ZDVkNzMxZTdkMGI3MjY0ZTJkMmZmLmpwZzIwMjUxMjI5LTY5MDYzLXlyNTFpbCIsInN0b3JhZ2UiOiJwdWJsaWNfc3RvcmUifQ?signature=e550657a32f9af8ad1587c6503d5db11de96336823163c592620057f8584b488
Remedy Kombucha Organic Ginger Lemon,Remedy_Kombucha_Organic_Ginger_Lemon.jpg,crisp_on_creek_images,/category/drinks-confectionery,https://crisponcreek.com.au/lines/remedy-kombucha-ging-lmn-750m,https://dtgxwmigmg3gc.cloudfront.net/imagery/assets/derivations/icon/256/256/true/eyJpZCI6IjhkNjU1Mzg5NDQ3YjdhMGZhN2U3NGU1OGU2ZmFjMTEyIiwic3RvcmFnZSI6InB1YmxpY19zdG9yZSJ9?signature=3f532cd91354ae43e5098efb16d097a634848f74c9acebbe9710038028b356cb
Remedy Kombucha Organic Mango Passion,Remedy_Kombucha_Organic_Mango_Passion.jpg,crisp_on_creek_images,/category/drinks-confectionery,https://crisponcreek.com.au/lines/remedy-kombucha-mango-750ml,https://dtgxwmigmg3gc.cloudfront.net/imagery/assets/derivations/icon/256/256/true/eyJpZCI6IjEwYzdjNTUwMDAzYTljYjM2M2Q1NjM5N2EyMTZlNmY0Iiwic3RvcmFnZSI6InB1YmxpY19zdG9yZSJ9?signature=7f8bbae4e2fbb7749de54af9829e82bee43a7b1bc63f5faa98ff938ba23d67e1
Remedy Kombucha Organic Raspberry Lemonade,Remedy_Kombucha_Organic_Raspberry_Lemonade.jpg,crisp_on_creek_images,/category/drinks-confectionery,https://crisponcreek.com.au/lines/remedy-kombucha-rsp-lmad-750ml,https://dtgxwmigmg3gc.cloudfront.net/imagery/assets/derivations/icon/256/256/true/eyJpZCI6ImFlYzMwZjA2NDA3ZGJiYTc3MmUwNmFjYmMyN2I4YmVjIiwic3RvcmFnZSI6InB1YmxpY19zdG9yZSJ9?signature=8853f16297f5990f13a6b82d969ba5037f19eb64e0835dabc15cb704dd093dfc
Remedy Kombucha Passionfruit,Remedy_Kombucha_Passionfruit.jpg,crisp_on_creek_images,/category/drinks-confectionery,https://crisponcreek.com.au/lines/remedy-kombucha-pssnfrt-330ml,https://dtgxwmigmg3gc.cloudfront.net/imagery/assets/derivations/icon/256/256/true/eyJpZCI6IjI1MDRkZTcwNmQ3YmZmOTZiN2FhYWQ0MzEzYTc0NjA5Iiwic3RvcmFnZSI6InB1YmxpY19zdG9yZSJ9?signature=fb18e2b29a8c32b2a3d4d94a257b64b3265b7c5f64f259c538287d5aa56c765d
Remedy Organic Kombucha Ginger Lemon,Remedy_Organic_Kombucha_Ginger_Lemon.jpg,crisp_on_creek_images,/category/drinks-confectionery,https://crisponcreek.com.au/lines/remedy-1-25-ginger-lemon,https://dtgxwmigmg3gc.cloudfront.net/imagery/assets/derivations/icon/256/256/true/eyJpZCI6ImFmY2NhNmQwMDQ1MzllZmI4ODhiY2NmZDZhMTUwZDg5Iiwic3RvcmFnZSI6InB1YmxpY19zdG9yZSJ9?signature=184abdb55830a0a3763fbd7f58cb525ca7cc1604471d55c7892cde7c6d18c64c
Remedy Organic Kombucha Ginger Lemon 4 Pack X,Remedy_Organic_Kombucha_Ginger_Lemon_4_Pack_X.jpg,crisp_on_creek_images,/category/drinks-confectionery,https://crisponcreek.com.au/lines/special-remedy-4pk-cans,https://dtgxwmigmg3gc.cloudfront.net/imagery/assets/derivations/icon/256/256/true/eyJpZCI6IjRkMjdlMDFlZWI3ZWYxNjQzZTcyMDJmYjA4NjQ1ODBhIiwic3RvcmFnZSI6InB1YmxpY19zdG9yZSJ9?signature=3f0c9cd62d09a951b1833a88586596c9606030d027f5cd7597dc7d9539da7de0
Remedy Organic Kombucha Mango Passion,Remedy_Organic_Kombucha_Mango_Passion.jpg,crisp_on_creek_images,/category/drinks-confectionery,https://crisponcreek.com.au/lines/remedy-kombucha-mng-pass-330ml,https://dtgxwmigmg3gc.cloudfront.net/imagery/assets/derivations/icon/256/256/true/eyJpZCI6ImY0MDMwMzAyNjUxYzEyNjgzZGMyMTliZWVkNjI4NzA2Iiwic3RvcmFnZSI6InB1YmxpY19zdG9yZSJ9?signature=eee3ac74b21d6d7b75c525229ed03276962922b7bda31672d41a9e1e700d99b8
Remedy Organic Kombucha Raspberry Lemonade,Remedy_Organic_Kombucha_Raspberry_Lemonade.jpg,crisp_on_creek_images,/category/drinks-confectionery,https://crisponcreek.com.au/lines/remedy-1-25-rasp-lemonade,https://dtgxwmigmg3gc.cloudfront.net/imagery/assets/derivations/icon/256/256/true/eyJpZCI6IjdhYjE0MDU1NGI2MDQ0M2IzOWJmMDQ0YTA3NjYxZTFmIiwic3RvcmFnZSI6InB1YmxpY19zdG9yZSJ9?signature=7fcabde912da2b9791c534c62d94f3f51f858927620af8c60f314bc822589506
Remedy Organic Kombucha Wild Berry,Remedy_Organic_Kombucha_Wild_Berry.jpg,crisp_on_creek_images,/category/drinks-confectionery,https://crisponcreek.com.au/lines/remedy-4-pack-kombucha-wild,https://dtgxwmigmg3gc.cloudfront.net/imagery/assets/derivations/icon/256/256/true/eyJpZCI6IjYzYjllMzA5NWYyMDFiZDZjODFhYzIyNjljNDQ4NTJlIiwic3RvcmFnZSI6InB1YmxpY19zdG9yZSJ9?signature=1e013df5c0846c6a744311b43c8e7d093366f72b86b4fc223b5030d8ec66d875
Remedy Wild Berry Organic Kombucha,Remedy_Wild_Berry_Organic_Kombucha.jpg,crisp_on_creek_images,/category/drinks-confectionery,https://crisponcreek.com.au/lines/remedy-kombucha-wld-berr-330m,https://dtgxwmigmg3gc.cloudfront.net/imagery/assets/derivations/icon/256/256/true/eyJpZCI6IjljMjQ3ZTU1MmRjZWExMTk4YmQ0NzMwYjM4NmZmMmRlLndlYnAyMDI1MDMwMy01NjY1NzgtdWdnamVnIiwic3RvcmFnZSI6InB1YmxpY19zdG9yZSJ9?signature=6768cb498c6d77843fa00f8ce36b37d37b8dd8a72103c05d964403d36d81c7d3
Rokeby Protein Smoothie Banana Honey Cinnamon,Rokeby_Protein_Smoothie_Banana_Honey_Cinnamon.jpg,crisp_on_creek_images,/category/drinks-confectionery,https://crisponcreek.com.au/lines/rokeby-farms-protein-smoothie,https://dtgxwmigmg3gc.cloudfront.net/imagery/assets/derivations/icon/256/256/true/eyJpZCI6IjA4MTExZDA5M2ZiNzljZDczYzg1MWY4NDRkMjI1ZmRlIiwic3RvcmFnZSI6InB1YmxpY19zdG9yZSJ9?signature=01a4f0471e0d4200dc9e84953e8d8ec56af5bc36a1ab3b7440345a4e17c60f87
Rokeby Protein Smoothie Choc Honeycomb,Rokeby_Protein_Smoothie_Choc_Honeycomb.jpg,crisp_on_creek_images,/category/drinks-confectionery,https://crisponcreek.com.au/lines/rokeby-farms-protein-smoothie-1,https://dtgxwmigmg3gc.cloudfront.net/imagery/assets/derivations/icon/256/256/true/eyJpZCI6ImU4M2ViOTBhYjA1ZjE1N2YyZDMwNWViZjAxOGYxMGZiIiwic3RvcmFnZSI6InB1YmxpY19zdG9yZSJ9?signature=8166300e9aebe17b3d94547a1bbda5ff340d9d88ef499f9e1ad0752fb941f9a2
Rokeby Protein Smoothie Double Espresso,Rokeby_Protein_Smoothie_Double_Espresso.jpg,crisp_on_creek_images,/category/drinks-confectionery,https://crisponcreek.com.au/lines/rokeby-farms-protein-coffee,https://dtgxwmigmg3gc.cloudfront.net/imagery/assets/derivations/icon/256/256/true/eyJpZCI6IjE3ZjdlZDc5Y2M2MDU5ZmU3NGZiYWYyOTdkNjUxMzUwIiwic3RvcmFnZSI6InB1YmxpY19zdG9yZSJ9?signature=ede2f19a06cefb5dfb0e76cc9896328d515ea5fcc547d3e9fbaf6ac53f4db9aa
Rokeby Protein Smoothie Dutch Chocolate,Rokeby_Protein_Smoothie_Dutch_Chocolate.jpg,crisp_on_creek_images,/category/drinks-confectionery,https://crisponcreek.com.au/lines/rokeby-farms-protein-smoothie-2,https://dtgxwmigmg3gc.cloudfront.net/imagery/assets/derivations/icon/256/256/true/eyJpZCI6IjA0ZWU1NmM3Y2IxMzZkMzA1OGM4ODgxYTM0MGRmNTBmIiwic3RvcmFnZSI6InB1YmxpY19zdG9yZSJ9?signature=d6e2f0863c5241a0bd4619ee4cfb0fb000618f72b0121eabb6d66e0feb2aea0a
Sam's,Sam's.jpg,crisp_on_creek_images,/category/drinks-confectionery,https://crisponcreek.com.au/lines/sam-s-2,https://dtgxwmigmg3gc.cloudfront.net/imagery/assets/derivations/icon/256/256/true/eyJpZCI6IjI2OGU1YzgwYWI4MTk2OTRkNjAyYjg1NGE2YzgxMjA0Iiwic3RvcmFnZSI6InB1YmxpY19zdG9yZSJ9?signature=7b1051983931c699eb4e440f823a57c5eccd43c5e88800c4e3f89739e8cb0ba1
Sam's All Day Brekky,Sam's_All_Day_Brekky.jpg,crisp_on_creek_images,/category/drinks-confectionery,https://crisponcreek.com.au/lines/sam-s-4,https://dtgxwmigmg3gc.cloudfront.net/imagery/assets/derivations/icon/256/256/true/eyJpZCI6Ijg0MzA3MWFkMTJjMGM2NzVhNTIxZDMxYzk1MWNkNzgxLmpwZyIsInN0b3JhZ2UiOiJwdWJsaWNfc3RvcmUifQ?signature=a893d4f8846526a88d1ae303372225b2bfdfc1361899b3e3f5b821672bad99b2
Sam's Fruit Lunch Juice,Sam's_Fruit_Lunch_Juice.jpg,crisp_on_creek_images,/category/drinks-confectionery,https://crisponcreek.com.au/lines/sam-s-fruit-lunch-375ml,https://dtgxwmigmg3gc.cloudfront.net/imagery/assets/derivations/icon/256/256/true/eyJpZCI6ImQ4ODM1ZGE4MDM2ODNiNzc4NTk5MjU1OThiZjBjM2Q4Iiwic3RvcmFnZSI6InB1YmxpY19zdG9yZSJ9?signature=2d8a1d9dd0880e9aa47c3ad1ae5f273da20368972cf6c7deba8297cffb387f80
Sam's Fruit Salad Juice,Sam's_Fruit_Salad_Juice.jpg,crisp_on_creek_images,/category/drinks-confectionery,https://crisponcreek.com.au/lines/sam-s-8,https://dtgxwmigmg3gc.cloudfront.net/imagery/assets/derivations/icon/256/256/true/eyJpZCI6ImRkYmZjZTVjMTY1NjU5NThjMDEwNjAxOTM2ZjdjNjdiIiwic3RvcmFnZSI6InB1YmxpY19zdG9yZSJ9?signature=77ecc157bec9e50bb6ae4c29ac482f3ed53a3148d436a28b885c9625beb6189f
Sam's Green Lunch Juice,Sam's_Green_Lunch_Juice.jpg,crisp_on_creek_images,/category/drinks-confectionery,https://crisponcreek.com.au/lines/sam-s-5,https://dtgxwmigmg3gc.cloudfront.net/imagery/assets/derivations/icon/256/256/true/eyJpZCI6ImZjYTg0ODkwMDQ4ODRkMGViNDc4NWE5MGMxNTQ2ODVlIiwic3RvcmFnZSI6InB1YmxpY19zdG9yZSJ9?signature=13072ce95b8dae61f5ae7cb40160359f9354b821c4684656085f82fb6d7f79d9
Sam's Lemonade Strawberry Lemonade,Sam's_Lemonade_Strawberry_Lemonade.jpg,crisp_on_creek_images,/category/drinks-confectionery,https://crisponcreek.com.au/lines/sam-s,https://dtgxwmigmg3gc.cloudfront.net/imagery/assets/derivations/icon/256/256/true/eyJpZCI6IjgyNDI1M2FmYzAxMWRmMTEwZjY4NjI1MDE1ZjNhZmM3LmpwZzIwMjUwNjA1LTM4NzI4MzEtcXhpejRxIiwic3RvcmFnZSI6InB1YmxpY19zdG9yZSJ9?signature=0a7840eed50d61a0445fb6b74cb902132e83702d4004447d978d919af8845ff3
Flowers,Flowers.jpg,crisp_on_creek_images,/category/household,https://crisponcreek.com.au/lines/flowers-1,https://dtgxwmigmg3gc.cloudfront.net/assets/no_image-2b66f888b650d4eb5136f9481a1bdba1f2c918331eba4030b603d2b62792e499.png
Reusable Plastic Bag,Reusable_Plastic_Bag.jpg,crisp_on_creek_images,/category/household,https://crisponcreek.com.au/lines/reusable-plastic-bag,https://dtgxwmigmg3gc.cloudfront.net/assets/no_image-2b66f888b650d4eb5136f9481a1bdba1f2c918331eba4030b603d2b62792e499.png
(S)Seedless Watermelon Whole,(S)Seedless_Watermelon_Whole.jpg,crisp_on_creek_fruit_veg_images,/category/fruit,https://crisponcreek.com.au/lines/s-seedless-watermelon-whole,https://dtgxwmigmg3gc.cloudfront.net/imagery/assets/derivations/icon/256/256/true/eyJpZCI6ImJkZjU4OWE2NDdkZTI3ODEzMTNjNDY2NzEzYThmOGQyIiwic3RvcmFnZSI6InB1YmxpY19zdG9yZSJ9?signature=c13e70c416530febb5fd2c6c1287869e8c5d0a1133b2b34e3a8adb679ce96b1c
Apple Granny Smith Large,Apple_Granny_Smith_Large.jpg,crisp_on_creek_fruit_veg_images,/category/fruit,https://crisponcreek.com.au/lines/apple-granny-smith-lge-kg,https://dtgxwmigmg3gc.cloudfront.net/imagery/assets/derivations/icon/256/256/true/eyJpZCI6IjIwMDMyM2IzNzhlMTE0NDlkMDYyZmE1OWE5ODkzNDA2Iiwic3RvcmFnZSI6InB1YmxpY19zdG9yZSJ9?signature=b4aa314a3a6cb07cf4fe9a3bc3331f2a35d7af62ddd68e83174469aba4a4c105
Apples Green Bag,Apples_Green_Bag.jpg,crisp_on_creek_fruit_veg_images,/category/fruit,https://crisponcreek.com.au/lines/apples-green-bag-per-kg,https://dtgxwmigmg3gc.cloudfront.net/imagery/assets/derivations/icon/256/256/true/eyJpZCI6IjczNjk0MmIxMTkwNWRlMTI5NDRjYjQzODYxMWFlMmFmIiwic3RvcmFnZSI6InB1YmxpY19zdG9yZSJ9?signature=b621a6c02b3a73aae6bdd48cfb3958a1301765c0ea68185f1a54cf81ddfa74d8
(S) Paw Paw Red Cut,(S)_Paw_Paw_Red_Cut.jpg,crisp_on_creek_fruit_veg_images,/category/fruit,https://crisponcreek.com.au/lines/s-paw-paw-red-cut-kg,https://dtgxwmigmg3gc.cloudfront.net/imagery/assets/derivations/icon/256/256/true/eyJpZCI6ImY1ZGIxYzRmZDVhNTI1YjliODYyZDgzNDkwMDVkYjAyIiwic3RvcmFnZSI6InB1YmxpY19zdG9yZSJ9?signature=0d285de367f70c58d0b864c35f62dbe9486223d31d05ab7d2cdf9f8cab78320d
(S) Red Papaya,(S)_Red_Papaya.jpg,crisp_on_creek_fruit_veg_images,/category/fruit,https://crisponcreek.com.au/lines/s-red-papaya-kg,https://dtgxwmigmg3gc.cloudfront.net/imagery/assets/derivations/icon/256/256/true/eyJpZCI6ImY3YzUwYjYxNzM0NTM4MzUxYzYzNzZlNTc2MTUzNTlmIiwic3RvcmFnZSI6InB1YmxpY19zdG9yZSJ9?signature=24fb49885dafeaa2cbc24c608ee23752dceed84e966fd5aeea424592d1a74903
(S) Watermelon,(S)_Watermelon.jpg,crisp_on_creek_fruit_veg_images,/category/fruit,https://crisponcreek.com.au/lines/s-watermelon-kg,https://dtgxwmigmg3gc.cloudfront.net/imagery/assets/derivations/icon/256/256/true/eyJpZCI6IjI5MTljYWZlNWY0MjIwODBjZjZkZjM4OTkzYzA4MGFkIiwic3RvcmFnZSI6InB1YmxpY19zdG9yZSJ9?signature=4a28d433f5200cee7154432f5b5ee8a6fdaf6834f97ab06202d04f4a2ce75767
Oranges,Oranges.jpg,crisp_on_creek_fruit_veg_images,/category/fruit,https://crisponcreek.com.au/lines/oranges-3kg,https://dtgxwmigmg3gc.cloudfront.net/imagery/assets/derivations/icon/256/256/true/eyJpZCI6IjE4ZjBmNmNkMDg3MTkxODU4NjYxMmYwMGVmMGNmYmE4Iiwic3RvcmFnZSI6InB1YmxpY19zdG9yZSJ9?signature=c87a6052eedbfc88559468be20823b5468f7fdda253131a9e4f6469315535cc0
Apple Pink Lady,Apple_Pink_Lady.jpg,crisp_on_creek_fruit_veg_images,/category/fruit,https://crisponcreek.com.au/lines/apple-pink-lady-kg,https://dtgxwmigmg3gc.cloudfront.net/imagery/assets/derivations/icon/256/256/true/eyJpZCI6ImI5NThhOTdhZmM1ZGJmNDBhYjhiZmExYmE1NDEyODk1Iiwic3RvcmFnZSI6InB1YmxpY19zdG9yZSJ9?signature=fd6853f39005c7e69e52d9ff1b7a33b7f2a8afe4f3ffdf52ff6933b789ceaa3f
Apple Pink Lady Small,Apple_Pink_Lady_Small.jpg,crisp_on_creek_fruit_veg_images,/category/fruit,https://crisponcreek.com.au/lines/apple-pink-lady-small-kg,https://dtgxwmigmg3gc.cloudfront.net/imagery/assets/derivations/icon/256/256/true/eyJpZCI6ImI5NThhOTdhZmM1ZGJmNDBhYjhiZmExYmE1NDEyODk1Iiwic3RvcmFnZSI6InB1YmxpY19zdG9yZSJ9?signature=fd6853f39005c7e69e52d9ff1b7a33b7f2a8afe4f3ffdf52ff6933b789ceaa3f
Apple Red Delicious Large,Apple_Red_Delicious_Large.jpg,crisp_on_creek_fruit_veg_images,/category/fruit,https://crisponcreek.com.au/lines/apple-red-delicious-lge-kg,https://dtgxwmigmg3gc.cloudfront.net/imagery/assets/derivations/icon/256/256/true/eyJpZCI6ImYxZmMyMzBkZjM3ZmE2ZDZhMDhlMmQ2ZWQ2NTI4NTIzIiwic3RvcmFnZSI6InB1YmxpY19zdG9yZSJ9?signature=3db072a624c34bb04732936a4ca257f4a7cebf297981ac0427d9d1d539c6a33c
Apple Royal Gala Large,Apple_Royal_Gala_Large.jpg,crisp_on_creek_fruit_veg_images,/category/fruit,https://crisponcreek.com.au/lines/apple-royal-gala-lge-kg,https://dtgxwmigmg3gc.cloudfront.net/imagery/assets/derivations/icon/256/256/true/eyJpZCI6IjMwNzhjZDJkYTVmNzVlMDMxYzFlNTBlNzBkMmUwMDg4Iiwic3RvcmFnZSI6InB1YmxpY19zdG9yZSJ9?signature=d402f5aefa6d77f5f2ca301dd773302422fa6cf617414f090e8fe47ebce3eb22
Apples Kanzi,Apples_Kanzi.jpg,crisp_on_creek_fruit_veg_images,/category/fruit,https://crisponcreek.com.au/lines/apples-kanzil-kg,https://dtgxwmigmg3gc.cloudfront.net/imagery/assets/derivations/icon/256/256/true/eyJpZCI6IjUyOGRlNGI1MjJmMmIwZGI2ZjBjNzdhYzYzZmE4NTRlIiwic3RvcmFnZSI6InB1YmxpY19zdG9yZSJ9?signature=8b7f16e4c978cc5d2a2a1ffd62bb4e1c04fbce7beef6803aa1f290becf45a139
Apricots,Apricots.jpg,crisp_on_creek_fruit_veg_images,/category/fruit,https://crisponcreek.com.au/lines/apricots-kg,https://dtgxwmigmg3gc.cloudfront.net/imagery/assets/derivations/icon/256/256/true/eyJpZCI6IjFmNTlhYzYwZjVlMjllNTZlOGVkOTE0MDg0NTA0YjUyIiwic3RvcmFnZSI6InB1YmxpY19zdG9yZSJ9?signature=a5280281b29883b3e127ebeb405cac8a02693b3553c1363a9895230f5d670407
Apricots In Green Bucket,Apricots_In_Green_Bucket.jpg,crisp_on_creek_fruit_veg_images,/category/fruit,https://crisponcreek.com.au/lines/apricots-in-green-bucket,https://dtgxwmigmg3gc.cloudfront.net/imagery/assets/derivations/icon/256/256/true/eyJpZCI6IjFkOTZjZjQwOWVjM2NkNzM3M2NiYjQ2YzMwOWZmM2VkIiwic3RvcmFnZSI6InB1YmxpY19zdG9yZSJ9?signature=fe6b2e70677450bbf228c3e88fa76ddb6f172d529410aa51a712030f60bc13d3
Avocado Green Skin Large,Avocado_Green_Skin_Large.jpg,crisp_on_creek_fruit_veg_images,/category/fruit,https://crisponcreek.com.au/lines/avocado-green-skin-lge,https://dtgxwmigmg3gc.cloudfront.net/imagery/assets/derivations/icon/256/256/true/eyJpZCI6Ijg4ZjI1NGEwM2M2YTZkMDM2YjRmZWJiZmY1YzhmYWQ5Iiwic3RvcmFnZSI6InB1YmxpY19zdG9yZSJ9?signature=d4c814fe8df2cbdb59042c8bdd19d2d0926627e9ab4758e56912999b9fa6e2e0
Avocado In Net Bag,Avocado_In_Net_Bag.jpg,crisp_on_creek_fruit_veg_images,/category/fruit,https://crisponcreek.com.au/lines/avocado-in-net-bag,https://dtgxwmigmg3gc.cloudfront.net/imagery/assets/derivations/icon/256/256/true/eyJpZCI6IjQ2ZDYxYTUxOWJjOWVhNWI3YzI2NTk3ZDU4ZmFhZDhjIiwic3RvcmFnZSI6InB1YmxpY19zdG9yZSJ9?signature=cb0cdda3d7b5f63b949a3156de5ce54a5b9f767461fab05dfa7941380bb21dd3
Avocado Large Hass,Avocado_Large_Hass.jpg,crisp_on_creek_fruit_veg_images,/category/fruit,https://crisponcreek.com.au/lines/avocado-large-hass,https://dtgxwmigmg3gc.cloudfront.net/imagery/assets/derivations/icon/256/256/true/eyJpZCI6IjQ2ZDYxYTUxOWJjOWVhNWI3YzI2NTk3ZDU4ZmFhZDhjIiwic3RvcmFnZSI6InB1YmxpY19zdG9yZSJ9?signature=cb0cdda3d7b5f63b949a3156de5ce54a5b9f767461fab05dfa7941380bb21dd3
Avocadoes Small,Avocadoes_Small.jpg,crisp_on_creek_fruit_veg_images,/category/fruit,https://crisponcreek.com.au/lines/avocadoes-small-ea,https://dtgxwmigmg3gc.cloudfront.net/imagery/assets/derivations/icon/256/256/true/eyJpZCI6IjE3NTMxYWNjMzQ0Mjg3Mjk0MTYyZWY5NmYwYWU4Y2ZmIiwic3RvcmFnZSI6InB1YmxpY19zdG9yZSJ9?signature=32ec1660ddd1378894ba01040ebe8c3785f92a51eeb1a24f62ade9c4e90cbf9f
Bananas Cavendish,Bananas_Cavendish.jpg,crisp_on_creek_fruit_veg_images,/category/fruit,https://crisponcreek.com.au/lines/bananas-cavendish-kg,https://dtgxwmigmg3gc.cloudfront.net/imagery/assets/derivations/icon/256/256/true/eyJpZCI6IjhiNThkOWQ3ZjIwMTFkYzgyN2Q0ZGMwN2U4ODAxMTUzIiwic3RvcmFnZSI6InB1YmxpY19zdG9yZSJ9?signature=5f84ab9ddb50161feaf5b07ccb0ce1754532ad192cefe596cd309c19671dfea0
Bananas Green Bag,Bananas_Green_Bag.jpg,crisp_on_creek_fruit_veg_images,/category/fruit,https://crisponcreek.com.au/lines/bananas-green-bag-kg,https://dtgxwmigmg3gc.cloudfront.net/imagery/assets/derivations/icon/256/256/true/eyJpZCI6ImEyZDkwMTEzYTIyZDNlYTRlNzUwM2I2YWNiMTgzYTBhIiwic3RvcmFnZSI6InB1YmxpY19zdG9yZSJ9?signature=3842836196015efe6fbb8431b0aeed474db890f7dd70762a459203a38123a940
Bananas Ladyfinger,Bananas_Ladyfinger.jpg,crisp_on_creek_fruit_veg_images,/category/fruit,https://crisponcreek.com.au/lines/bananas-ladyfinger-kg,https://dtgxwmigmg3gc.cloudfront.net/imagery/assets/derivations/icon/256/256/true/eyJpZCI6IjA2YWViMzdlZjQ3OTViOTkwNjUxOWZiZjAwODA1NTMxIiwic3RvcmFnZSI6InB1YmxpY19zdG9yZSJ9?signature=d91a26f5bc6f179fa068f497a0783f930ddee45fbb1240e398e382a9dec27646
Blackberries Punnet,Blackberries_Punnet.jpg,crisp_on_creek_fruit_veg_images,/category/fruit,https://crisponcreek.com.au/lines/blackberries,https://dtgxwmigmg3gc.cloudfront.net/imagery/assets/derivations/icon/256/256/true/eyJpZCI6IjJiY2Q1ZjQ4ZGNjZTdmNDk4ZWQ2ZjIyMzU4ZTcxNTUxIiwic3RvcmFnZSI6InB1YmxpY19zdG9yZSJ9?signature=8c454d081354aa954f80f2eb186e8f63238046cfe60dacdce056a4d0d94c607f
Blueberries Punnet,Blueberries_Punnet.jpg,crisp_on_creek_fruit_veg_images,/category/fruit,https://crisponcreek.com.au/lines/blueberry-punnet,https://dtgxwmigmg3gc.cloudfront.net/imagery/assets/derivations/icon/256/256/true/eyJpZCI6IjQ1YTYyNzk0YThmMGMyMWE3ZTY2ODRlMTJhY2VjNTRjIiwic3RvcmFnZSI6InB1YmxpY19zdG9yZSJ9?signature=7022405fef6ca98e81cacd74d575ca055f77ed8bdca228efb7ab523e30d4a71a
Cara Cara Orange,Cara_Cara_Orange.jpg,crisp_on_creek_fruit_veg_images,/category/fruit,https://crisponcreek.com.au/lines/cara-cara-orange-kg,https://dtgxwmigmg3gc.cloudfront.net/imagery/assets/derivations/icon/256/256/true/eyJpZCI6IjlhMDc3ZWE0YzIwYmFhNWZkM2UwZjdkYWQwODA4ZWU5Iiwic3RvcmFnZSI6InB1YmxpY19zdG9yZSJ9?signature=f911ced10ef3c456740875571c2bb10239d1378b7768fdfe2b418da3af3f7215
Custard Apples,Custard_Apples.jpg,crisp_on_creek_fruit_veg_images,/category/fruit,https://crisponcreek.com.au/lines/custard-apples-kg,https://dtgxwmigmg3gc.cloudfront.net/imagery/assets/derivations/icon/256/256/true/eyJpZCI6IjQ3ZGFkYzlkNmYxMjFhYmIzNGEyZmY1NGM0MzlmMzdkIiwic3RvcmFnZSI6InB1YmxpY19zdG9yZSJ9?signature=ae0ac60c5fc84af05eb51b8ca9cf0c4b7d3f967f2289ec5e24f02767780dd714
Dragonfruit,Dragonfruit.jpg,crisp_on_creek_fruit_veg_images,/category/fruit,https://crisponcreek.com.au/lines/dragon-fruit-kg,https://dtgxwmigmg3gc.cloudfront.net/imagery/assets/derivations/icon/256/256/true/eyJpZCI6IjJlZDE2NDZmZTcxOTBjZTI5OGIzYTY4ZWI4NDJhOThlIiwic3RvcmFnZSI6InB1YmxpY19zdG9yZSJ9?signature=a83a91addb9812cac7889286eba578d85f069017f98c5e484b362b25b7fd8789
Drinking Coconut With Straw,Drinking_Coconut_With_Straw.jpg,crisp_on_creek_fruit_veg_images,/category/fruit,https://crisponcreek.com.au/lines/coco-thumb-sip-drinking-coconut,https://dtgxwmigmg3gc.cloudfront.net/assets/no_image-2b66f888b650d4eb5136f9481a1bdba1f2c918331eba4030b603d2b62792e499.png
Figs Fresh,Figs_Fresh.jpg,crisp_on_creek_fruit_veg_images,/category/fruit,https://crisponcreek.com.au/lines/figs-fresh-kg,https://dtgxwmigmg3gc.cloudfront.net/imagery/assets/derivations/icon/256/256/true/eyJpZCI6IjJhZTk5YWQ4YjY2NDU2NmJjMWZkYTE0YmE1Y2QwZDI5Iiwic3RvcmFnZSI6InB1YmxpY19zdG9yZSJ9?signature=700778085ece60c1d1db5cad0c42e06940466f5c120229c17d2ad59e4cde24e1
Fuji Apple,Fuji_Apple.jpg,crisp_on_creek_fruit_veg_images,/category/fruit,https://crisponcreek.com.au/lines/fuji-apple,https://dtgxwmigmg3gc.cloudfront.net/imagery/assets/derivations/icon/256/256/true/eyJpZCI6IjQ2NzRmZmU3Mzg4MjlkMzMyYWE2YzgyOTRlMGE0YzE2Iiwic3RvcmFnZSI6InB1YmxpY19zdG9yZSJ9?signature=386bbf0185ed4006e3ba68b8bc5bb052ede30a8a4343e68eb22c9e425d82a79a
Grape White Seedless,Grape_White_Seedless.jpg,crisp_on_creek_fruit_veg_images,/category/fruit,https://crisponcreek.com.au/lines/grape-white-seedless-kg,https://dtgxwmigmg3gc.cloudfront.net/imagery/assets/derivations/icon/256/256/true/eyJpZCI6ImJhMGIxYjU2N2Q4NTlkYmNkZjNmNGQ0OTdlMjNiNTRlIiwic3RvcmFnZSI6InB1YmxpY19zdG9yZSJ9?signature=b0f3c3c6d9ed2567e852e8382d8b9245984091946f4458965fb3475ae9f55274
Grapefruit Ruby Red,Grapefruit_Ruby_Red.jpg,crisp_on_creek_fruit_veg_images,/category/fruit,https://crisponcreek.com.au/lines/grapefruit-ruby-red-kg,https://dtgxwmigmg3gc.cloudfront.net/imagery/assets/derivations/icon/256/256/true/eyJpZCI6IjU2YTMzZWQwM2ZjNjFmNzFiMmQwY2Q3YWYzODg1Y2ZkIiwic3RvcmFnZSI6InB1YmxpY19zdG9yZSJ9?signature=90adb2814195d5d0fb27a9e27ae6a0942d7a0c83f6b01a1e1f90c2181eb49e45
Grapes Autumn King,Grapes_Autumn_King.jpg,crisp_on_creek_fruit_veg_images,/category/fruit,https://crisponcreek.com.au/lines/grapes-autumn-king-kg,https://dtgxwmigmg3gc.cloudfront.net/imagery/assets/derivations/icon/256/256/true/eyJpZCI6ImIyODc5NjA3NWI0YzUxNjMwZWM3MTkzNmE1ZmY3ZDljIiwic3RvcmFnZSI6InB1YmxpY19zdG9yZSJ9?signature=687307e673744eefb8eb121a97ed37af09f8c4a9bd5feb4af5753fff65336c95
Grapes Black Seedless,Grapes_Black_Seedless.jpg,crisp_on_creek_fruit_veg_images,/category/fruit,https://crisponcreek.com.au/lines/grapes-black-seedless-kg,https://dtgxwmigmg3gc.cloudfront.net/imagery/assets/derivations/icon/256/256/true/eyJpZCI6ImE3MDdjMWIyNmYwNjRiZDE2MTFjNTdlMWE0NTE0YzQ5Iiwic3RvcmFnZSI6InB1YmxpY19zdG9yZSJ9?signature=5abbbabcd2dbe9e70745ef2f439d6f2c9cf2dff22c26832591bc20b726585c73
Grapes Red Seedless,Grapes_Red_Seedless.jpg,crisp_on_creek_fruit_veg_images,/category/fruit,https://crisponcreek.com.au/lines/grapes-red-seedless-kg,https://dtgxwmigmg3gc.cloudfront.net/imagery/assets/derivations/icon/256/256/true/eyJpZCI6ImUwNDQ2ZTM5Mjc0ZTA3OTczNWZhM2NlNjg2YzNiYzJjIiwic3RvcmFnZSI6InB1YmxpY19zdG9yZSJ9?signature=8edeb3c8a38392865f9140c4150fe5c9a85717a3a73029c1faf2b114473d75e4
Green Bag Cavendish,Green_Bag_Cavendish.jpg,crisp_on_creek_fruit_veg_images,/category/fruit,https://crisponcreek.com.au/lines/green-bag-cavendish-per-kg,https://dtgxwmigmg3gc.cloudfront.net/assets/no_image-2b66f888b650d4eb5136f9481a1bdba1f2c918331eba4030b603d2b62792e499.png
Kiwi Fruit,Kiwi_Fruit.jpg,crisp_on_creek_fruit_veg_images,/category/fruit,https://crisponcreek.com.au/lines/kiwi-fruit-kg,https://dtgxwmigmg3gc.cloudfront.net/imagery/assets/derivations/icon/256/256/true/eyJpZCI6IjA2NWZkYjRmNWQ4Y2Q1ODYwMmU0MDQyMGZjZGUxZTNjIiwic3RvcmFnZSI6InB1YmxpY19zdG9yZSJ9?signature=2fb9cad27df2baa76cc868cefe962bf1935e86e0e7ce6854359b2802466c818d
Kiwi Fruit Gold,Kiwi_Fruit_Gold.jpg,crisp_on_creek_fruit_veg_images,/category/fruit,https://crisponcreek.com.au/lines/kiwi-fruit-gold-each,https://dtgxwmigmg3gc.cloudfront.net/imagery/assets/derivations/icon/256/256/true/eyJpZCI6Ijg1MzJjYzIwMjY0MmIwY2IyMjI0N2IxOGYyYmFiMDFkIiwic3RvcmFnZSI6InB1YmxpY19zdG9yZSJ9?signature=e874087bcc350fffe2a61456e00933d7cbd523faab81617016447fae2a85553d
Lemons Bagged Net,Lemons_Bagged_Net.jpg,crisp_on_creek_fruit_veg_images,/category/fruit,https://crisponcreek.com.au/lines/lemons-bagged-net-kg,https://dtgxwmigmg3gc.cloudfront.net/imagery/assets/derivations/icon/256/256/true/eyJpZCI6IjQ4ZmJkZDcxYzcyM2M1YjIxNjIyNzFjMTYyMmUwYTdkIiwic3RvcmFnZSI6InB1YmxpY19zdG9yZSJ9?signature=27e142787067e033fcec91b6c154dbd61f8b5f706a3a6f074af4bca8943ede2a
Lemons Fresh,Lemons_Fresh.jpg,crisp_on_creek_fruit_veg_images,/category/fruit,https://crisponcreek.com.au/lines/lemons-fresh-kg,https://dtgxwmigmg3gc.cloudfront.net/imagery/assets/derivations/icon/256/256/true/eyJpZCI6IjNkZjFkZWMzMmRlMTExZTY3MWY5ZDBjN2ZhMzQ5NGZhIiwic3RvcmFnZSI6InB1YmxpY19zdG9yZSJ9?signature=3944011c5f0ebde911e5127b9ace85ff58e0e10a384ce2a575d0024fb7d9b098
Lime Net Bag 6pk,Lime_Net_Bag_6pk.jpg,crisp_on_creek_fruit_veg_images,/category/fruit,https://crisponcreek.com.au/lines/lime-net-bag-6pk,https://dtgxwmigmg3gc.cloudfront.net/imagery/assets/derivations/icon/256/256/true/eyJpZCI6IjgyMTFlMjA2ZWEzYTkwYzI0MTEwYWVmYmMyMjM3NWEyIiwic3RvcmFnZSI6InB1YmxpY19zdG9yZSJ9?signature=526060bb76a419128eb89a12aab3cb5536c5ad00102a783db2e7d408a9aceeaa
Limes,Limes.jpg,crisp_on_creek_fruit_veg_images,/category/fruit,https://crisponcreek.com.au/lines/limes-each,https://dtgxwmigmg3gc.cloudfront.net/imagery/assets/derivations/icon/256/256/true/eyJpZCI6IjgyMTFlMjA2ZWEzYTkwYzI0MTEwYWVmYmMyMjM3NWEyIiwic3RvcmFnZSI6InB1YmxpY19zdG9yZSJ9?signature=526060bb76a419128eb89a12aab3cb5536c5ad00102a783db2e7d408a9aceeaa
Mandarines Afrourer,Mandarines_Afrourer.jpg,crisp_on_creek_fruit_veg_images,/category/fruit,https://crisponcreek.com.au/lines/mandarines-afrourer-kg,https://dtgxwmigmg3gc.cloudfront.net/imagery/assets/derivations/icon/256/256/true/eyJpZCI6ImVkYTdhNmU0MTY2YzgzYzU0YjgyNTAyOThlOGFkZTZiIiwic3RvcmFnZSI6InB1YmxpY19zdG9yZSJ9?signature=e4a7e4c9b0fc3cf25e3d0a6999961eff4b053cda827356bd1e4c70df709c21f1
Mandarines Empress,Mandarines_Empress.jpg,crisp_on_creek_fruit_veg_images,/category/fruit,https://crisponcreek.com.au/lines/mandarines-empress-kg,https://dtgxwmigmg3gc.cloudfront.net/imagery/assets/derivations/icon/256/256/true/eyJpZCI6IjUzMjhmNTk4NmUxMmRlMWZiOTEzZTBhMmYzYmExOTQ5Iiwic3RvcmFnZSI6InB1YmxpY19zdG9yZSJ9?signature=160df2381b19fba17a1df91c040b74e9f74beca61d8d14f23e37c7de04b26153
Mandarines Green Bucket,Mandarines_Green_Bucket.jpg,crisp_on_creek_fruit_veg_images,/category/fruit,https://crisponcreek.com.au/lines/mandarines-green-bucket-per-kg,https://dtgxwmigmg3gc.cloudfront.net/assets/no_image-2b66f888b650d4eb5136f9481a1bdba1f2c918331eba4030b603d2b62792e499.png
Mandarines Murcot,Mandarines_Murcot.jpg,crisp_on_creek_fruit_veg_images,/category/fruit,https://crisponcreek.com.au/lines/mandarines-murcot-kg,https://dtgxwmigmg3gc.cloudfront.net/imagery/assets/derivations/icon/256/256/true/eyJpZCI6IjRiODIyNTIzYjJjNWM4MTMyNjExOTYyMmY5NzlkMWM1Iiwic3RvcmFnZSI6InB1YmxpY19zdG9yZSJ9?signature=3afa144eedfc796eccd6b00908e04f5cf604ece781492598dbe34161677caf6c
Melon Honey Dew,Melon_Honey_Dew.jpg,crisp_on_creek_fruit_veg_images,/category/fruit,https://crisponcreek.com.au/lines/melon-honey-dew-ea,https://dtgxwmigmg3gc.cloudfront.net/imagery/assets/derivations/icon/256/256/true/eyJpZCI6ImFjODJkNTZmYzRlNDlhZDQxYTZiZDJiNDUxYTU5MTA3Iiwic3RvcmFnZSI6InB1YmxpY19zdG9yZSJ9?signature=c959a10023a9db741617957e4ec58be64a90d1bb799562e06f4e7a17b9a360a8
Navel Orange,Navel_Orange.jpg,crisp_on_creek_fruit_veg_images,/category/fruit,https://crisponcreek.com.au/lines/navel-orange-kg,https://dtgxwmigmg3gc.cloudfront.net/imagery/assets/derivations/icon/256/256/true/eyJpZCI6ImRlYTRjMDNhMTkxOWNkMjQ0ZTcyY2UwYmIyZDFiYzE0Iiwic3RvcmFnZSI6InB1YmxpY19zdG9yZSJ9?signature=fb32cfa8dcaecd414624ed36254c72407b1ec2e18b5595ee321d1108a05e23b2
Nectarine,Nectarine.jpg,crisp_on_creek_fruit_veg_images,/category/fruit,https://crisponcreek.com.au/lines/nectarine-kg,https://dtgxwmigmg3gc.cloudfront.net/imagery/assets/derivations/icon/256/256/true/eyJpZCI6ImNhNzIyYWQwYzg3YTAyZGJiMzNjOWQxYmYzYTIxMWI1Iiwic3RvcmFnZSI6InB1YmxpY19zdG9yZSJ9?signature=93c0d7259ecbec52baedd4b80ad5bd4f8da24d6c76318484c29916f6cfc4c321
Nectarine White,Nectarine_White.jpg,crisp_on_creek_fruit_veg_images,/category/fruit,https://crisponcreek.com.au/lines/nectarine-white-kg,https://dtgxwmigmg3gc.cloudfront.net/imagery/assets/derivations/icon/256/256/true/eyJpZCI6Ijg5ZGM2YWViNWIyZjhlNTdkYzYyZDgzODMyOTcwZGNlIiwic3RvcmFnZSI6InB1YmxpY19zdG9yZSJ9?signature=d692efe75965c6e9f07615f62c486cd50b291ca720fe4085ca792529830c5ef3
Nectarines Green Bucket Kg,Nectarines_Green_Bucket_Kg.jpg,crisp_on_creek_fruit_veg_images,/category/fruit,https://crisponcreek.com.au/lines/nectarines-green-bucket-kg,https://dtgxwmigmg3gc.cloudfront.net/assets/no_image-2b66f888b650d4eb5136f9481a1bdba1f2c918331eba4030b603d2b62792e499.png
Orange Candy Melon Whole,Orange_Candy_Melon_Whole.jpg,crisp_on_creek_fruit_veg_images,/category/fruit,https://crisponcreek.com.au/lines/orange-candy-melon-whole,https://dtgxwmigmg3gc.cloudfront.net/assets/no_image-2b66f888b650d4eb5136f9481a1bdba1f2c918331eba4030b603d2b62792e499.png
Oranges Valencia,Oranges_Valencia.jpg,crisp_on_creek_fruit_veg_images,/category/fruit,https://crisponcreek.com.au/lines/oranges-valencia-kg,https://dtgxwmigmg3gc.cloudfront.net/imagery/assets/derivations/icon/256/256/true/eyJpZCI6IjA3MDdjMjViYzdjM2M2OTVkZDk4MDA2NjVlYWNhNzk4Iiwic3RvcmFnZSI6InB1YmxpY19zdG9yZSJ9?signature=1dc1d3a1d5c00c49be0edf5327e18b75be95b5b2853699ad9a09afd22c5f5e52
Passionfruit,Passionfruit.jpg,crisp_on_creek_fruit_veg_images,/category/fruit,https://crisponcreek.com.au/lines/passionfruit-ea,https://dtgxwmigmg3gc.cloudfront.net/imagery/assets/derivations/icon/256/256/true/eyJpZCI6IjgzNDk0N2EwYWEzNTI3MTUyNjhhMWVlNDJjNTIyNjZjIiwic3RvcmFnZSI6InB1YmxpY19zdG9yZSJ9?signature=fa5714fc9b4674156752e766daa95c38a0ac95822d1faf2f6052aca2168317c7
Paw Paw Green,Paw_Paw_Green.jpg,crisp_on_creek_fruit_veg_images,/category/fruit,https://crisponcreek.com.au/lines/paw-paw-green-kg,https://dtgxwmigmg3gc.cloudfront.net/imagery/assets/derivations/icon/256/256/true/eyJpZCI6IjVmNGM1NWExYzNiZmY5Y2ZkYmI2NzljYmVmMjljZDE3Iiwic3RvcmFnZSI6InB1YmxpY19zdG9yZSJ9?signature=7df9e612e345f5725839c02a25327103ccbdeb72f02bcbd1e8bb25a9b0ca31f2
Paw Paw Red,Paw_Paw_Red.jpg,crisp_on_creek_fruit_veg_images,/category/fruit,https://crisponcreek.com.au/lines/paw-paw-red-kg,https://dtgxwmigmg3gc.cloudfront.net/imagery/assets/derivations/icon/256/256/true/eyJpZCI6IjRmNGI5ZDI5Njk2MmMxNzIwNzAxMWMyYzEwZjhiODFkIiwic3RvcmFnZSI6InB1YmxpY19zdG9yZSJ9?signature=2ddb4947df9d86c87cee5a4cd9e4f0a5d04711e2bf9a275f77a282babb580d31
Peach Green Bucket,Peach_Green_Bucket.jpg,crisp_on_creek_fruit_veg_images,/category/fruit,https://crisponcreek.com.au/lines/peach-green-bucket-kg,https://dtgxwmigmg3gc.cloudfront.net/imagery/assets/derivations/icon/256/256/true/eyJpZCI6IjRkYTViNjFhYmU5MmM4NTIwYjQyNjUyOGMyY2E3ZGJlIiwic3RvcmFnZSI6InB1YmxpY19zdG9yZSJ9?signature=329f2b04397d36a73d58a21433f27887181d5f50ea88e0618be36a4fd21ec96e
Peach White,Peach_White.jpg,crisp_on_creek_fruit_veg_images,/category/fruit,https://crisponcreek.com.au/lines/peach-white-kg,https://dtgxwmigmg3gc.cloudfront.net/imagery/assets/derivations/icon/256/256/true/eyJpZCI6ImQyYmUyOWIyNmE4YjNlMWM2OGU3YjViZGMxNDRiZjBiIiwic3RvcmFnZSI6InB1YmxpY19zdG9yZSJ9?signature=1e1691ccfe82cfd0dafb0c8bd1c17c8229ea8b3bf3b039539ef6ea46d1565439
Peach Yellow,Peach_Yellow.jpg,crisp_on_creek_fruit_veg_images,/category/fruit,https://crisponcreek.com.au/lines/peach-yellow-kg,https://dtgxwmigmg3gc.cloudfront.net/imagery/assets/derivations/icon/256/256/true/eyJpZCI6IjkyNDQwMTdmMjdlZGFlNDk4MDhmMDVmODFlYjUyNjI1Iiwic3RvcmFnZSI6InB1YmxpY19zdG9yZSJ9?signature=8f72f161f8b69a1e301e0684901c91e215b8f50a553a6b0e2c525f8281f0f8f3
Pear Nashi,Pear_Nashi.jpg,crisp_on_creek_fruit_veg_images,/category/fruit,https://crisponcreek.com.au/lines/pear-nashi-ea,https://dtgxwmigmg3gc.cloudfront.net/imagery/assets/derivations/icon/256/256/true/eyJpZCI6IjkyZTVkNWZlOWJmOTc0YWI3M2ZkYWI5OTIyMGEyODIxIiwic3RvcmFnZSI6InB1YmxpY19zdG9yZSJ9?signature=5e7f538d585d0c78721369ad9b626247dbb2a4228925b93d044e49ba1c0582e8
Pears Corella,Pears_Corella.jpg,crisp_on_creek_fruit_veg_images,/category/fruit,https://crisponcreek.com.au/lines/pears-corella-kg,https://dtgxwmigmg3gc.cloudfront.net/imagery/assets/derivations/icon/256/256/true/eyJpZCI6IjhhYTYyM2M0Yzg2YTU3MTg0YzRhNmFhMzE3MjE3NWJkIiwic3RvcmFnZSI6InB1YmxpY19zdG9yZSJ9?signature=3ece5e40d334543b096fcdaf04f42fca825275bbb0557bdd8adb4051b970efc9
Pears Green Bag,Pears_Green_Bag.jpg,crisp_on_creek_fruit_veg_images,/category/fruit,https://crisponcreek.com.au/lines/pears-green-bag-1kg,https://dtgxwmigmg3gc.cloudfront.net/imagery/assets/derivations/icon/256/256/true/eyJpZCI6IjFkYzcxYWFhNDQ4MTg3NDE4NzdkNmE0YjVlNzUyNjcyIiwic3RvcmFnZSI6InB1YmxpY19zdG9yZSJ9?signature=e81e3a170786e0cb7a728ce4aee95120aa17e46cd19d0ddc8b6095d932ab49be
Pears Packham,Pears_Packham.jpg,crisp_on_creek_fruit_veg_images,/category/fruit,https://crisponcreek.com.au/lines/pears-packham-kg,https://dtgxwmigmg3gc.cloudfront.net/imagery/assets/derivations/icon/256/256/true/eyJpZCI6IjhhZDRhYWIwMDI4MjRjNDExODVmN2JkMWFlYmRlNGJjIiwic3RvcmFnZSI6InB1YmxpY19zdG9yZSJ9?signature=0ffc88e51627ead357c495d25b4aa7343bbba357afff12e09c8bb0a9c802c8c4
Pears William,Pears_William.jpg,crisp_on_creek_fruit_veg_images,/category/fruit,https://crisponcreek.com.au/lines/pears-william-kg,https://dtgxwmigmg3gc.cloudfront.net/imagery/assets/derivations/icon/256/256/true/eyJpZCI6IjI1ZDVkNmZlOTNmM2I4YzIyYjFmZTJlZTE1ZWNkZDM0Iiwic3RvcmFnZSI6InB1YmxpY19zdG9yZSJ9?signature=07b859c8ba541daab3655a8f22ae82a74c760669bf2d0127ecf124df971c5218
Persimmon,Persimmon.jpg,crisp_on_creek_fruit_veg_images,/category/fruit,https://crisponcreek.com.au/lines/persimmon-kg,https://dtgxwmigmg3gc.cloudfront.net/imagery/assets/derivations/icon/256/256/true/eyJpZCI6ImI5NDNkZTYzOWFiYjU3MjE4NmYwNWIxMGE3Y2Y5NzA4Iiwic3RvcmFnZSI6InB1YmxpY19zdG9yZSJ9?signature=9460086a02263d752216ee2ce884fb43e567e5c78cc4700119a2ad945abe8977
Pineapple Extra Large,Pineapple_Extra_Large.jpg,crisp_on_creek_fruit_veg_images,/category/fruit,https://crisponcreek.com.au/lines/pineapple-extra-large,https://dtgxwmigmg3gc.cloudfront.net/imagery/assets/derivations/icon/256/256/true/eyJpZCI6IjQ3MjUzZmJhMDE2MjM4NzIxYzYyNDk4NWU5ZTJmYWRjIiwic3RvcmFnZSI6InB1YmxpY19zdG9yZSJ9?signature=7e60848360186d9c8db0bc08bb062cb2e79058f923d78aa0a4ac5d7e845b2da2
Pineapple Smooth Small,Pineapple_Smooth_Small.jpg,crisp_on_creek_fruit_veg_images,/category/fruit,https://crisponcreek.com.au/lines/pineapple-smooth-small,https://dtgxwmigmg3gc.cloudfront.net/imagery/assets/derivations/icon/256/256/true/eyJpZCI6ImQwN2YzNDc1ZDAyZmU2ZTBlZmYwMjM1MzJkMGJhZmQ3Iiwic3RvcmFnZSI6InB1YmxpY19zdG9yZSJ9?signature=73c8d3f6a3c87ef93cffbe078a8b9c839b4aee742f55a6401cf6a0a9d4b64cc5
Pineapple Topless M/Small,Pineapple_Topless_MSmall.jpg,crisp_on_creek_fruit_veg_images,/category/fruit,https://crisponcreek.com.au/lines/pineapple-topless-m-small,https://dtgxwmigmg3gc.cloudfront.net/imagery/assets/derivations/icon/256/256/true/eyJpZCI6ImY4NGJhZGU1ZGE1YzZlM2Y3OTU2MWIyNTQyODQ0MTU0Iiwic3RvcmFnZSI6InB1YmxpY19zdG9yZSJ9?signature=c6be74b7a11eca0c339c4bc084a5f5eff925605d56d0064acb1f90ccb99b97d0
Pink Lady Apple,Pink_Lady_Apple.jpg,crisp_on_creek_fruit_veg_images,/category/fruit,https://crisponcreek.com.au/lines/pink-lady-apple-kg,https://dtgxwmigmg3gc.cloudfront.net/imagery/assets/derivations/icon/256/256/true/eyJpZCI6ImI5NThhOTdhZmM1ZGJmNDBhYjhiZmExYmE1NDEyODk1Iiwic3RvcmFnZSI6InB1YmxpY19zdG9yZSJ9?signature=fd6853f39005c7e69e52d9ff1b7a33b7f2a8afe4f3ffdf52ff6933b789ceaa3f
Plums In Green Bucket,Plums_In_Green_Bucket.jpg,crisp_on_creek_fruit_veg_images,/category/fruit,https://crisponcreek.com.au/lines/plums-in-green-bucket,https://dtgxwmigmg3gc.cloudfront.net/imagery/assets/derivations/icon/256/256/true/eyJpZCI6ImEwY2M0YzYwNDkwNWM2ZDk5NTY0YzA2OTViOTNjOWZiIiwic3RvcmFnZSI6InB1YmxpY19zdG9yZSJ9?signature=3dd1f147c13ac358ea80756c5d373e2e169073fe57691e26de6046bbb11f9b0c
Plums Sugar,Plums_Sugar.jpg,crisp_on_creek_fruit_veg_images,/category/fruit,https://crisponcreek.com.au/lines/plums-sugar-kg,https://dtgxwmigmg3gc.cloudfront.net/imagery/assets/derivations/icon/256/256/true/eyJpZCI6IjFkZTJiMjNmMjliODRmNjc3MDYxZmEyNGZjN2E1Y2E2Iiwic3RvcmFnZSI6InB1YmxpY19zdG9yZSJ9?signature=96d3b03c16e6859167fbc2163a39746d57f9428b5dc7eccb377716c4258fb82e
Pomegranate,Pomegranate.jpg,crisp_on_creek_fruit_veg_images,/category/fruit,https://crisponcreek.com.au/lines/pomegranate-ea,https://dtgxwmigmg3gc.cloudfront.net/imagery/assets/derivations/icon/256/256/true/eyJpZCI6IjUyYzk3NGMzY2Y1NGFkZDRjYjdlNTU4Mzg5YmYwNzc3Iiwic3RvcmFnZSI6InB1YmxpY19zdG9yZSJ9?signature=2bd33903f9fb7e477329ee72de88273f1d29f4a221bc85e84c3e68f0ab2382ba
Pommelo,Pommelo.jpg,crisp_on_creek_fruit_veg_images,/category/fruit,https://crisponcreek.com.au/lines/pommelo-kg,https://dtgxwmigmg3gc.cloudfront.net/assets/no_image-2b66f888b650d4eb5136f9481a1bdba1f2c918331eba4030b603d2b62792e499.png
Raspberries Punnet,Raspberries_Punnet.jpg,crisp_on_creek_fruit_veg_images,/category/fruit,https://crisponcreek.com.au/lines/punnet-raspberries,https://dtgxwmigmg3gc.cloudfront.net/imagery/assets/derivations/icon/256/256/true/eyJpZCI6ImI2ZWI1YWVlM2ZiODY1OGI2ZmJlYWUyMGYxZTNiMGZmIiwic3RvcmFnZSI6InB1YmxpY19zdG9yZSJ9?signature=c7f3d2ab7326202930f105453ef6874ca9d3e67b5987cb5071c45259368aaf8e
Red Imperial Mandarin,Red_Imperial_Mandarin.jpg,crisp_on_creek_fruit_veg_images,/category/fruit,https://crisponcreek.com.au/lines/red-imperial-mandarin-kg,https://dtgxwmigmg3gc.cloudfront.net/imagery/assets/derivations/icon/256/256/true/eyJpZCI6IjYzZDAwYjNjNGExMDNiZTJlMDI2YWQ4MDZkMzgyZmJlIiwic3RvcmFnZSI6InB1YmxpY19zdG9yZSJ9?signature=637e842b859324af45a297372ca346b70cfa8b3c2ab4d520265ef992ad0e2ee2
Red Plums,Red_Plums.jpg,crisp_on_creek_fruit_veg_images,/category/fruit,https://crisponcreek.com.au/lines/red-plums-kg,https://dtgxwmigmg3gc.cloudfront.net/imagery/assets/derivations/icon/256/256/true/eyJpZCI6IjEzMDIzY2UyNzc3YjU2ZTJlZmY5YmNhNzIxMjdiMzUzIiwic3RvcmFnZSI6InB1YmxpY19zdG9yZSJ9?signature=7148198355cc3bfb16a96911e48380342359467c8d06ec460d09cf1a257db92b
Rico Pear,Rico_Pear.jpg,crisp_on_creek_fruit_veg_images,/category/fruit,https://crisponcreek.com.au/lines/rico-pear-kg,https://dtgxwmigmg3gc.cloudfront.net/assets/no_image-2b66f888b650d4eb5136f9481a1bdba1f2c918331eba4030b603d2b62792e499.png
Rockmelon,Rockmelon.jpg,crisp_on_creek_fruit_veg_images,/category/fruit,https://crisponcreek.com.au/lines/rockmelon-ea,https://dtgxwmigmg3gc.cloudfront.net/imagery/assets/derivations/icon/256/256/true/eyJpZCI6IjAyZDQ1NmQzZWU2YzU5ZWNjMzI3YzdiOWEwODJjMzY4Iiwic3RvcmFnZSI6InB1YmxpY19zdG9yZSJ9?signature=d386f1169f438b6df6fad4ef7c3b07ca2e29187de9b91af9069985b5ea91606d
Sm Royal Gala,Sm_Royal_Gala.jpg,crisp_on_creek_fruit_veg_images,/category/fruit,https://crisponcreek.com.au/lines/sm-royal-gala,https://dtgxwmigmg3gc.cloudfront.net/imagery/assets/derivations/icon/256/256/true/eyJpZCI6IjMwNzhjZDJkYTVmNzVlMDMxYzFlNTBlNzBkMmUwMDg4Iiwic3RvcmFnZSI6InB1YmxpY19zdG9yZSJ9?signature=d402f5aefa6d77f5f2ca301dd773302422fa6cf617414f090e8fe47ebce3eb22
Strawberries,Strawberries.jpg,crisp_on_creek_fruit_veg_images,/category/fruit,https://crisponcreek.com.au/lines/strawberries-250g,https://dtgxwmigmg3gc.cloudfront.net/imagery/assets/derivations/icon/256/256/true/eyJpZCI6IjhkMjBhNGIyYzczZDNhZmM0M2M2ZWQxZmNiMTkyZDQ4Iiwic3RvcmFnZSI6InB1YmxpY19zdG9yZSJ9?signature=1a41f23d17ecea2eb59b088f0fc8d0f17465056f1723962a1bbc5e23ae99c0b0
Strawberries Punnet,Strawberries_Punnet.jpg,crisp_on_creek_fruit_veg_images,/category/fruit,https://crisponcreek.com.au/lines/grn-valley-strawberries-250g,https://dtgxwmigmg3gc.cloudfront.net/imagery/assets/derivations/icon/256/256/true/eyJpZCI6IjZlYjBlZGQ5N2FiMDU2MGU4MzQ2Mjc3YjM2MGE2MzJkIiwic3RvcmFnZSI6InB1YmxpY19zdG9yZSJ9?signature=0b9c9a5e9e16a3869417018e4d97a0cab8d54dc91d473e3c70ad37dfa4ce9461
Tomatoes Green Bag,Tomatoes_Green_Bag.jpg,crisp_on_creek_fruit_veg_images,/category/fruit,https://crisponcreek.com.au/lines/tomatoes-green-bag-per-kg,https://dtgxwmigmg3gc.cloudfront.net/imagery/assets/derivations/icon/256/256/true/eyJpZCI6ImZlOThkNWI4NDQxOWM0OTYyZDhkZjQ0ZDk1MmZkOWFmIiwic3RvcmFnZSI6InB1YmxpY19zdG9yZSJ9?signature=a217a7773c7f8aca97f483b772cde7cd73aa17c1c52809d31bfe6c675b12f3f9
Topless Pineapple,Topless_Pineapple.jpg,crisp_on_creek_fruit_veg_images,/category/fruit,https://crisponcreek.com.au/lines/pine-topless-au-gold,https://dtgxwmigmg3gc.cloudfront.net/imagery/assets/derivations/icon/256/256/true/eyJpZCI6IjlmMzk2YTNiYzUwNGNjMmFhNTQyMzRkMTQ0MzBmNDVlIiwic3RvcmFnZSI6InB1YmxpY19zdG9yZSJ9?signature=2dcecc0f091d76c9ac74a7277125a2c5e8faf9d5f71eac5a788f14e2bbb78e03
Watermelon Seedless Whole,Watermelon_Seedless_Whole.jpg,crisp_on_creek_fruit_veg_images,/category/fruit,https://crisponcreek.com.au/lines/watermelon-seedless-whole-kg,https://dtgxwmigmg3gc.cloudfront.net/imagery/assets/derivations/icon/256/256/true/eyJpZCI6ImJkZjU4OWE2NDdkZTI3ODEzMTNjNDY2NzEzYThmOGQyIiwic3RvcmFnZSI6InB1YmxpY19zdG9yZSJ9?signature=c13e70c416530febb5fd2c6c1287869e8c5d0a1133b2b34e3a8adb679ce96b1c
(S) Capsicum Tray,(S)_Capsicum_Tray.jpg,crisp_on_creek_fruit_veg_images,/category/vegetables,https://crisponcreek.com.au/lines/s-capsicum-tray-kg,https://dtgxwmigmg3gc.cloudfront.net/imagery/assets/derivations/icon/256/256/true/eyJpZCI6IjhlZmYzNDI3MTY2Y2FlMzk2MzY2M2ExNGQ3YmQ1MmU4Iiwic3RvcmFnZSI6InB1YmxpY19zdG9yZSJ9?signature=ec4c2a5bd4befad6cdf8f4cbad25db37a1dea6924a5282e39b7ef24deaec6177
Carrot Bag,Carrot_Bag.jpg,crisp_on_creek_fruit_veg_images,/category/vegetables,https://crisponcreek.com.au/lines/carrot-bag-1kg,https://dtgxwmigmg3gc.cloudfront.net/imagery/assets/derivations/icon/256/256/true/eyJpZCI6IjY2OTQwMWY5Njk2MDU3YWIxYmZhZmIwNTZmODNjOTg2Iiwic3RvcmFnZSI6InB1YmxpY19zdG9yZSJ9?signature=067b357b9b701e1ecacfd72451962a34336fed86c77a1c65b30256a45b7c16c9
(S) Chilli Birds Eye,(S)_Chilli_Birds_Eye.jpg,crisp_on_creek_fruit_veg_images,/category/vegetables,https://crisponcreek.com.au/lines/s-chilli-birds-eye,https://dtgxwmigmg3gc.cloudfront.net/imagery/assets/derivations/icon/256/256/true/eyJpZCI6ImRkNjE5Yzg0ZmEyMjQ2NDk4NjIzMGJiMDM4OGM5MTQwIiwic3RvcmFnZSI6InB1YmxpY19zdG9yZSJ9?signature=6cd80718e6b622e0464382487ca1ed6ea89d8ffa539675dc9db9c61910a5982c
(S) Garlic Australian,(S)_Garlic_Australian.jpg,crisp_on_creek_fruit_veg_images,/category/vegetables,https://crisponcreek.com.au/lines/s-garlic-australian-kg,https://dtgxwmigmg3gc.cloudfront.net/imagery/assets/derivations/icon/256/256/true/eyJpZCI6IjlmMWE4NzE2NzU4NTEzNjc5ZDRkZWU1ZDY0MDk3Y2FhIiwic3RvcmFnZSI6InB1YmxpY19zdG9yZSJ9?signature=e25a7023eb132f1a390df853ef20d85377984e793f291f58816cb4276e654b7a
(S) Kg Fresh Tumeric,(S)_Kg_Fresh_Tumeric.jpg,crisp_on_creek_fruit_veg_images,/category/vegetables,https://crisponcreek.com.au/lines/s-kg-fresh-tumeric,https://dtgxwmigmg3gc.cloudfront.net/imagery/assets/derivations/icon/256/256/true/eyJpZCI6IjBkYjRiZGJmMzQzN2ZiY2FjMGVhZTQ4NTQ1MWZkOWIwIiwic3RvcmFnZSI6InB1YmxpY19zdG9yZSJ9?signature=02f9cf00bac5fad7a3911f7b6b7b59caae478394ed0bf65beb48e113a9f1c984
(S) Kg Hot Green Chilli,(S)_Kg_Hot_Green_Chilli.jpg,crisp_on_creek_fruit_veg_images,/category/vegetables,https://crisponcreek.com.au/lines/s-kg-hot-green-chilli,https://dtgxwmigmg3gc.cloudfront.net/imagery/assets/derivations/icon/256/256/true/eyJpZCI6ImNhZTBkZTljNzdhZjQwOTIxNmUyNGUxNTQ1ZGQ2ZmMwIiwic3RvcmFnZSI6InB1YmxpY19zdG9yZSJ9?signature=6d267688cd9c88b2eb548ee1673392775626ce47df039cf19119615ef04efe25
(S) Kg Jalapeno Chilli,(S)_Kg_Jalapeno_Chilli.jpg,crisp_on_creek_fruit_veg_images,/category/vegetables,https://crisponcreek.com.au/lines/s-kg-jalapeno-chilli,https://dtgxwmigmg3gc.cloudfront.net/imagery/assets/derivations/icon/256/256/true/eyJpZCI6IjMyNzgxMjg1NjkzYjgzM2FkOTVkYzIzZmJmYjhkZjI0Iiwic3RvcmFnZSI6InB1YmxpY19zdG9yZSJ9?signature=a852e3130b716482ba1cee430f6aae82b09aac3cb83e376a9fd988372553ea30
(S) Okra,(S)_Okra.jpg,crisp_on_creek_fruit_veg_images,/category/vegetables,https://crisponcreek.com.au/lines/s-okra-kg,https://dtgxwmigmg3gc.cloudfront.net/imagery/assets/derivations/icon/256/256/true/eyJpZCI6IjY3YjEwNzk1ZGY0M2IxM2JlNGQ3MzNlZWM0MjA0MDg0Iiwic3RvcmFnZSI6InB1YmxpY19zdG9yZSJ9?signature=718851ffe6434d89a0a8916f57972ea5abe2962a2a446c9b3131c5ae4259110a
Brown Onion,Brown_Onion.jpg,crisp_on_creek_fruit_veg_images,/category/vegetables,https://crisponcreek.com.au/lines/brown-onion-10kg,https://dtgxwmigmg3gc.cloudfront.net/imagery/assets/derivations/icon/256/256/true/eyJpZCI6ImUyNWQ1YjZmODVjMTljYmQzNzQyMjI5ZDdiYTgzMzI0Iiwic3RvcmFnZSI6InB1YmxpY19zdG9yZSJ9?signature=90fd724e265f57e492f800bc3a6d6518232c30c92c6342a24196753cfc79a7f8
Red Onion,Red_Onion.jpg,crisp_on_creek_fruit_veg_images,/category/vegetables,https://crisponcreek.com.au/lines/red-onion-10kg,https://dtgxwmigmg3gc.cloudfront.net/imagery/assets/derivations/icon/256/256/true/eyJpZCI6IjkxYWVlODZhMDA0MTE2MWI1Y2FhYzM3NDNhOWZkNDFkIiwic3RvcmFnZSI6InB1YmxpY19zdG9yZSJ9?signature=8ef531675b5623d623b2f30e9a8314c00b80b9f9f28a65212c01c3414d272adb
Alfalfa Sprout Salad,Alfalfa_Sprout_Salad.jpg,crisp_on_creek_fruit_veg_images,/category/vegetables,https://crisponcreek.com.au/lines/alfalfa,https://dtgxwmigmg3gc.cloudfront.net/imagery/assets/derivations/icon/256/256/true/eyJpZCI6IjFkMWM5ODI0Yjk3MzAwMjlkYTE1NmI2ZTQ5NzE3NTg5Iiwic3RvcmFnZSI6InB1YmxpY19zdG9yZSJ9?signature=0e7e2843a0a392229bef67f1afe9d9164470067986a265cd0306524a4c23eb0a
Aniseed/Fennel Each,AniseedFennel_Each.jpg,crisp_on_creek_fruit_veg_images,/category/vegetables,https://crisponcreek.com.au/lines/aniseed-fennel-each,https://dtgxwmigmg3gc.cloudfront.net/assets/no_image-2b66f888b650d4eb5136f9481a1bdba1f2c918331eba4030b603d2b62792e499.png
Asian Vege Bunch,Asian_Vege_Bunch.jpg,crisp_on_creek_fruit_veg_images,/category/vegetables,https://crisponcreek.com.au/lines/asian-vege-bunch,https://dtgxwmigmg3gc.cloudfront.net/assets/no_image-2b66f888b650d4eb5136f9481a1bdba1f2c918331eba4030b603d2b62792e499.png
Asparagus Bunch,Asparagus_Bunch.jpg,crisp_on_creek_fruit_veg_images,/category/vegetables,https://crisponcreek.com.au/lines/asparagus-bunch,https://dtgxwmigmg3gc.cloudfront.net/imagery/assets/derivations/icon/256/256/true/eyJpZCI6ImNhMzA0NGNiMWY2ZDVhNTNiMzI2ZDZhNjBmOGIwNmE0Iiwic3RvcmFnZSI6InB1YmxpY19zdG9yZSJ9?signature=3cc941f0d50c0e8412f109e8da5a5cee656060e1c60d34d542a2382f76db1249
Assorted Lettuce Bags,Assorted_Lettuce_Bags.jpg,crisp_on_creek_fruit_veg_images,/category/vegetables,https://crisponcreek.com.au/lines/assorted-lettuce-bags,https://dtgxwmigmg3gc.cloudfront.net/imagery/assets/derivations/icon/256/256/true/eyJpZCI6Ijk0MDJhNWIxYjJjMTNhNTY5ZDU0OTc4MTQ4ZDQ3NzA2Iiwic3RvcmFnZSI6InB1YmxpY19zdG9yZSJ9?signature=cfc26ef5dfb6a46f4a12a33c70acf543d783a6b6a1813e25a5f1b6364bdb40b8
Baby Cos Lettuce,Baby_Cos_Lettuce.jpg,crisp_on_creek_fruit_veg_images,/category/vegetables,https://crisponcreek.com.au/lines/twin-baby-coss-pkt,https://dtgxwmigmg3gc.cloudfront.net/imagery/assets/derivations/icon/256/256/true/eyJpZCI6ImQ2ZmRiYWNiNWI4YWIyMjUyNTBhYzgyMGY4MjRiNmFlIiwic3RvcmFnZSI6InB1YmxpY19zdG9yZSJ9?signature=94bbb657c90ac3f12b606f27cc83787a526faa7ea81fbc4d5a7fb3004e49ec4c
Beans Fresh,Beans_Fresh.jpg,crisp_on_creek_fruit_veg_images,/category/vegetables,https://crisponcreek.com.au/lines/beans-fresh-kg,https://dtgxwmigmg3gc.cloudfront.net/imagery/assets/derivations/icon/256/256/true/eyJpZCI6IjkxZjg1MzYyZTQ3ZWZmY2E5ZGI3OTM3MTM5YWFjNDEwIiwic3RvcmFnZSI6InB1YmxpY19zdG9yZSJ9?signature=34b751cb00162d74a0994d2ea9b7f45e95bd489a1e2640d6de4a4d6e4265417e
Beetroot,Beetroot.jpg,crisp_on_creek_fruit_veg_images,/category/vegetables,https://crisponcreek.com.au/lines/beetroot-kg,https://dtgxwmigmg3gc.cloudfront.net/imagery/assets/derivations/icon/256/256/true/eyJpZCI6ImU1MWE4NmVjZjY4OTk1NmViOTA1ZTQ5NTE5Zjg0MTljIiwic3RvcmFnZSI6InB1YmxpY19zdG9yZSJ9?signature=41b223528b254e09b2be8d8cac9fe0c151544ec83c06060c018fea4ed479ee92
Broccoli,Broccoli.jpg,crisp_on_creek_fruit_veg_images,/category/vegetables,https://crisponcreek.com.au/lines/broccoli-kg,https://dtgxwmigmg3gc.cloudfront.net/imagery/assets/derivations/icon/256/256/true/eyJpZCI6IjFlNzI3YTViOTMxNDg5ZjMyODQ4ZWMzMjVjMmJmNTgyIiwic3RvcmFnZSI6InB1YmxpY19zdG9yZSJ9?signature=bf238aac513ec5d0a4bd499dbbf91045c42a41fb365c0a1d1d32e49cfe29d542
Broccolini Bunch,Broccolini_Bunch.jpg,crisp_on_creek_fruit_veg_images,/category/vegetables,https://crisponcreek.com.au/lines/broccolini-bunch,https://dtgxwmigmg3gc.cloudfront.net/imagery/assets/derivations/icon/256/256/true/eyJpZCI6IjQwOGY5NmE3Y2Y5N2FmNGQyYTQxNjZmNTYxMmIxZDRiIiwic3RvcmFnZSI6InB1YmxpY19zdG9yZSJ9?signature=b843053e8d522101f15455cf1e27d2c7ad1eea2ee184f60be789cb7a9cabac98
Brocollini,Brocollini.jpg,crisp_on_creek_fruit_veg_images,/category/vegetables,https://crisponcreek.com.au/lines/broccolini-bunch-1,https://dtgxwmigmg3gc.cloudfront.net/imagery/assets/derivations/icon/256/256/true/eyJpZCI6ImM0NzdmZGE2YzYyMWY5YjZmZTk5YjBmNmE5MDE3MmFlIiwic3RvcmFnZSI6InB1YmxpY19zdG9yZSJ9?signature=9e80561e1fa409fa353dd183873970bc40c593075c36ba3693edefdfb279a52e
Brussel Sprouts,Brussel_Sprouts.jpg,crisp_on_creek_fruit_veg_images,/category/vegetables,https://crisponcreek.com.au/lines/brussel-sprouts-kg,https://dtgxwmigmg3gc.cloudfront.net/imagery/assets/derivations/icon/256/256/true/eyJpZCI6ImNkZGM5NTEwYjg2MDZiNTcxNzkwYTliNTc4N2NjZjI1Iiwic3RvcmFnZSI6InB1YmxpY19zdG9yZSJ9?signature=5c19b1252698331bfe5671f662162933e5f4363b5677209f40997a8e298e42ac
Cabbage Chinese,Cabbage_Chinese.jpg,crisp_on_creek_fruit_veg_images,/category/vegetables,https://crisponcreek.com.au/lines/cabbage-chinese-ea,https://dtgxwmigmg3gc.cloudfront.net/imagery/assets/derivations/icon/256/256/true/eyJpZCI6ImNlY2I1ZmI1NTkwOGRlMTg4ZjQwODNjMDkwMjNmMTQ0Iiwic3RvcmFnZSI6InB1YmxpY19zdG9yZSJ9?signature=170367295e1364143fe6c264590b6fa760a071c2a1a5ed67db1a4ee9b7a9a7fb
Cabbage Drum Head,Cabbage_Drum_Head.jpg,crisp_on_creek_fruit_veg_images,/category/vegetables,https://crisponcreek.com.au/lines/cabbage-drum-head-ea,https://dtgxwmigmg3gc.cloudfront.net/imagery/assets/derivations/icon/256/256/true/eyJpZCI6IjZmMzk3MGZmYWFjYTI5MTA0MzEyNGVhZDg1MjJhYTIyIiwic3RvcmFnZSI6InB1YmxpY19zdG9yZSJ9?signature=8e02a57556f17405290fb96074e0b317b6ac0f221e732d9249297c74f315e8c4
Cabbage Red,Cabbage_Red.jpg,crisp_on_creek_fruit_veg_images,/category/vegetables,https://crisponcreek.com.au/lines/cabbage-red-ea,https://dtgxwmigmg3gc.cloudfront.net/imagery/assets/derivations/icon/256/256/true/eyJpZCI6IjFhNTEyMDE4NWE3MzYyNzVhNTE4NmE4NDlhODIyYzllIiwic3RvcmFnZSI6InB1YmxpY19zdG9yZSJ9?signature=be1ab9389d53d6dc1e3fb564c58bd780a075d093e960ee3e4c056c39a1eb37b7
Cabbage Sugarloaf Whole,Cabbage_Sugarloaf_Whole.jpg,crisp_on_creek_fruit_veg_images,/category/vegetables,https://crisponcreek.com.au/lines/cabbage-sugarloaf-whole,https://dtgxwmigmg3gc.cloudfront.net/imagery/assets/derivations/icon/256/256/true/eyJpZCI6ImE2MGJhOTdhNDU5MjE5MzA5ZGFiODI2NzExYmExZjI3Iiwic3RvcmFnZSI6InB1YmxpY19zdG9yZSJ9?signature=1671370e0ff897e8e145a33e1b8516cfb7199b09a23d7d8b108e49db4713cbea
Capscium Yellow,Capscium_Yellow.jpg,crisp_on_creek_fruit_veg_images,/category/vegetables,https://crisponcreek.com.au/lines/capscium-yellow,https://dtgxwmigmg3gc.cloudfront.net/imagery/assets/derivations/icon/256/256/true/eyJpZCI6Ijc5NzdjOTQ0M2UzYmQwODk1NTJhMGEyOGQxZjYyZjdiIiwic3RvcmFnZSI6InB1YmxpY19zdG9yZSJ9?signature=f83d7d5e9dc911f405f7a0647d794d32727ec971be6778a5294671d423a91834
Capsicum Green,Capsicum_Green.jpg,crisp_on_creek_fruit_veg_images,/category/vegetables,https://crisponcreek.com.au/lines/capsicum-green-kg,https://dtgxwmigmg3gc.cloudfront.net/imagery/assets/derivations/icon/256/256/true/eyJpZCI6ImQ1ZDYxYzU0NDZiMzcyODliOTIzMjgxODJmMDIyY2VhIiwic3RvcmFnZSI6InB1YmxpY19zdG9yZSJ9?signature=48ee46340483b59895ebea760b38e5a6cf0d186d3d36dd0abc6bd45d31cd4d1c
Capsicum Red,Capsicum_Red.jpg,crisp_on_creek_fruit_veg_images,/category/vegetables,https://crisponcreek.com.au/lines/capsicum-red-kg,https://dtgxwmigmg3gc.cloudfront.net/imagery/assets/derivations/icon/256/256/true/eyJpZCI6ImU3MTc0ZmIxMTZlNGE3YzI2YjQ2ZDBlODcwODk3YzcxIiwic3RvcmFnZSI6InB1YmxpY19zdG9yZSJ9?signature=f49e9976ce5b0cd231644018df3e0dc8394495404d0b15b2e323191b9486cb74
Carrots,Carrots.jpg,crisp_on_creek_fruit_veg_images,/category/vegetables,https://crisponcreek.com.au/lines/carrots-kg,https://dtgxwmigmg3gc.cloudfront.net/imagery/assets/derivations/icon/256/256/true/eyJpZCI6ImFkNmJlMmZlZmVjOTEwNTVjNmE2MTYwMDY3NTZlZWE0Iiwic3RvcmFnZSI6InB1YmxpY19zdG9yZSJ9?signature=ed66880d8945fdd147e0d56069d88e9934cf7388960a0c0bbc62da61913e202d
Carrots Bag,Carrots_Bag.jpg,crisp_on_creek_fruit_veg_images,/category/vegetables,https://crisponcreek.com.au/lines/carrots-bag,https://dtgxwmigmg3gc.cloudfront.net/imagery/assets/derivations/icon/256/256/true/eyJpZCI6IjI3MTczMjZiMDc2OTczMDQ1ODMxMmI0MTViYjllNzVlIiwic3RvcmFnZSI6InB1YmxpY19zdG9yZSJ9?signature=aa53d2e333abf804037c70e9810b9f0d6b60ffdd5665096afafd6c5ad037d67e
Carrots Snackables,Carrots_Snackables.jpg,crisp_on_creek_fruit_veg_images,/category/vegetables,https://crisponcreek.com.au/lines/snacking-baby-carrots-250g,https://dtgxwmigmg3gc.cloudfront.net/imagery/assets/derivations/icon/256/256/true/eyJpZCI6IjNjNDE4NWI0YmU1ZDBkZDQwNmU0ODBjYWZkZmY5ZTQxIiwic3RvcmFnZSI6InB1YmxpY19zdG9yZSJ9?signature=ad6e5dec0c6257aeafd490e66a66a2058d0abd6cdea853d30d792a670c42b00b
Cauliflower,Cauliflower.jpg,crisp_on_creek_fruit_veg_images,/category/vegetables,https://crisponcreek.com.au/lines/cauliflower-ea,https://dtgxwmigmg3gc.cloudfront.net/imagery/assets/derivations/icon/256/256/true/eyJpZCI6IjU3MTdmZjZmZWFiNjZjMzcyYTJhMjJkYjE3OWNlODUxIiwic3RvcmFnZSI6InB1YmxpY19zdG9yZSJ9?signature=74832481c1f109639060431b75467beabd36ef45b9b91d3de255a676afe9f0a4
Celery,Celery.jpg,crisp_on_creek_fruit_veg_images,/category/vegetables,https://crisponcreek.com.au/lines/celery,https://dtgxwmigmg3gc.cloudfront.net/imagery/assets/derivations/icon/256/256/true/eyJpZCI6ImRkOTQwYWM5NjJhNGRkNmQ0MGZjMmVmOTA3N2I4N2ZiIiwic3RvcmFnZSI6InB1YmxpY19zdG9yZSJ9?signature=52d6666b2f0406302649f8e726e91647ae4fc05680072ab5b12d926ae47dabae
Chilli Sweet,Chilli_Sweet.jpg,crisp_on_creek_fruit_veg_images,/category/vegetables,https://crisponcreek.com.au/lines/chilli-sweet-kg,https://dtgxwmigmg3gc.cloudfront.net/imagery/assets/derivations/icon/256/256/true/eyJpZCI6IjFhNDFiMWE5ZGExOTUyN2VkNTNjNjM2OTFlNzhmNTY5Iiwic3RvcmFnZSI6InB1YmxpY19zdG9yZSJ9?signature=0a30ddb1a13df35b585dc4cc934603b93881f00ce17d4efb1f5f599f7f0757a3
Chokoes,Chokoes.jpg,crisp_on_creek_fruit_veg_images,/category/vegetables,https://crisponcreek.com.au/lines/chokoes-kg,https://dtgxwmigmg3gc.cloudfront.net/imagery/assets/derivations/icon/256/256/true/eyJpZCI6ImY0OWE4ZmY0NGQ4NjdiYmY2MWM5M2RiODQ1N2VlZDVjIiwic3RvcmFnZSI6InB1YmxpY19zdG9yZSJ9?signature=6b61b7d48a0d24a8bbf76c3e8e455c2a98a1faa9c154d795268a80d6ca3a899b
Corn Each,Corn_Each.jpg,crisp_on_creek_fruit_veg_images,/category/vegetables,https://crisponcreek.com.au/lines/corn-each,https://dtgxwmigmg3gc.cloudfront.net/imagery/assets/derivations/icon/256/256/true/eyJpZCI6IjU1OGJiMzgzYmQ1ODRhZGQzN2E3NjkwZjg3NDE0ZmQ2Iiwic3RvcmFnZSI6InB1YmxpY19zdG9yZSJ9?signature=1366060cad87f64e6d5e70c4369dd9c59bde681c98b7273783555247513986c4
Cucumber Bucket,Cucumber_Bucket.jpg,crisp_on_creek_fruit_veg_images,/category/vegetables,https://crisponcreek.com.au/lines/cucumber-bucket,https://dtgxwmigmg3gc.cloudfront.net/imagery/assets/derivations/icon/256/256/true/eyJpZCI6IjY2NjFiOTEyNDJmOTJhYWM0Mzc5YjUzZDA3ZjJkMDc0Iiwic3RvcmFnZSI6InB1YmxpY19zdG9yZSJ9?signature=968de0c3ec8077b9b922c1644549596cde8de9c08e45bd38fc8b3c033f4488bd
Cucumber Continental,Cucumber_Continental.jpg,crisp_on_creek_fruit_veg_images,/category/vegetables,https://crisponcreek.com.au/lines/cucumber-continental-ea,https://dtgxwmigmg3gc.cloudfront.net/imagery/assets/derivations/icon/256/256/true/eyJpZCI6ImM3ZWFjMTM0OTc0NzExN2I1NzRkNTAyYTBmYjdkNGYzIiwic3RvcmFnZSI6InB1YmxpY19zdG9yZSJ9?signature=a2301cb69dca895313e908a80e921c088738afc31e84b660f786da832525cc27
Cucumber Lebanese,Cucumber_Lebanese.jpg,crisp_on_creek_fruit_veg_images,/category/vegetables,https://crisponcreek.com.au/lines/cucumber-lebanese-kg,https://dtgxwmigmg3gc.cloudfront.net/imagery/assets/derivations/icon/256/256/true/eyJpZCI6ImRmZjhkMTIxOTY1ODg5MGViMmI2NjZkNzY5NzMwYTE2Iiwic3RvcmFnZSI6InB1YmxpY19zdG9yZSJ9?signature=74b3c6ac1a1df6cd6c2ed789dcf543f7f150d9ca350d3dd8ec112d5f028c35ff
Eggplant,Eggplant.jpg,crisp_on_creek_fruit_veg_images,/category/vegetables,https://crisponcreek.com.au/lines/eggplant-kg,https://dtgxwmigmg3gc.cloudfront.net/imagery/assets/derivations/icon/256/256/true/eyJpZCI6IjMxZjM1YjIwNGZkMWQxNTQzNWEwOTExOWJmNzM1YzVhIiwic3RvcmFnZSI6InB1YmxpY19zdG9yZSJ9?signature=cf4bb9ce014ac190c598aeded46b061b99ea2ae0f721ad16727244168c43b551
Eggplant Baby,Eggplant_Baby.jpg,crisp_on_creek_fruit_veg_images,/category/vegetables,https://crisponcreek.com.au/lines/eggplant-baby-kg,https://dtgxwmigmg3gc.cloudfront.net/imagery/assets/derivations/icon/256/256/true/eyJpZCI6IjgwNzhlZGM1MTg3MWIzYTJhYmZkZDUwNWQzM2I3MGI1Iiwic3RvcmFnZSI6InB1YmxpY19zdG9yZSJ9?signature=a2daf2493bd27b303f50d39b83985917fec9431ece1ec6d98bf6230c0173c442
Eshallots Bunch,Eshallots_Bunch.jpg,crisp_on_creek_fruit_veg_images,/category/vegetables,https://crisponcreek.com.au/lines/eshallots-bunch,https://dtgxwmigmg3gc.cloudfront.net/imagery/assets/derivations/icon/256/256/true/eyJpZCI6IjEyY2RkMzhmZjQ1ODdlOGZlOTY4ODkyNjU0ZmIwODM4Iiwic3RvcmFnZSI6InB1YmxpY19zdG9yZSJ9?signature=c126accf1f1a7b9703a5add7a82eef3ae4695c55b411ed2b1b37f60a4e7274ea
Garlic,Garlic.jpg,crisp_on_creek_fruit_veg_images,/category/vegetables,https://crisponcreek.com.au/lines/garlic-kg,https://dtgxwmigmg3gc.cloudfront.net/imagery/assets/derivations/icon/256/256/true/eyJpZCI6IjJlZTJiYTk1NGNlNTRhZGU3ZjJmZGNiMzk4ZjNiYTgyIiwic3RvcmFnZSI6InB1YmxpY19zdG9yZSJ9?signature=b745dbba1a5c5576bccbd98a51e67352d1bc18be3763b8d88bdc23c0cfa5238f
Garlic Bag,Garlic_Bag.jpg,crisp_on_creek_fruit_veg_images,/category/vegetables,https://crisponcreek.com.au/lines/garlic-bag,https://dtgxwmigmg3gc.cloudfront.net/imagery/assets/derivations/icon/256/256/true/eyJpZCI6IjNiZTdmZGU0NzY2OTE1MjhiYzcwMjY3NzhiZDhjNDc5LmpwZyIsInN0b3JhZ2UiOiJwdWJsaWNfc3RvcmUifQ?signature=9aecafd29161be4b115e7eeb79a2773805da760326bc280c3672e13ea6ca524e
Ginger,Ginger.jpg,crisp_on_creek_fruit_veg_images,/category/vegetables,https://crisponcreek.com.au/lines/ginger-kg,https://dtgxwmigmg3gc.cloudfront.net/imagery/assets/derivations/icon/256/256/true/eyJpZCI6ImVkOTQ4YWUxZGNmMzdkNDYyZGQ3OWU5MTgwZTQ0YTU1Iiwic3RvcmFnZSI6InB1YmxpY19zdG9yZSJ9?signature=94702efe639ca285b1c332adb27e17521517c39c824655979407d1c3856e1317
Grape Tomatoes,Grape_Tomatoes.jpg,crisp_on_creek_fruit_veg_images,/category/vegetables,https://crisponcreek.com.au/lines/tomatoes-grape-red-250g,https://dtgxwmigmg3gc.cloudfront.net/imagery/assets/derivations/icon/256/256/true/eyJpZCI6IjIzZmVlY2ViOTgxM2Q4ODY5MWJkNWVkMDhmYzFkNThlIiwic3RvcmFnZSI6InB1YmxpY19zdG9yZSJ9?signature=f6debd1ab677f66deff8559cd8cdd079b62e6ed0900cd188d31eb1042ae32032
Jap Pumpkin Outside,Jap_Pumpkin_Outside.jpg,crisp_on_creek_fruit_veg_images,/category/vegetables,https://crisponcreek.com.au/lines/jap-pumpkin-outside-kg,https://dtgxwmigmg3gc.cloudfront.net/imagery/assets/derivations/icon/256/256/true/eyJpZCI6IjQyYzcxNGE0ZGUyYzM1Nzc2ZDU5NDY5MjI4NzU0ZmM0Iiwic3RvcmFnZSI6InB1YmxpY19zdG9yZSJ9?signature=745866c4e6b2eaf7a3d675b717f21b4a42248fef07dc11c9734838e07097a373
Kale Bunch,Kale_Bunch.jpg,crisp_on_creek_fruit_veg_images,/category/vegetables,https://crisponcreek.com.au/lines/kale-bunch,https://dtgxwmigmg3gc.cloudfront.net/imagery/assets/derivations/icon/256/256/true/eyJpZCI6IjJjZTBkZDJmZDFjNTkwY2YwOWIzYTBmNjUwYzc1ZjJhIiwic3RvcmFnZSI6InB1YmxpY19zdG9yZSJ9?signature=60ad7fddc4512f99221ed924cd67a8765ad753a953e44c48a5bdcb87434f92c0
Leek Bunch,Leek_Bunch.jpg,crisp_on_creek_fruit_veg_images,/category/vegetables,https://crisponcreek.com.au/lines/leek-bunch,https://dtgxwmigmg3gc.cloudfront.net/imagery/assets/derivations/icon/256/256/true/eyJpZCI6ImY0ZDE2NzJlZjNmMjAzYTcwNDFmMWUzOTQ3NzFhYjJmIiwic3RvcmFnZSI6InB1YmxpY19zdG9yZSJ9?signature=2412bb93c47f1d35e820a7c8c28eb7dbdbb7a6746cd372cfd856fc980b12383b
Lettuce Cos,Lettuce_Cos.jpg,crisp_on_creek_fruit_veg_images,/category/vegetables,https://crisponcreek.com.au/lines/lettuce-cos-each,https://dtgxwmigmg3gc.cloudfront.net/imagery/assets/derivations/icon/256/256/true/eyJpZCI6IjBjNjhhZjcxYzAxN2ViMjY4MzIxN2JjN2Q2OTVkMjIxIiwic3RvcmFnZSI6InB1YmxpY19zdG9yZSJ9?signature=39beec51f5932d81377c3917fe510ea0d6aec84c83008d814ce1197bd6e781fb
Lettuce Fancy,Lettuce_Fancy.jpg,crisp_on_creek_fruit_veg_images,/category/vegetables,https://crisponcreek.com.au/lines/lettuce-fancy-ea,https://dtgxwmigmg3gc.cloudfront.net/imagery/assets/derivations/icon/256/256/true/eyJpZCI6Ijk0MDJhNWIxYjJjMTNhNTY5ZDU0OTc4MTQ4ZDQ3NzA2Iiwic3RvcmFnZSI6InB1YmxpY19zdG9yZSJ9?signature=cfc26ef5dfb6a46f4a12a33c70acf543d783a6b6a1813e25a5f1b6364bdb40b8
Lettuce Iceberg,Lettuce_Iceberg.jpg,crisp_on_creek_fruit_veg_images,/category/vegetables,https://crisponcreek.com.au/lines/lettuce-iceberg-ea,https://dtgxwmigmg3gc.cloudfront.net/imagery/assets/derivations/icon/256/256/true/eyJpZCI6IjkxZDUzY2NjNDNjMDQ1YThiNDBlYzIyOTRmNTRiOWZmIiwic3RvcmFnZSI6InB1YmxpY19zdG9yZSJ9?signature=ed4beaa3a3e7fbc3f73f7cfb0e8ba2ce837bc302758c7775f9af0c9efe189560
Love Beets Beetroot Baby,Love_Beets_Beetroot_Baby.jpg,crisp_on_creek_fruit_veg_images,/category/vegetables,https://crisponcreek.com.au/lines/baby-beetroot,https://dtgxwmigmg3gc.cloudfront.net/imagery/assets/derivations/icon/256/256/true/eyJpZCI6IjliYmJhMWI1Njc1NjAxZmEyNGE5MmRmMDk0ZTEwNzIxIiwic3RvcmFnZSI6InB1YmxpY19zdG9yZSJ9?signature=351421bc3333cbe64ea93a47b836f3ad4f03e8e798c6f592477ebdc1cccf2016
Mushroom Cups,Mushroom_Cups.jpg,crisp_on_creek_fruit_veg_images,/category/vegetables,https://crisponcreek.com.au/lines/mushroom-cups-kg,https://dtgxwmigmg3gc.cloudfront.net/imagery/assets/derivations/icon/256/256/true/eyJpZCI6IjJlZmU5ODYyNTk1YzgwYTRhNWYxMTE1YjNhNGY5NzJlIiwic3RvcmFnZSI6InB1YmxpY19zdG9yZSJ9?signature=2b973bed3bb44cfc28722ae669c1df482551e2631e34a7081487210189929b07
Mushroom Flat,Mushroom_Flat.jpg,crisp_on_creek_fruit_veg_images,/category/vegetables,https://crisponcreek.com.au/lines/mushroom-flat-kg,https://dtgxwmigmg3gc.cloudfront.net/imagery/assets/derivations/icon/256/256/true/eyJpZCI6IjFkMzg2NWYyOTlkYzY4ZTdhMmJmZDI1NjEyZGJlOWY3Iiwic3RvcmFnZSI6InB1YmxpY19zdG9yZSJ9?signature=560a610bd7f9edb3bb4aedf017df63605b6ff0584de7597ca9a7520216087178
Mushroom Swiss Brown,Mushroom_Swiss_Brown.jpg,crisp_on_creek_fruit_veg_images,/category/vegetables,https://crisponcreek.com.au/lines/mushroom-swiss-brown-kg,https://dtgxwmigmg3gc.cloudfront.net/imagery/assets/derivations/icon/256/256/true/eyJpZCI6ImRmYWNhMGZhZWYwZWNjZTU5M2RlYWJmZTFiMjI2YzEwIiwic3RvcmFnZSI6InB1YmxpY19zdG9yZSJ9?signature=9b36a49f0aca7c42fe8a04f23ff8b92fd5ab585ce14739ccdb3d7da0f57ebf87
Mushrooms Field,Mushrooms_Field.jpg,crisp_on_creek_fruit_veg_images,/category/vegetables,https://crisponcreek.com.au/lines/mushrooms-field-400g,https://dtgxwmigmg3gc.cloudfront.net/imagery/assets/derivations/icon/256/256/true/eyJpZCI6IjcxOTI4MzUyOWE3OTAwZjNkOTY4NmZlOWZmNTFmODA0Iiwic3RvcmFnZSI6InB1YmxpY19zdG9yZSJ9?signature=66b9d74ebd7464a7a9d99928e2b0102b261e200d85e52884f6d0831529f1c244
Onion Bag,Onion_Bag.jpg,crisp_on_creek_fruit_veg_images,/category/vegetables,https://crisponcreek.com.au/lines/onion-bag-2kg,https://dtgxwmigmg3gc.cloudfront.net/imagery/assets/derivations/icon/256/256/true/eyJpZCI6ImUyNWQ1YjZmODVjMTljYmQzNzQyMjI5ZDdiYTgzMzI0Iiwic3RvcmFnZSI6InB1YmxpY19zdG9yZSJ9?signature=90fd724e265f57e492f800bc3a6d6518232c30c92c6342a24196753cfc79a7f8
Onions Brown,Onions_Brown.jpg,crisp_on_creek_fruit_veg_images,/category/vegetables,https://crisponcreek.com.au/lines/onions-brown-kg,https://dtgxwmigmg3gc.cloudfront.net/imagery/assets/derivations/icon/256/256/true/eyJpZCI6ImUyNWQ1YjZmODVjMTljYmQzNzQyMjI5ZDdiYTgzMzI0Iiwic3RvcmFnZSI6InB1YmxpY19zdG9yZSJ9?signature=90fd724e265f57e492f800bc3a6d6518232c30c92c6342a24196753cfc79a7f8
Onions Pickling Bag,Onions_Pickling_Bag.jpg,crisp_on_creek_fruit_veg_images,/category/vegetables,https://crisponcreek.com.au/lines/onions-pickling-bag-1kg,https://dtgxwmigmg3gc.cloudfront.net/imagery/assets/derivations/icon/256/256/true/eyJpZCI6IjA5OTA0MDVhZWRlNTU1ZTFhNzYzOTIxYjFjZWIwNjdhIiwic3RvcmFnZSI6InB1YmxpY19zdG9yZSJ9?signature=fa98dbcd3753349f0a42c575e2e678904348d98601c4f789a3643638d6cd0a9e
Onions Salad/Spanish,Onions_SaladSpanish.jpg,crisp_on_creek_fruit_veg_images,/category/vegetables,https://crisponcreek.com.au/lines/onions-salad-spanish-kg,https://dtgxwmigmg3gc.cloudfront.net/imagery/assets/derivations/icon/256/256/true/eyJpZCI6IjFlY2E5OWU3OGIzZmMwMGM2OTI3MWY5NjBlNTkwMDQzIiwic3RvcmFnZSI6InB1YmxpY19zdG9yZSJ9?signature=c13aba84cd6fe0e9c24e67681585d4ad37a52b529a6e4f3aa7d1443f063da18c
Onions Spanish Bag,Onions_Spanish_Bag.jpg,crisp_on_creek_fruit_veg_images,/category/vegetables,https://crisponcreek.com.au/lines/onions-spanish-bag-1kg,https://dtgxwmigmg3gc.cloudfront.net/imagery/assets/derivations/icon/256/256/true/eyJpZCI6IjkxYWVlODZhMDA0MTE2MWI1Y2FhYzM3NDNhOWZkNDFkIiwic3RvcmFnZSI6InB1YmxpY19zdG9yZSJ9?signature=8ef531675b5623d623b2f30e9a8314c00b80b9f9f28a65212c01c3414d272adb
Onions White,Onions_White.jpg,crisp_on_creek_fruit_veg_images,/category/vegetables,https://crisponcreek.com.au/lines/onions-white-kg,https://dtgxwmigmg3gc.cloudfront.net/imagery/assets/derivations/icon/256/256/true/eyJpZCI6IjEwMjg3NjAwMDFmZDdmYzBjOGNjMjY4ZDljMjRlNjY4Iiwic3RvcmFnZSI6InB1YmxpY19zdG9yZSJ9?signature=73e442df25ecb684e581f2ffd40b9d35995df29b3790a22ae56fb1d9258aa0bb
Outside Butternut Pumpkin,Outside_Butternut_Pumpkin.jpg,crisp_on_creek_fruit_veg_images,/category/vegetables,https://crisponcreek.com.au/lines/outside-butternut-pumpkin,https://dtgxwmigmg3gc.cloudfront.net/imagery/assets/derivations/icon/256/256/true/eyJpZCI6IjI1NTBhNjYwNjA4MzYxMWJhYTE3OWUzYzhhNDBhMGM1Iiwic3RvcmFnZSI6InB1YmxpY19zdG9yZSJ9?signature=06028935e3998bf72ecbb8aa6ef9b356b848625a42b85b948e65d407f9bcba43
Outside Jarra Pumpkin,Outside_Jarra_Pumpkin.jpg,crisp_on_creek_fruit_veg_images,/category/vegetables,https://crisponcreek.com.au/lines/outside-jarra-pumpkin-kg,https://dtgxwmigmg3gc.cloudfront.net/assets/no_image-2b66f888b650d4eb5136f9481a1bdba1f2c918331eba4030b603d2b62792e499.png
Parsnip,Parsnip.jpg,crisp_on_creek_fruit_veg_images,/category/vegetables,https://crisponcreek.com.au/lines/parsnip-kg,https://dtgxwmigmg3gc.cloudfront.net/imagery/assets/derivations/icon/256/256/true/eyJpZCI6ImY1ZmI2MDcwODk4NGM3ZjNkZmIxNDE2NjA3OGEwZjM3Iiwic3RvcmFnZSI6InB1YmxpY19zdG9yZSJ9?signature=6a79757331cc68c9430dc16dda8d7e3c80f90834fda26684a3297d4b3b889665
Potatoes Brushed,Potatoes_Brushed.jpg,crisp_on_creek_fruit_veg_images,/category/vegetables,https://crisponcreek.com.au/lines/potatoes-brushed-kg,https://dtgxwmigmg3gc.cloudfront.net/imagery/assets/derivations/icon/256/256/true/eyJpZCI6IjViYmRlMzdjNDUyNWExN2QzMDA5MmUxMzIxZjJkNjY4Iiwic3RvcmFnZSI6InB1YmxpY19zdG9yZSJ9?signature=51a987e62a6da26d8de53c118ea606ee06bd92792ae719d087adc88fc7f09360
Potatoes Chats Bag,Potatoes_Chats_Bag.jpg,crisp_on_creek_fruit_veg_images,/category/vegetables,https://crisponcreek.com.au/lines/potatoes-chats-bag-1kg,https://dtgxwmigmg3gc.cloudfront.net/imagery/assets/derivations/icon/256/256/true/eyJpZCI6IjliMjZiMTlmODFiYTQ1Y2EwYjBmNTY5YjA0NzBiMzI0Iiwic3RvcmFnZSI6InB1YmxpY19zdG9yZSJ9?signature=f35f0cc279dcfdcd113588ab91e056460fcc8565f37b27027d2202eee84c8caa
Potatoes Dutch,Potatoes_Dutch.jpg,crisp_on_creek_fruit_veg_images,/category/vegetables,https://crisponcreek.com.au/lines/potatoes-dutch-kg,https://dtgxwmigmg3gc.cloudfront.net/imagery/assets/derivations/icon/256/256/true/eyJpZCI6IjIyNTYzMzIzNTNhMTNiNzZmYjgwZTQ5MjBlZDM0Nzk4Iiwic3RvcmFnZSI6InB1YmxpY19zdG9yZSJ9?signature=6521beadee9347bcbcdeaa9577dc8a178dc2f4c377a27b11af86945bc6eb1a01
Potatoes Kipfler,Potatoes_Kipfler.jpg,crisp_on_creek_fruit_veg_images,/category/vegetables,https://crisponcreek.com.au/lines/potatoes-kipfler-kg,https://dtgxwmigmg3gc.cloudfront.net/imagery/assets/derivations/icon/256/256/true/eyJpZCI6IjNiMmM5Y2M4YjA4YTE0NTEwYTVjNzE4MGYxMjA0YTMyIiwic3RvcmFnZSI6InB1YmxpY19zdG9yZSJ9?signature=acf4f39ddc30e99d58a623e208a5e50a87785cd0627cb1ccd08b1797fa419cab
Potatoes Large Sweet Gold,Potatoes_Large_Sweet_Gold.jpg,crisp_on_creek_fruit_veg_images,/category/vegetables,https://crisponcreek.com.au/lines/potatoes-lge-sweet-gold-kg,https://dtgxwmigmg3gc.cloudfront.net/imagery/assets/derivations/icon/256/256/true/eyJpZCI6ImJkNWQzMjcwMzYyZGY0MzQ1YmU1ZTI0MjM2NjJkYmI1Iiwic3RvcmFnZSI6InB1YmxpY19zdG9yZSJ9?signature=e7f1b0bcd32c58f3d54a21f5c39820faa5574c827bb417e8fa9f101af1b2fb08
Potatoes Red Chats Bag,Potatoes_Red_Chats_Bag.jpg,crisp_on_creek_fruit_veg_images,/category/vegetables,https://crisponcreek.com.au/lines/potatoes-red-chats-bag-1kg,https://dtgxwmigmg3gc.cloudfront.net/imagery/assets/derivations/icon/256/256/true/eyJpZCI6ImQ5MGZlN2M3OWIzNTNlNWVhNzczOTRlYjQ3N2Q1Yjc1Iiwic3RvcmFnZSI6InB1YmxpY19zdG9yZSJ9?signature=712194aa78c087d500ede4d3cf97687551b8fcb4144d03a40e03998f34575016
Potatoes Sweet Red,Potatoes_Sweet_Red.jpg,crisp_on_creek_fruit_veg_images,/category/vegetables,https://crisponcreek.com.au/lines/potatoes-sweet-red-kg,https://dtgxwmigmg3gc.cloudfront.net/imagery/assets/derivations/icon/256/256/true/eyJpZCI6IjExYzE0ZTU1ODk3M2JmZjMyYjA3NDUwNzAxNGExMWJmIiwic3RvcmFnZSI6InB1YmxpY19zdG9yZSJ9?signature=1c500d1dd3d6e09c48c14dfe28019db5dcd0aafd047e9dfb7cd625d55ea5156b
Potatoes Sweet White,Potatoes_Sweet_White.jpg,crisp_on_creek_fruit_veg_images,/category/vegetables,https://crisponcreek.com.au/lines/potatoes-sweet-white-kg,https://dtgxwmigmg3gc.cloudfront.net/imagery/assets/derivations/icon/256/256/true/eyJpZCI6ImQyNzU4NjNjODk5ZDJiYWEyMjgzYTlkZTc4ZWQwNmE3Iiwic3RvcmFnZSI6InB1YmxpY19zdG9yZSJ9?signature=0e70b23ec7c0763de979e6f58c26c0db61be8c2a9f5386bf5297970546dd0cb2
Potatoes Washed,Potatoes_Washed.jpg,crisp_on_creek_fruit_veg_images,/category/vegetables,https://crisponcreek.com.au/lines/potatoes-washed-kg,https://dtgxwmigmg3gc.cloudfront.net/imagery/assets/derivations/icon/256/256/true/eyJpZCI6IjZiODIwMDk0YmJkMzQ2MmFhOTBkNzc3NDk1MWEzYWUzIiwic3RvcmFnZSI6InB1YmxpY19zdG9yZSJ9?signature=4ef4821fde4c090e87afb6c6364ceeda137af5cc748ba45a6ac0e87e5a962bbb
Pumpkin Butternut,Pumpkin_Butternut.jpg,crisp_on_creek_fruit_veg_images,/category/vegetables,https://crisponcreek.com.au/lines/pumpkin-butternut-kg,https://dtgxwmigmg3gc.cloudfront.net/imagery/assets/derivations/icon/256/256/true/eyJpZCI6IjI1NTBhNjYwNjA4MzYxMWJhYTE3OWUzYzhhNDBhMGM1Iiwic3RvcmFnZSI6InB1YmxpY19zdG9yZSJ9?signature=06028935e3998bf72ecbb8aa6ef9b356b848625a42b85b948e65d407f9bcba43
Pumpkin Butternut Cut,Pumpkin_Butternut_Cut.jpg,crisp_on_creek_fruit_veg_images,/category/vegetables,https://crisponcreek.com.au/lines/pumpkin-butternut-cut-kg,https://dtgxwmigmg3gc.cloudfront.net/imagery/assets/derivations/icon/256/256/true/eyJpZCI6ImQ1YzMzNjNjNGE4MGQ3NzEwNTAyNjg4ZGI4MDg1YmRlIiwic3RvcmFnZSI6InB1YmxpY19zdG9yZSJ9?signature=8f534c348210fccc40a735d27f575bf7d71f1632390a6bb1d0be323c8560d797
Pumpkin Jap,Pumpkin_Jap.jpg,crisp_on_creek_fruit_veg_images,/category/vegetables,https://crisponcreek.com.au/lines/pumpkin-jap-kg,https://dtgxwmigmg3gc.cloudfront.net/imagery/assets/derivations/icon/256/256/true/eyJpZCI6IjQyYzcxNGE0ZGUyYzM1Nzc2ZDU5NDY5MjI4NzU0ZmM0Iiwic3RvcmFnZSI6InB1YmxpY19zdG9yZSJ9?signature=745866c4e6b2eaf7a3d675b717f21b4a42248fef07dc11c9734838e07097a373
Pumpkin Jap Cut,Pumpkin_Jap_Cut.jpg,crisp_on_creek_fruit_veg_images,/category/vegetables,https://crisponcreek.com.au/lines/pumpkin-jap-cut-kg,https://dtgxwmigmg3gc.cloudfront.net/imagery/assets/derivations/icon/256/256/true/eyJpZCI6IjdiNTViZThjM2FjMWY2MjUyOWI1YTdjMzdiZGIzNDg4Iiwic3RvcmFnZSI6InB1YmxpY19zdG9yZSJ9?signature=2163ff425c896ce064997baa5212b1c14ad1b8088494e36c6698b1f79e2d94e9
Pumpkin Jarra,Pumpkin_Jarra.jpg,crisp_on_creek_fruit_veg_images,/category/vegetables,https://crisponcreek.com.au/lines/pumpkin-jarra-kg,https://dtgxwmigmg3gc.cloudfront.net/assets/no_image-2b66f888b650d4eb5136f9481a1bdba1f2c918331eba4030b603d2b62792e499.png
Pumpkin Jarra Cut,Pumpkin_Jarra_Cut.jpg,crisp_on_creek_fruit_veg_images,/category/vegetables,https://crisponcreek.com.au/lines/pumpkin-jarra-cut-kg,https://dtgxwmigmg3gc.cloudfront.net/assets/no_image-2b66f888b650d4eb5136f9481a1bdba1f2c918331eba4030b603d2b62792e499.png
Radish Long White Kg,Radish_Long_White_Kg.jpg,crisp_on_creek_fruit_veg_images,/category/vegetables,https://crisponcreek.com.au/lines/radish-long-white-kg,https://dtgxwmigmg3gc.cloudfront.net/assets/no_image-2b66f888b650d4eb5136f9481a1bdba1f2c918331eba4030b603d2b62792e499.png
Silverbeet Bunch,Silverbeet_Bunch.jpg,crisp_on_creek_fruit_veg_images,/category/vegetables,https://crisponcreek.com.au/lines/silverbeet-bunch,https://dtgxwmigmg3gc.cloudfront.net/imagery/assets/derivations/icon/256/256/true/eyJpZCI6IjE0NTllNTVhMTc4ZjA0Yzg5NWU5MDNhNzc2YTNiMDQwIiwic3RvcmFnZSI6InB1YmxpY19zdG9yZSJ9?signature=e82b92aeeba000dfd50ab0df599c41c40c29602a94fe8e8ca8a1922dc50acd4a
Snacking Raddish,Snacking_Raddish.jpg,crisp_on_creek_fruit_veg_images,/category/vegetables,https://crisponcreek.com.au/lines/snacking-radish,https://dtgxwmigmg3gc.cloudfront.net/imagery/assets/derivations/icon/256/256/true/eyJpZCI6IjQ2N2IyNDcwYWMyMGM3OWViODljNDJmNTU3MzhmMDNiLnBuZyIsInN0b3JhZ2UiOiJwdWJsaWNfc3RvcmUifQ?signature=b311b9c0aa3380b35d103504817ca5c8929d07ac9823fcec7098ae9cf63fe452
Special Sweet Potatoes,Special_Sweet_Potatoes.jpg,crisp_on_creek_fruit_veg_images,/category/vegetables,https://crisponcreek.com.au/lines/special-sweet-potatoes,https://dtgxwmigmg3gc.cloudfront.net/imagery/assets/derivations/icon/256/256/true/eyJpZCI6ImE0NTRmMTY4MTZmMGM2ZDhhNDg1NWZhNzRjZjA4MzM4Iiwic3RvcmFnZSI6InB1YmxpY19zdG9yZSJ9?signature=fa42cdf90690eeee2f51ae096449efcb92621c01515089a8488fbe2bdde5b826
Swedes,Swedes.jpg,crisp_on_creek_fruit_veg_images,/category/vegetables,https://crisponcreek.com.au/lines/swedes-kg,https://dtgxwmigmg3gc.cloudfront.net/imagery/assets/derivations/icon/256/256/true/eyJpZCI6IjExMDhkM2Y1ZDY4ODRkNDczMmVmZDczZTMzOWI4YzgyIiwic3RvcmFnZSI6InB1YmxpY19zdG9yZSJ9?signature=3f555ff65b73eccecc62107459b5b9ecd4accf874a3fda76caf5bdff2eca75fa
Tomatoes,Tomatoes.jpg,crisp_on_creek_fruit_veg_images,/category/vegetables,https://crisponcreek.com.au/lines/tomatoes-kg,https://dtgxwmigmg3gc.cloudfront.net/imagery/assets/derivations/icon/256/256/true/eyJpZCI6IjNjZGVjMDliNWE2NGFjOTM2OGE3MzczZTAyNTYyYzgzIiwic3RvcmFnZSI6InB1YmxpY19zdG9yZSJ9?signature=a54a1b3aa6cf5f0e078b4842102c500c253f33c582021084c7b89f86453ac268
Tomatoes Heirloom,Tomatoes_Heirloom.jpg,crisp_on_creek_fruit_veg_images,/category/vegetables,https://crisponcreek.com.au/lines/tomatoes-heirloom-kg,https://dtgxwmigmg3gc.cloudfront.net/imagery/assets/derivations/icon/256/256/true/eyJpZCI6IjIwNzE0MTI2MGEyNjE2ZWUwZmU5N2Y1ODQ0MjU1MDNjIiwic3RvcmFnZSI6InB1YmxpY19zdG9yZSJ9?signature=6be07497667ac8f6df22cc760438a3a41cc96d6affb2cdf2a257f580344ede4c
Tomatoes Roma/Egg,Tomatoes_RomaEgg.jpg,crisp_on_creek_fruit_veg_images,/category/vegetables,https://crisponcreek.com.au/lines/tomatoes-roma-egg-kg,https://dtgxwmigmg3gc.cloudfront.net/imagery/assets/derivations/icon/256/256/true/eyJpZCI6ImIxZWVmNmFlMzNjMDk0OWUwN2UyOTM0MDZlYThjNjM0Iiwic3RvcmFnZSI6InB1YmxpY19zdG9yZSJ9?signature=f38fd3fd7fab4482cbe1c18306c0e5c9e484274036cb4ce9abc44e82549591c3
Tomatoes Truss Vine,Tomatoes_Truss_Vine.jpg,crisp_on_creek_fruit_veg_images,/category/vegetables,https://crisponcreek.com.au/lines/tomatoes-truss-vine-kg,https://dtgxwmigmg3gc.cloudfront.net/imagery/assets/derivations/icon/256/256/true/eyJpZCI6IjJiYjZmNjNkY2VlMTE3ZGI3YTVmNjA1M2E0ZTZmZWY5Iiwic3RvcmFnZSI6InB1YmxpY19zdG9yZSJ9?signature=ad1bdbadf6e1d902e0668a4111e1a4c329989f3cdd223ca739f1cd2239c6ce77
Zucchini Large,Zucchini_Large.jpg,crisp_on_creek_fruit_veg_images,/category/vegetables,https://crisponcreek.com.au/lines/zucchini-lge-kg,https://dtgxwmigmg3gc.cloudfront.net/imagery/assets/derivations/icon/256/256/true/eyJpZCI6IjAwMzBhODJlNjM0ODM5MWU3YjIzMzYwYjQ5Nzk2YWYwIiwic3RvcmFnZSI6InB1YmxpY19zdG9yZSJ9?signature=faded1e000348773c3f33a0677cc84ab2aa0003fb75796b790a4e832c4c3df6a
Basil Large Bunch,Basil_Large_Bunch.jpg,crisp_on_creek_fruit_veg_images,/category/salad-herbs,https://crisponcreek.com.au/lines/basil-large-bunch,https://dtgxwmigmg3gc.cloudfront.net/imagery/assets/derivations/icon/256/256/true/eyJpZCI6IjdhM2ViZDUwNzFkMDk5NDAxMjRhZTUxNmEwYmZmOWM3Iiwic3RvcmFnZSI6InB1YmxpY19zdG9yZSJ9?signature=be9f05e382dd47daf4e55cdf3bc34b64285d01351679ff6bd4355e1897b2c032
Chives Bunch,Chives_Bunch.jpg,crisp_on_creek_fruit_veg_images,/category/salad-herbs,https://crisponcreek.com.au/lines/chives-bunch,https://dtgxwmigmg3gc.cloudfront.net/imagery/assets/derivations/icon/256/256/true/eyJpZCI6IjAwNWQxY2FmMDgyMTA1OTI4ZDkzMTdjYzgyMGVmNmYyIiwic3RvcmFnZSI6InB1YmxpY19zdG9yZSJ9?signature=e7fbed15ba73c4fe0871d57c7a66e0fe2c7dc51ed5d758b0a7624d336dfdab7d
Coriander Fresh Large Bunch,Coriander_Fresh_Large_Bunch.jpg,crisp_on_creek_fruit_veg_images,/category/salad-herbs,https://crisponcreek.com.au/lines/coriander-fresh-lge-bunch,https://dtgxwmigmg3gc.cloudfront.net/imagery/assets/derivations/icon/256/256/true/eyJpZCI6IjY1ZWUwZjZiODkzYTU4YWNkMDY1NGRjYWQyYTA0NjdmIiwic3RvcmFnZSI6InB1YmxpY19zdG9yZSJ9?signature=5271ebd126ba8cf6af59171a42ccc61d0aee8155a41f910cf30e381ccde1bca2
Dill Large Bunch,Dill_Large_Bunch.jpg,crisp_on_creek_fruit_veg_images,/category/salad-herbs,https://crisponcreek.com.au/lines/dill-large-bunch,https://dtgxwmigmg3gc.cloudfront.net/imagery/assets/derivations/icon/256/256/true/eyJpZCI6IjExZjJkZjVmZDU4YjYzZjkyYjUyYjc2NDFjNDA5NjEyIiwic3RvcmFnZSI6InB1YmxpY19zdG9yZSJ9?signature=22c465d0b20a32041ceebf859d71871769379e19ab3c6efd59184cd148b4de17
Large Herb Bunch,Large_Herb_Bunch.jpg,crisp_on_creek_fruit_veg_images,/category/salad-herbs,https://crisponcreek.com.au/lines/large-herb-bunch,https://dtgxwmigmg3gc.cloudfront.net/assets/no_image-2b66f888b650d4eb5136f9481a1bdba1f2c918331eba4030b603d2b62792e499.png
Lemon Grass,Lemon_Grass.jpg,crisp_on_creek_fruit_veg_images,/category/salad-herbs,https://crisponcreek.com.au/lines/lemon-grass,https://dtgxwmigmg3gc.cloudfront.net/imagery/assets/derivations/icon/256/256/true/eyJpZCI6IjdlZGQ4OTQ5MmVjYWFiODQ1MTA2N2I2NjdkODliZmM1Iiwic3RvcmFnZSI6InB1YmxpY19zdG9yZSJ9?signature=70efe501beb80d2d74c343a83ab59b0480967c3cb7ecf6b4c7b6aea817892f13
Mint Fresh Large,Mint_Fresh_Large.jpg,crisp_on_creek_fruit_veg_images,/category/salad-herbs,https://crisponcreek.com.au/lines/mint-fresh-large,https://dtgxwmigmg3gc.cloudfront.net/imagery/assets/derivations/icon/256/256/true/eyJpZCI6ImNiYzI4MTU0ZDNiNmUxNDA1ZGViNzg2MTUyOGU1ZDc5Iiwic3RvcmFnZSI6InB1YmxpY19zdG9yZSJ9?signature=3064355961e8afb18441eb9b7116ed22c8ab4b281bd7c00ded0c676b038f630e
Parsley Continental Bunch,Parsley_Continental_Bunch.jpg,crisp_on_creek_fruit_veg_images,/category/salad-herbs,https://crisponcreek.com.au/lines/parsley-continental-bunch,https://dtgxwmigmg3gc.cloudfront.net/imagery/assets/derivations/icon/256/256/true/eyJpZCI6IjJiNmI3MmMyM2JlNzlmYjJiYjFlZjg3ZjY5ODk2ZmFmIiwic3RvcmFnZSI6InB1YmxpY19zdG9yZSJ9?signature=fe4d56ce93e76a612d1fc7f3bc4ee442887198f4aa6d064e8ed4f0a4db660f9e
Parsley Curly Bunch,Parsley_Curly_Bunch.jpg,crisp_on_creek_fruit_veg_images,/category/salad-herbs,https://crisponcreek.com.au/lines/parsley-curly-bunch,https://dtgxwmigmg3gc.cloudfront.net/imagery/assets/derivations/icon/256/256/true/eyJpZCI6IjdlODhmODY2OWIzMmMwMjRhNGEyZjNjYmU3OGQ1ZmM5Iiwic3RvcmFnZSI6InB1YmxpY19zdG9yZSJ9?signature=8051db10697f52dc09b09266c75b23fdb9002031cef86d9e6b9f7b37847be6a6
Rosemary Bunch,Rosemary_Bunch.jpg,crisp_on_creek_fruit_veg_images,/category/salad-herbs,https://crisponcreek.com.au/lines/rosemary-bunch,https://dtgxwmigmg3gc.cloudfront.net/imagery/assets/derivations/icon/256/256/true/eyJpZCI6IjRlMDgzOGM5MmNjYzc0YWUzM2FkODEwYWRkMTM1Njg0Iiwic3RvcmFnZSI6InB1YmxpY19zdG9yZSJ9?signature=c6ecb91c922aa06bd59755a0ad5938c9c06deb1cd486dbe4a6b34f43ddcce18e
Aegean Fruit And Nut,Aegean_Fruit_And_Nut.jpg,crisp_on_creek_images,/category/nuts,https://crisponcreek.com.au/lines/aegean-fruit-and-nut-450g,https://dtgxwmigmg3gc.cloudfront.net/assets/no_image-2b66f888b650d4eb5136f9481a1bdba1f2c918331eba4030b603d2b62792e499.png
Aegean Natural Macadamias,Aegean_Natural_Macadamias.jpg,crisp_on_creek_images,/category/nuts,https://crisponcreek.com.au/lines/aegean-natural-macadamias-375g,https://dtgxwmigmg3gc.cloudfront.net/assets/no_image-2b66f888b650d4eb5136f9481a1bdba1f2c918331eba4030b603d2b62792e499.png
Aegean Salt Pistachios,Aegean_Salt_Pistachios.jpg,crisp_on_creek_images,/category/nuts,https://crisponcreek.com.au/lines/aegean-salt-pistachios-270g,https://dtgxwmigmg3gc.cloudfront.net/assets/no_image-2b66f888b650d4eb5136f9481a1bdba1f2c918331eba4030b603d2b62792e499.png
Aegean Walnuts,Aegean_Walnuts.jpg,crisp_on_creek_images,/category/nuts,https://crisponcreek.com.au/lines/aegean-walnuts-350g,https://dtgxwmigmg3gc.cloudfront.net/assets/no_image-2b66f888b650d4eb5136f9481a1bdba1f2c918331eba4030b603d2b62792e499.png
The Market Grocer Macadamias Honey,The_Market_Grocer_Macadamias_Honey.jpg,crisp_on_creek_images,/category/nuts,https://crisponcreek.com.au/lines/mark-groc-hony-macadamias-140g,https://dtgxwmigmg3gc.cloudfront.net/imagery/assets/derivations/icon/256/256/true/eyJpZCI6ImM2YTVjOTA3YWRmNTQzMGM0NzVkMGY1MzkwMzA1NmMzIiwic3RvcmFnZSI6InB1YmxpY19zdG9yZSJ9?signature=0c9522e185786536d603d7625ac7c1fa91ab44332173fee656f516a5d0b93d79
Walnuts,Walnuts.jpg,crisp_on_creek_images,/category/nuts,https://crisponcreek.com.au/lines/walnuts-1kg,https://dtgxwmigmg3gc.cloudfront.net/imagery/assets/derivations/icon/256/256/true/eyJpZCI6ImI4MDNkYjgzZWEwMWE2NjM2MjcxMjc0N2I0NGY3MzBmIiwic3RvcmFnZSI6InB1YmxpY19zdG9yZSJ9?signature=ad3b539e0a69c99b72814e5b06492cf28b37295bd8142d8960db18690c7dc085